PPO mode: train_every_n=20, training_iterations=10
Training with PPO on cuda for 60 epochs
2026-07-06 16:25 | WARNING  | The state dimension 4 of r0 is larger than the desired dimension 3, the state dimension is truncated
2026-07-06 16:25 | INFO     | Simulation environment 'robot_world' started. Step time 0.300 s.
2026-07-06 16:25 | WARNING  | robot_0 collided with obstacle_8 at state [9.84, 8.42, -0.13]
2026-07-06 16:25 | WARNING  | robot_0 collided with obstacle_8 at state [5.78, 9.8, 1.04]
2026-07-06 16:25 | WARNING  | robot_0 collided with obstacle_8 at state [9.8, 2.43, 0.24]
2026-07-06 16:25 | WARNING  | robot_0 collided with obstacle_8 at state [9.84, 9.18, 0.86]
2026-07-06 16:25 | WARNING  | robot_0 collided with obstacle_2 at state [2.33, 9.26, 1.52]
2026-07-06 16:25 | WARNING  | robot_0 collided with obstacle_4 at state [5.29, 7.59, -1.39]
2026-07-06 16:25 | WARNING  | robot_0 collided with obstacle_2 at state [3.16, 7.23, 1.16]
2026-07-06 16:25 | WARNING  | robot_0 collided with obstacle_8 at state [8.43, 0.18, -1.79]
2026-07-06 16:25 | WARNING  | robot_0 collided with obstacle_8 at state [9.82, 4.24, 0.09]
2026-07-06 16:25 | WARNING  | robot_0 collided with obstacle_4 at state [8.69, 6.89, 2.11]
2026-07-06 16:25 | WARNING  | robot_0 collided with obstacle_7 at state [7.9, 6.43, -0.28]
2026-07-06 16:25 | WARNING  | robot_0 collided with obstacle_1 at state [2.99, 6.73, 0.35]
2026-07-06 16:25 | WARNING  | robot_0 collided with obstacle_5 at state [6.36, 3.23, -0.58]
2026-07-06 16:25 | WARNING  | robot_0 collided with obstacle_8 at state [9.81, 8.36, 0.87]
2026-07-06 16:25 | WARNING  | robot_0 collided with obstacle_5 at state [4.35, 2.2, -0.23]
2026-07-06 16:25 | WARNING  | robot_0 collided with obstacle_8 at state [8.13, 9.88, 1.44]
2026-07-06 16:25 | WARNING  | robot_0 collided with obstacle_6 at state [7.6, 7.79, 0.78]
2026-07-06 16:25 | WARNING  | robot_0 collided with obstacle_8 at state [9.83, 6.32, -0.05]
2026-07-06 16:25 | WARNING  | robot_0 collided with obstacle_4 at state [3.41, 7.46, 0.86]
--------------------------------------------------------------------------------------------
setting actor output action_std to :  0.585
--------------------------------------------------------------------------------------------
2026-07-06 16:25 | WARNING  | robot_0 collided with obstacle_7 at state [4.25, 7.72, 2.94]
2026-07-06 16:25 | WARNING  | robot_0 collided with obstacle_3 at state [3.84, 5.44, 2.08]
2026-07-06 16:25 | WARNING  | robot_0 collided with obstacle_8 at state [9.87, 6.24, -0.52]
2026-07-06 16:25 | WARNING  | robot_0 collided with obstacle_8 at state [9.83, 6.37, -0.72]
2026-07-06 16:25 | WARNING  | robot_0 collided with obstacle_2 at state [7.0, 2.26, -0.03]
2026-07-06 16:25 | WARNING  | robot_0 collided with obstacle_5 at state [5.48, 5.42, -0.09]
2026-07-06 16:25 | WARNING  | robot_0 collided with obstacle_8 at state [8.96, 9.85, 2.27]
2026-07-06 16:25 | WARNING  | robot_0 collided with obstacle_2 at state [2.99, 4.11, 2.74]
2026-07-06 16:25 | WARNING  | robot_0 collided with obstacle_4 at state [8.09, 6.32, 0.36]
2026-07-06 16:25 | WARNING  | robot_0 collided with obstacle_8 at state [9.81, 3.83, 0.59]
2026-07-06 16:25 | WARNING  | robot_0 collided with obstacle_1 at state [3.01, 6.18, 1.52]
2026-07-06 16:25 | WARNING  | robot_0 collided with obstacle_8 at state [0.16, 4.15, -2.84]
2026-07-06 16:25 | WARNING  | robot_0 collided with obstacle_5 at state [7.02, 4.1, -1.11]
2026-07-06 16:26 | WARNING  | robot_0 collided with obstacle_8 at state [6.05, 9.89, 2.03]
2026-07-06 16:26 | WARNING  | robot_0 collided with obstacle_8 at state [9.83, 5.7, -0.66]
2026-07-06 16:26 | WARNING  | robot_0 collided with obstacle_8 at state [8.73, 9.89, 1.78]
2026-07-06 16:26 | WARNING  | robot_0 collided with obstacle_7 at state [6.6, 2.63, -0.19]
--------------------------------------------------------------------------------------------
setting actor output action_std to :  0.57
--------------------------------------------------------------------------------------------
2026-07-06 16:26 | WARNING  | robot_0 collided with obstacle_8 at state [9.8, 4.72, 1.31]
2026-07-06 16:26 | WARNING  | robot_0 collided with obstacle_8 at state [5.13, 9.81, 1.98]
2026-07-06 16:26 | WARNING  | robot_0 collided with obstacle_6 at state [9.55, 3.99, 1.76]
2026-07-06 16:26 | WARNING  | robot_0 collided with obstacle_8 at state [7.52, 9.91, 1.37]
2026-07-06 16:26 | WARNING  | robot_0 collided with obstacle_8 at state [9.81, 2.56, 1.15]
2026-07-06 16:26 | WARNING  | robot_0 collided with obstacle_6 at state [4.31, 6.51, -1.6]
2026-07-06 16:26 | WARNING  | robot_0 collided with obstacle_7 at state [8.46, 8.96, 0.23]
2026-07-06 16:26 | WARNING  | robot_0 collided with obstacle_1 at state [5.22, 4.63, 1.48]
2026-07-06 16:26 | WARNING  | robot_0 collided with obstacle_8 at state [9.85, 8.68, 0.0]
2026-07-06 16:26 | WARNING  | robot_0 collided with obstacle_7 at state [9.03, 1.41, 0.08]
2026-07-06 16:26 | WARNING  | robot_0 collided with obstacle_3 at state [8.06, 8.39, -2.49]
2026-07-06 16:26 | WARNING  | robot_0 collided with obstacle_3 at state [4.87, 7.0, -2.9]
2026-07-06 16:26 | WARNING  | robot_0 collided with obstacle_7 at state [5.91, 8.74, -2.61]
2026-07-06 16:26 | WARNING  | robot_0 collided with obstacle_7 at state [6.2, 2.77, -0.11]
2026-07-06 16:26 | WARNING  | robot_0 collided with obstacle_4 at state [7.87, 5.51, 0.85]
--------------------------------------------------------------------------------------------
setting actor output action_std to :  0.555
--------------------------------------------------------------------------------------------
2026-07-06 16:26 | WARNING  | robot_0 collided with obstacle_4 at state [5.5, 2.67, 0.39]
2026-07-06 16:26 | WARNING  | robot_0 collided with obstacle_7 at state [6.96, 2.95, -2.57]
2026-07-06 16:27 | WARNING  | robot_0 collided with obstacle_1 at state [3.56, 4.13, -2.14]
..............................................
Epoch 1. Evaluating scenarios
2026-07-06 16:27 | WARNING  | robot_0 collided with obstacle_8 at state [7.34, 9.86, 2.34]
2026-07-06 16:27 | WARNING  | robot_0 collided with obstacle_6 at state [2.41, 9.23, -2.64]
2026-07-06 16:27 | WARNING  | robot_0 collided with obstacle_3 at state [7.99, 6.2, 1.57]
2026-07-06 16:27 | WARNING  | robot_0 collided with obstacle_6 at state [2.54, 2.2, 0.84]
2026-07-06 16:27 | WARNING  | robot_0 collided with obstacle_6 at state [5.83, 1.84, 0.93]
2026-07-06 16:27 | WARNING  | robot_0 collided with obstacle_6 at state [5.43, 6.58, 0.78]
2026-07-06 16:27 | WARNING  | robot_0 collided with obstacle_1 at state [4.92, 5.85, -0.59]
2026-07-06 16:27 | WARNING  | robot_0 collided with obstacle_2 at state [8.6, 6.16, 1.96]
Average Reward: -50.18361171410116
Average Collision rate: 0.8
Average Goal rate: 0.2
..............................................
2026-07-06 16:27 | WARNING  | robot_0 collided with obstacle_7 at state [7.57, 6.01, -1.32]
2026-07-06 16:27 | WARNING  | robot_0 collided with obstacle_2 at state [4.9, 3.55, -1.57]
2026-07-06 16:27 | WARNING  | robot_0 collided with obstacle_4 at state [4.55, 9.05, 0.72]
2026-07-06 16:28 | WARNING  | robot_0 collided with obstacle_4 at state [5.76, 7.63, -2.5]
2026-07-06 16:28 | WARNING  | robot_0 collided with obstacle_5 at state [6.47, 1.86, 0.35]
2026-07-06 16:28 | WARNING  | robot_0 collided with obstacle_8 at state [9.82, 6.11, -0.0]
2026-07-06 16:28 | WARNING  | robot_0 collided with obstacle_3 at state [8.61, 7.51, 2.71]
2026-07-06 16:28 | WARNING  | robot_0 collided with obstacle_4 at state [6.33, 4.84, -1.47]
2026-07-06 16:28 | WARNING  | robot_0 collided with obstacle_6 at state [7.27, 6.15, -3.05]
2026-07-06 16:28 | WARNING  | robot_0 collided with obstacle_7 at state [6.04, 5.23, -2.2]
2026-07-06 16:28 | WARNING  | robot_0 collided with obstacle_5 at state [7.15, 5.96, -3.04]
2026-07-06 16:28 | WARNING  | robot_0 collided with obstacle_4 at state [6.44, 4.87, -0.03]
2026-07-06 16:28 | WARNING  | robot_0 collided with obstacle_3 at state [3.83, 6.86, 0.44]
--------------------------------------------------------------------------------------------
setting actor output action_std to :  0.54
--------------------------------------------------------------------------------------------
2026-07-06 16:28 | WARNING  | robot_0 collided with obstacle_8 at state [9.85, 7.93, -0.42]
2026-07-06 16:28 | WARNING  | robot_0 collided with obstacle_5 at state [8.6, 7.26, 2.76]
2026-07-06 16:28 | WARNING  | robot_0 collided with obstacle_2 at state [4.29, 5.89, 3.12]
2026-07-06 16:28 | WARNING  | robot_0 collided with obstacle_1 at state [5.44, 2.9, 2.53]
2026-07-06 16:28 | WARNING  | robot_0 collided with obstacle_5 at state [2.79, 8.02, 0.4]
2026-07-06 16:28 | WARNING  | robot_0 collided with obstacle_2 at state [7.67, 7.87, -1.14]
2026-07-06 16:28 | WARNING  | robot_0 collided with obstacle_2 at state [7.07, 2.61, -1.94]
2026-07-06 16:29 | WARNING  | robot_0 collided with obstacle_7 at state [4.16, 2.51, 3.04]
2026-07-06 16:29 | WARNING  | robot_0 collided with obstacle_8 at state [8.83, 0.1, -1.99]
2026-07-06 16:29 | WARNING  | robot_0 collided with obstacle_1 at state [3.14, 5.35, -1.83]
2026-07-06 16:29 | WARNING  | robot_0 collided with obstacle_5 at state [5.03, 3.97, -3.07]
2026-07-06 16:29 | WARNING  | robot_0 collided with obstacle_3 at state [5.97, 4.55, -0.56]
2026-07-06 16:29 | WARNING  | robot_0 collided with obstacle_2 at state [3.04, 5.93, 2.71]
--------------------------------------------------------------------------------------------
setting actor output action_std to :  0.525
--------------------------------------------------------------------------------------------
2026-07-06 16:29 | WARNING  | robot_0 collided with obstacle_8 at state [9.82, 2.49, 1.6]
2026-07-06 16:29 | WARNING  | robot_0 collided with obstacle_1 at state [3.65, 8.37, 1.85]
2026-07-06 16:29 | WARNING  | robot_0 collided with obstacle_5 at state [5.22, 6.18, -0.92]
2026-07-06 16:29 | WARNING  | robot_0 collided with obstacle_1 at state [2.22, 8.39, 2.06]
2026-07-06 16:29 | WARNING  | robot_0 collided with obstacle_7 at state [2.18, 2.34, -0.41]
2026-07-06 16:29 | WARNING  | robot_0 collided with obstacle_8 at state [9.82, 6.2, -1.15]
2026-07-06 16:29 | WARNING  | robot_0 collided with obstacle_4 at state [7.28, 9.29, 2.91]
2026-07-06 16:29 | WARNING  | robot_0 collided with obstacle_1 at state [6.48, 3.48, -0.59]
2026-07-06 16:29 | WARNING  | robot_0 collided with obstacle_5 at state [3.01, 5.95, -2.64]
2026-07-06 16:29 | WARNING  | robot_0 collided with obstacle_8 at state [9.8, 3.79, 1.18]
2026-07-06 16:29 | WARNING  | robot_0 collided with obstacle_4 at state [5.14, 6.66, -1.08]
2026-07-06 16:29 | WARNING  | robot_0 collided with obstacle_2 at state [8.04, 4.51, -0.56]
2026-07-06 16:29 | WARNING  | robot_0 collided with obstacle_5 at state [5.31, 4.66, 0.03]
2026-07-06 16:29 | WARNING  | robot_0 collided with obstacle_2 at state [8.35, 4.18, 2.79]
2026-07-06 16:29 | WARNING  | robot_0 collided with obstacle_6 at state [3.27, 2.27, 1.05]
2026-07-06 16:29 | WARNING  | robot_0 collided with obstacle_8 at state [9.83, 1.49, 0.52]
2026-07-06 16:29 | WARNING  | robot_0 collided with obstacle_2 at state [3.66, 6.6, -2.63]
--------------------------------------------------------------------------------------------
setting actor output action_std to :  0.51
--------------------------------------------------------------------------------------------
2026-07-06 16:29 | WARNING  | robot_0 collided with obstacle_6 at state [3.93, 5.16, 0.23]
2026-07-06 16:30 | WARNING  | robot_0 collided with obstacle_1 at state [5.28, 6.19, -3.12]
2026-07-06 16:30 | WARNING  | robot_0 collided with obstacle_6 at state [7.71, 1.73, -0.3]
2026-07-06 16:30 | WARNING  | robot_0 collided with obstacle_7 at state [7.13, 3.33, 0.01]
2026-07-06 16:30 | WARNING  | robot_0 collided with obstacle_8 at state [7.56, 0.17, -0.71]
..............................................
Epoch 2. Evaluating scenarios
2026-07-06 16:30 | WARNING  | robot_0 collided with obstacle_7 at state [2.29, 8.09, -2.28]
2026-07-06 16:30 | WARNING  | robot_0 collided with obstacle_1 at state [3.21, 4.21, -1.1]
2026-07-06 16:30 | WARNING  | robot_0 collided with obstacle_8 at state [0.14, 6.26, -2.31]
2026-07-06 16:30 | WARNING  | robot_0 collided with obstacle_5 at state [6.73, 5.94, -0.86]
2026-07-06 16:30 | WARNING  | robot_0 collided with obstacle_1 at state [3.56, 0.94, -0.22]
2026-07-06 16:30 | WARNING  | robot_0 collided with obstacle_4 at state [5.84, 6.68, 0.03]
2026-07-06 16:30 | WARNING  | robot_0 collided with obstacle_6 at state [6.04, 7.63, -2.48]
Average Reward: -38.38700057152668
Average Collision rate: 0.7
Average Goal rate: 0.2
..............................................
2026-07-06 16:30 | WARNING  | robot_0 collided with obstacle_2 at state [0.87, 7.98, -2.75]
2026-07-06 16:30 | WARNING  | robot_0 collided with obstacle_4 at state [5.05, 5.81, -1.73]
2026-07-06 16:31 | WARNING  | robot_0 collided with obstacle_8 at state [8.45, 0.2, -0.43]
2026-07-06 16:31 | WARNING  | robot_0 collided with obstacle_7 at state [8.48, 5.86, 2.44]
2026-07-06 16:31 | WARNING  | robot_0 collided with obstacle_8 at state [0.18, 7.26, -2.54]
2026-07-06 16:31 | WARNING  | robot_0 collided with obstacle_7 at state [5.63, 2.21, 0.29]
2026-07-06 16:31 | WARNING  | robot_0 collided with obstacle_7 at state [5.48, 2.12, -0.07]
2026-07-06 16:31 | WARNING  | robot_0 collided with obstacle_1 at state [8.11, 5.13, 1.5]
2026-07-06 16:31 | WARNING  | robot_0 collided with obstacle_2 at state [2.29, 4.67, 1.52]
2026-07-06 16:31 | WARNING  | robot_0 collided with obstacle_6 at state [2.81, 7.97, -2.93]
2026-07-06 16:31 | WARNING  | robot_0 collided with obstacle_6 at state [6.7, 5.81, 0.24]
2026-07-06 16:31 | WARNING  | robot_0 collided with obstacle_4 at state [5.21, 2.5, -2.52]
--------------------------------------------------------------------------------------------
setting actor output action_std to :  0.495
--------------------------------------------------------------------------------------------
2026-07-06 16:31 | WARNING  | robot_0 collided with obstacle_3 at state [5.97, 3.42, 1.45]
2026-07-06 16:32 | WARNING  | robot_0 collided with obstacle_5 at state [1.95, 2.15, 0.98]
2026-07-06 16:32 | WARNING  | robot_0 collided with obstacle_8 at state [0.12, 7.41, -2.08]
2026-07-06 16:32 | WARNING  | robot_0 collided with obstacle_8 at state [9.86, 2.11, 1.1]
2026-07-06 16:32 | WARNING  | robot_0 collided with obstacle_3 at state [4.7, 0.76, 0.29]
2026-07-06 16:32 | WARNING  | robot_0 collided with obstacle_3 at state [5.8, 5.75, 0.74]
2026-07-06 16:32 | WARNING  | robot_0 collided with obstacle_1 at state [4.1, 8.07, -2.55]
2026-07-06 16:32 | WARNING  | robot_0 collided with obstacle_2 at state [7.62, 5.56, -1.35]
2026-07-06 16:32 | WARNING  | robot_0 collided with obstacle_1 at state [3.77, 1.91, 0.51]
2026-07-06 16:32 | WARNING  | robot_0 collided with obstacle_1 at state [7.11, 2.29, 0.49]
--------------------------------------------------------------------------------------------
setting actor output action_std to :  0.48
--------------------------------------------------------------------------------------------
2026-07-06 16:32 | WARNING  | robot_0 collided with obstacle_6 at state [6.49, 3.76, -0.17]
2026-07-06 16:32 | WARNING  | robot_0 collided with obstacle_2 at state [4.02, 2.6, 0.93]
2026-07-06 16:32 | WARNING  | robot_0 collided with obstacle_4 at state [8.86, 6.3, 1.9]
2026-07-06 16:33 | WARNING  | robot_0 collided with obstacle_7 at state [6.44, 4.99, 2.25]
2026-07-06 16:33 | WARNING  | robot_0 collided with obstacle_2 at state [7.49, 6.46, 2.35]
2026-07-06 16:33 | WARNING  | robot_0 collided with obstacle_7 at state [5.74, 2.35, -1.06]
2026-07-06 16:33 | WARNING  | robot_0 collided with obstacle_8 at state [0.16, 9.08, -2.21]
--------------------------------------------------------------------------------------------
setting actor output action_std to :  0.465
--------------------------------------------------------------------------------------------
2026-07-06 16:33 | WARNING  | robot_0 collided with obstacle_8 at state [4.31, 0.11, -0.73]
2026-07-06 16:33 | WARNING  | robot_0 collided with obstacle_3 at state [7.41, 7.92, 3.05]
2026-07-06 16:33 | WARNING  | robot_0 collided with obstacle_6 at state [5.29, 4.46, 2.38]
2026-07-06 16:34 | WARNING  | robot_0 collided with obstacle_8 at state [5.93, 9.85, 2.49]
2026-07-06 16:34 | WARNING  | robot_0 collided with obstacle_7 at state [2.71, 3.44, 3.01]
2026-07-06 16:34 | WARNING  | robot_0 collided with obstacle_7 at state [2.47, 4.03, -1.16]
..............................................
Epoch 3. Evaluating scenarios
2026-07-06 16:34 | WARNING  | robot_0 collided with obstacle_8 at state [9.83, 5.19, 1.08]
2026-07-06 16:34 | WARNING  | robot_0 collided with obstacle_7 at state [2.19, 2.24, -0.43]
2026-07-06 16:34 | WARNING  | robot_0 collided with obstacle_3 at state [7.83, 5.49, 2.39]
2026-07-06 16:34 | WARNING  | robot_0 collided with obstacle_3 at state [6.59, 8.8, -0.1]
2026-07-06 16:34 | WARNING  | robot_0 collided with obstacle_3 at state [7.12, 6.43, -0.7]
2026-07-06 16:34 | WARNING  | robot_0 collided with obstacle_5 at state [5.56, 6.96, -2.83]
Average Reward: -29.541121314741737
Average Collision rate: 0.6
Average Goal rate: 0.2
..............................................
2026-07-06 16:34 | WARNING  | robot_0 collided with obstacle_2 at state [4.66, 8.07, -0.67]
2026-07-06 16:34 | WARNING  | robot_0 collided with obstacle_5 at state [6.25, 2.05, 0.74]
2026-07-06 16:34 | WARNING  | robot_0 collided with obstacle_4 at state [6.69, 4.28, 0.95]
2026-07-06 16:34 | WARNING  | robot_0 collided with obstacle_8 at state [9.81, 7.48, -0.78]
2026-07-06 16:34 | WARNING  | robot_0 collided with obstacle_2 at state [6.89, 5.58, -1.54]
2026-07-06 16:34 | WARNING  | robot_0 collided with obstacle_2 at state [4.55, 7.27, -0.2]
2026-07-06 16:34 | WARNING  | robot_0 collided with obstacle_3 at state [6.15, 7.11, -2.94]
2026-07-06 16:35 | WARNING  | robot_0 collided with obstacle_1 at state [3.78, 5.97, 0.56]
2026-07-06 16:35 | WARNING  | robot_0 collided with obstacle_8 at state [5.61, 9.81, 3.02]
2026-07-06 16:35 | WARNING  | robot_0 collided with obstacle_2 at state [3.58, 6.87, -0.45]
2026-07-06 16:35 | WARNING  | robot_0 collided with obstacle_4 at state [8.01, 3.99, -0.13]
2026-07-06 16:35 | WARNING  | robot_0 collided with obstacle_4 at state [5.71, 4.71, -0.18]
--------------------------------------------------------------------------------------------
setting actor output action_std to :  0.45
--------------------------------------------------------------------------------------------
2026-07-06 16:35 | WARNING  | robot_0 collided with obstacle_2 at state [5.89, 5.24, -0.34]
2026-07-06 16:35 | WARNING  | robot_0 collided with obstacle_2 at state [7.57, 6.24, 2.09]
2026-07-06 16:35 | WARNING  | robot_0 collided with obstacle_7 at state [4.21, 5.58, 1.37]
2026-07-06 16:35 | WARNING  | robot_0 collided with obstacle_4 at state [6.94, 3.83, -2.99]
2026-07-06 16:35 | WARNING  | robot_0 collided with obstacle_3 at state [5.99, 6.08, 0.19]
2026-07-06 16:35 | WARNING  | robot_0 collided with obstacle_8 at state [0.15, 8.5, -2.37]
2026-07-06 16:35 | WARNING  | robot_0 collided with obstacle_5 at state [3.52, 4.87, -0.24]
2026-07-06 16:35 | WARNING  | robot_0 collided with obstacle_5 at state [4.95, 7.11, -0.86]
2026-07-06 16:35 | WARNING  | robot_0 collided with obstacle_6 at state [3.25, 7.45, 0.53]
2026-07-06 16:35 | WARNING  | robot_0 collided with obstacle_8 at state [5.0, 9.81, -3.14]
2026-07-06 16:36 | WARNING  | robot_0 collided with obstacle_4 at state [8.98, 7.85, -1.87]
2026-07-06 16:36 | WARNING  | robot_0 collided with obstacle_8 at state [4.75, 0.19, 0.2]
--------------------------------------------------------------------------------------------
setting actor output action_std to :  0.435
--------------------------------------------------------------------------------------------
2026-07-06 16:36 | WARNING  | robot_0 collided with obstacle_2 at state [3.54, 8.47, -2.75]
2026-07-06 16:36 | WARNING  | robot_0 collided with obstacle_1 at state [6.22, 6.21, -1.57]
2026-07-06 16:36 | WARNING  | robot_0 collided with obstacle_8 at state [8.26, 9.81, 2.14]
2026-07-06 16:36 | WARNING  | robot_0 collided with obstacle_1 at state [6.36, 2.25, -0.33]
2026-07-06 16:36 | WARNING  | robot_0 collided with obstacle_4 at state [3.21, 5.64, -0.7]
2026-07-06 16:36 | WARNING  | robot_0 collided with obstacle_1 at state [5.41, 4.73, -1.51]
2026-07-06 16:36 | WARNING  | robot_0 collided with obstacle_5 at state [5.35, 6.15, -1.78]
2026-07-06 16:36 | WARNING  | robot_0 collided with obstacle_3 at state [5.6, 4.89, 2.74]
2026-07-06 16:36 | WARNING  | robot_0 collided with obstacle_5 at state [8.29, 5.1, -2.41]
2026-07-06 16:36 | WARNING  | robot_0 collided with obstacle_4 at state [5.57, 4.66, 1.07]
--------------------------------------------------------------------------------------------
setting actor output action_std to :  0.42
--------------------------------------------------------------------------------------------
2026-07-06 16:37 | WARNING  | robot_0 collided with obstacle_7 at state [5.65, 3.87, -2.81]
2026-07-06 16:37 | WARNING  | robot_0 collided with obstacle_6 at state [1.81, 6.88, -0.87]
2026-07-06 16:37 | WARNING  | robot_0 collided with obstacle_1 at state [2.37, 6.9, -0.25]
2026-07-06 16:37 | WARNING  | robot_0 collided with obstacle_7 at state [3.9, 3.59, 2.47]
..............................................
Epoch 4. Evaluating scenarios
2026-07-06 16:37 | WARNING  | robot_0 collided with obstacle_2 at state [6.15, 8.96, -2.94]
2026-07-06 16:37 | WARNING  | robot_0 collided with obstacle_3 at state [7.58, 3.29, 1.61]
2026-07-06 16:37 | WARNING  | robot_0 collided with obstacle_6 at state [1.71, 4.99, -1.43]
2026-07-06 16:37 | WARNING  | robot_0 collided with obstacle_7 at state [7.42, 3.61, 1.94]
2026-07-06 16:38 | WARNING  | robot_0 collided with obstacle_3 at state [8.0, 4.19, 3.03]
Average Reward: -13.658009439731785
Average Collision rate: 0.5
Average Goal rate: 0.2
..............................................
2026-07-06 16:38 | WARNING  | robot_0 collided with obstacle_6 at state [8.49, 3.74, 2.89]
2026-07-06 16:38 | WARNING  | robot_0 collided with obstacle_6 at state [3.03, 6.24, 2.21]
2026-07-06 16:38 | WARNING  | robot_0 collided with obstacle_4 at state [5.67, 5.87, -0.09]
2026-07-06 16:38 | WARNING  | robot_0 collided with obstacle_2 at state [2.16, 4.5, -1.42]
2026-07-06 16:38 | WARNING  | robot_0 collided with obstacle_8 at state [9.83, 1.93, 0.26]
2026-07-06 16:38 | WARNING  | robot_0 collided with obstacle_5 at state [6.55, 2.73, 1.02]
2026-07-06 16:38 | WARNING  | robot_0 collided with obstacle_6 at state [4.32, 6.27, -1.07]
2026-07-06 16:38 | WARNING  | robot_0 collided with obstacle_8 at state [9.86, 2.28, 0.72]
2026-07-06 16:38 | WARNING  | robot_0 collided with obstacle_4 at state [5.78, 4.1, -3.01]
2026-07-06 16:38 | WARNING  | robot_0 collided with obstacle_6 at state [8.05, 4.09, 2.04]
2026-07-06 16:39 | WARNING  | robot_0 collided with obstacle_2 at state [5.65, 7.02, 0.02]
--------------------------------------------------------------------------------------------
setting actor output action_std to :  0.405
--------------------------------------------------------------------------------------------
2026-07-06 16:39 | WARNING  | robot_0 collided with obstacle_5 at state [4.06, 2.53, 1.31]
2026-07-06 16:39 | WARNING  | robot_0 collided with obstacle_5 at state [8.01, 3.51, -3.13]
2026-07-06 16:39 | WARNING  | robot_0 collided with obstacle_4 at state [5.88, 6.18, 2.64]
2026-07-06 16:39 | WARNING  | robot_0 collided with obstacle_1 at state [6.29, 1.03, -0.22]
2026-07-06 16:39 | WARNING  | robot_0 collided with obstacle_7 at state [4.42, 9.24, -2.4]
2026-07-06 16:39 | WARNING  | robot_0 collided with obstacle_3 at state [7.42, 5.8, 1.12]
2026-07-06 16:39 | WARNING  | robot_0 collided with obstacle_5 at state [4.78, 3.84, -0.72]
2026-07-06 16:39 | WARNING  | robot_0 collided with obstacle_4 at state [2.78, 5.18, 2.01]
2026-07-06 16:39 | WARNING  | robot_0 collided with obstacle_4 at state [4.48, 8.76, -3.08]
--------------------------------------------------------------------------------------------
setting actor output action_std to :  0.39
--------------------------------------------------------------------------------------------
2026-07-06 16:40 | WARNING  | robot_0 collided with obstacle_6 at state [7.3, 5.39, 1.6]
2026-07-06 16:40 | WARNING  | robot_0 collided with obstacle_6 at state [4.15, 7.41, -0.39]
2026-07-06 16:40 | WARNING  | robot_0 collided with obstacle_1 at state [8.27, 5.6, 1.61]
2026-07-06 16:40 | WARNING  | robot_0 collided with obstacle_2 at state [4.91, 3.72, 1.95]
2026-07-06 16:40 | WARNING  | robot_0 collided with obstacle_3 at state [3.17, 7.42, -1.45]
2026-07-06 16:40 | WARNING  | robot_0 collided with obstacle_2 at state [5.31, 5.29, 0.06]
2026-07-06 16:40 | WARNING  | robot_0 collided with obstacle_4 at state [5.95, 2.4, -0.3]
2026-07-06 16:40 | WARNING  | robot_0 collided with obstacle_7 at state [8.09, 4.44, 2.0]
2026-07-06 16:40 | WARNING  | robot_0 collided with obstacle_7 at state [1.58, 2.52, 0.02]
2026-07-06 16:40 | WARNING  | robot_0 collided with obstacle_4 at state [6.93, 3.74, 1.29]
2026-07-06 16:40 | WARNING  | robot_0 collided with obstacle_6 at state [7.17, 4.74, -2.56]
--------------------------------------------------------------------------------------------
setting actor output action_std to :  0.375
--------------------------------------------------------------------------------------------
2026-07-06 16:41 | WARNING  | robot_0 collided with obstacle_4 at state [5.26, 6.33, -1.52]
2026-07-06 16:41 | WARNING  | robot_0 collided with obstacle_7 at state [4.82, 1.91, 1.5]
2026-07-06 16:41 | WARNING  | robot_0 collided with obstacle_4 at state [6.1, 3.47, -1.49]
2026-07-06 16:41 | WARNING  | robot_0 collided with obstacle_3 at state [5.78, 4.3, -1.89]
2026-07-06 16:41 | WARNING  | robot_0 collided with obstacle_4 at state [2.9, 6.11, -2.68]
..............................................
Epoch 5. Evaluating scenarios
2026-07-06 16:41 | WARNING  | robot_0 collided with obstacle_7 at state [8.35, 3.36, -2.76]
2026-07-06 16:41 | WARNING  | robot_0 collided with obstacle_5 at state [6.77, 2.63, 1.48]
2026-07-06 16:41 | WARNING  | robot_0 collided with obstacle_4 at state [5.76, 5.93, -0.78]
Average Reward: 14.695377023328074
Average Collision rate: 0.3
Average Goal rate: 0.4
..............................................
2026-07-06 16:42 | WARNING  | robot_0 collided with obstacle_3 at state [8.81, 4.64, 2.07]
2026-07-06 16:42 | WARNING  | robot_0 collided with obstacle_5 at state [6.3, 2.02, 2.67]
2026-07-06 16:42 | WARNING  | robot_0 collided with obstacle_6 at state [8.4, 5.46, 2.08]
2026-07-06 16:42 | WARNING  | robot_0 collided with obstacle_6 at state [2.76, 4.36, -0.45]
2026-07-06 16:42 | WARNING  | robot_0 collided with obstacle_1 at state [3.8, 2.35, 1.8]
2026-07-06 16:42 | WARNING  | robot_0 collided with obstacle_4 at state [7.2, 4.38, 2.43]
2026-07-06 16:42 | WARNING  | robot_0 collided with obstacle_4 at state [3.46, 3.76, 0.62]
2026-07-06 16:42 | WARNING  | robot_0 collided with obstacle_7 at state [6.68, 7.05, -2.66]
2026-07-06 16:42 | WARNING  | robot_0 collided with obstacle_7 at state [1.67, 5.1, -0.95]
2026-07-06 16:42 | WARNING  | robot_0 collided with obstacle_6 at state [6.26, 1.99, 0.33]
2026-07-06 16:42 | WARNING  | robot_0 collided with obstacle_7 at state [4.62, 7.78, 2.35]
--------------------------------------------------------------------------------------------
setting actor output action_std to :  0.36
--------------------------------------------------------------------------------------------
2026-07-06 16:43 | WARNING  | robot_0 collided with obstacle_6 at state [6.34, 7.34, -1.54]
2026-07-06 16:43 | WARNING  | robot_0 collided with obstacle_4 at state [5.1, 3.62, -1.71]
2026-07-06 16:43 | WARNING  | robot_0 collided with obstacle_2 at state [5.29, 7.83, -0.18]
2026-07-06 16:43 | WARNING  | robot_0 collided with obstacle_3 at state [5.55, 4.26, 2.63]
2026-07-06 16:43 | WARNING  | robot_0 collided with obstacle_7 at state [8.23, 5.59, -2.93]
2026-07-06 16:43 | WARNING  | robot_0 collided with obstacle_1 at state [3.99, 5.96, -0.07]
2026-07-06 16:44 | WARNING  | robot_0 collided with obstacle_1 at state [1.12, 4.78, -0.26]
2026-07-06 16:44 | WARNING  | robot_0 collided with obstacle_3 at state [7.25, 4.42, 2.06]
--------------------------------------------------------------------------------------------
setting actor output action_std to :  0.345
--------------------------------------------------------------------------------------------
2026-07-06 16:44 | WARNING  | robot_0 collided with obstacle_3 at state [4.7, 3.05, 1.11]
2026-07-06 16:44 | WARNING  | robot_0 collided with obstacle_1 at state [6.55, 7.21, 3.08]
2026-07-06 16:44 | WARNING  | robot_0 collided with obstacle_2 at state [5.34, 8.67, -2.35]
2026-07-06 16:44 | WARNING  | robot_0 collided with obstacle_4 at state [4.62, 7.32, -1.47]
2026-07-06 16:44 | WARNING  | robot_0 collided with obstacle_4 at state [5.71, 6.97, 2.6]
2026-07-06 16:44 | WARNING  | robot_0 collided with obstacle_2 at state [7.34, 4.73, 1.74]
2026-07-06 16:44 | WARNING  | robot_0 collided with obstacle_1 at state [3.44, 7.07, 2.81]
2026-07-06 16:44 | WARNING  | robot_0 collided with obstacle_3 at state [3.94, 3.76, 1.6]
2026-07-06 16:44 | WARNING  | robot_0 collided with obstacle_6 at state [3.17, 6.98, -0.38]
2026-07-06 16:44 | WARNING  | robot_0 collided with obstacle_5 at state [3.73, 3.35, 0.65]
2026-07-06 16:44 | WARNING  | robot_0 collided with obstacle_6 at state [5.69, 4.17, -0.18]
2026-07-06 16:44 | WARNING  | robot_0 collided with obstacle_5 at state [4.48, 5.98, 0.07]
2026-07-06 16:44 | WARNING  | robot_0 collided with obstacle_5 at state [3.09, 1.63, 0.72]
--------------------------------------------------------------------------------------------
setting actor output action_std to :  0.33
--------------------------------------------------------------------------------------------
2026-07-06 16:45 | WARNING  | robot_0 collided with obstacle_7 at state [1.04, 7.58, -1.62]
2026-07-06 16:45 | WARNING  | robot_0 collided with obstacle_7 at state [4.87, 4.85, 0.84]
2026-07-06 16:45 | WARNING  | robot_0 collided with obstacle_7 at state [6.83, 4.77, 0.5]
..............................................
Epoch 6. Evaluating scenarios
2026-07-06 16:45 | WARNING  | robot_0 collided with obstacle_4 at state [5.36, 8.59, 2.38]
2026-07-06 16:45 | WARNING  | robot_0 collided with obstacle_5 at state [3.0, 4.47, 0.62]
2026-07-06 16:45 | WARNING  | robot_0 collided with obstacle_2 at state [0.84, 6.92, -2.58]
2026-07-06 16:45 | WARNING  | robot_0 collided with obstacle_5 at state [7.96, 2.3, 0.75]
2026-07-06 16:45 | WARNING  | robot_0 collided with obstacle_6 at state [7.27, 4.62, -2.28]
2026-07-06 16:45 | WARNING  | robot_0 collided with obstacle_4 at state [5.0, 7.91, -0.23]
Average Reward: -23.341543558864895
Average Collision rate: 0.6
Average Goal rate: 0.2
..............................................
2026-07-06 16:46 | WARNING  | robot_0 collided with obstacle_8 at state [3.7, 0.2, -0.2]
2026-07-06 16:46 | WARNING  | robot_0 collided with obstacle_6 at state [8.29, 7.54, -2.51]
2026-07-06 16:46 | WARNING  | robot_0 collided with obstacle_2 at state [1.81, 1.39, -1.32]
2026-07-06 16:46 | WARNING  | robot_0 collided with obstacle_4 at state [3.58, 5.73, -0.02]
2026-07-06 16:46 | WARNING  | robot_0 collided with obstacle_7 at state [4.51, 4.58, 0.43]
2026-07-06 16:46 | WARNING  | robot_0 collided with obstacle_6 at state [7.25, 3.76, -1.22]
2026-07-06 16:46 | WARNING  | robot_0 collided with obstacle_7 at state [6.71, 7.18, -2.89]
--------------------------------------------------------------------------------------------
setting actor output action_std to :  0.315
--------------------------------------------------------------------------------------------
2026-07-06 16:47 | WARNING  | robot_0 collided with obstacle_7 at state [4.9, 5.67, -0.97]
2026-07-06 16:47 | WARNING  | robot_0 collided with obstacle_6 at state [2.03, 5.86, -1.75]
2026-07-06 16:47 | WARNING  | robot_0 collided with obstacle_3 at state [7.78, 3.93, -1.28]
2026-07-06 16:47 | WARNING  | robot_0 collided with obstacle_5 at state [6.5, 3.0, -2.31]
2026-07-06 16:47 | WARNING  | robot_0 collided with obstacle_2 at state [6.43, 7.74, -1.88]
2026-07-06 16:47 | WARNING  | robot_0 collided with obstacle_2 at state [6.61, 2.79, 0.68]
2026-07-06 16:47 | WARNING  | robot_0 collided with obstacle_6 at state [7.82, 3.8, -2.08]
2026-07-06 16:47 | WARNING  | robot_0 collided with obstacle_2 at state [8.35, 4.77, 2.91]
2026-07-06 16:47 | WARNING  | robot_0 collided with obstacle_2 at state [5.2, 9.11, -2.46]
2026-07-06 16:47 | WARNING  | robot_0 collided with obstacle_4 at state [5.77, 7.37, 0.2]
2026-07-06 16:47 | WARNING  | robot_0 collided with obstacle_5 at state [4.52, 2.16, 2.77]
2026-07-06 16:47 | WARNING  | robot_0 collided with obstacle_4 at state [1.79, 7.08, -0.8]
2026-07-06 16:47 | WARNING  | robot_0 collided with obstacle_2 at state [5.19, 6.04, -0.27]
--------------------------------------------------------------------------------------------
setting actor output action_std to :  0.3
--------------------------------------------------------------------------------------------
2026-07-06 16:47 | WARNING  | robot_0 collided with obstacle_2 at state [2.78, 5.98, -1.26]
2026-07-06 16:48 | WARNING  | robot_0 collided with obstacle_7 at state [2.46, 8.52, -0.72]
2026-07-06 16:48 | WARNING  | robot_0 collided with obstacle_3 at state [5.73, 4.23, 0.77]
2026-07-06 16:48 | WARNING  | robot_0 collided with obstacle_2 at state [8.97, 2.58, 3.0]
2026-07-06 16:48 | WARNING  | robot_0 collided with obstacle_5 at state [2.85, 5.39, 1.56]
2026-07-06 16:48 | WARNING  | robot_0 collided with obstacle_3 at state [4.7, 3.17, 0.93]
2026-07-06 16:48 | WARNING  | robot_0 collided with obstacle_4 at state [2.75, 4.67, -1.96]
2026-07-06 16:48 | WARNING  | robot_0 collided with obstacle_2 at state [5.95, 4.54, -0.3]
2026-07-06 16:48 | WARNING  | robot_0 collided with obstacle_6 at state [5.84, 2.55, 0.3]
2026-07-06 16:48 | WARNING  | robot_0 collided with obstacle_7 at state [1.1, 2.92, -1.35]
--------------------------------------------------------------------------------------------
setting actor output action_std to :  0.285
--------------------------------------------------------------------------------------------
2026-07-06 16:48 | WARNING  | robot_0 collided with obstacle_1 at state [5.64, 7.16, -0.65]
2026-07-06 16:48 | WARNING  | robot_0 collided with obstacle_1 at state [1.58, 2.53, -0.41]
2026-07-06 16:48 | WARNING  | robot_0 collided with obstacle_6 at state [3.15, 2.84, 1.09]
2026-07-06 16:48 | WARNING  | robot_0 collided with obstacle_4 at state [5.97, 1.8, 0.51]
2026-07-06 16:48 | WARNING  | robot_0 collided with obstacle_4 at state [2.09, 5.78, 0.11]
..............................................
Epoch 7. Evaluating scenarios
2026-07-06 16:49 | WARNING  | robot_0 collided with obstacle_5 at state [4.61, 1.71, 1.3]
2026-07-06 16:49 | WARNING  | robot_0 collided with obstacle_2 at state [4.08, 6.74, -1.13]
2026-07-06 16:49 | WARNING  | robot_0 collided with obstacle_7 at state [1.32, 3.62, -0.94]
2026-07-06 16:49 | WARNING  | robot_0 collided with obstacle_5 at state [3.25, 4.66, 1.72]
2026-07-06 16:49 | WARNING  | robot_0 collided with obstacle_7 at state [6.32, 3.11, 1.48]
2026-07-06 16:49 | WARNING  | robot_0 collided with obstacle_1 at state [0.81, 6.9, -0.62]
Average Reward: -23.688123183201647
Average Collision rate: 0.6
Average Goal rate: 0.3
..............................................
2026-07-06 16:49 | WARNING  | robot_0 collided with obstacle_3 at state [7.66, 1.93, -0.07]
2026-07-06 16:49 | WARNING  | robot_0 collided with obstacle_7 at state [8.12, 7.4, 2.26]
2026-07-06 16:49 | WARNING  | robot_0 collided with obstacle_2 at state [7.26, 2.85, -0.71]
2026-07-06 16:49 | WARNING  | robot_0 collided with obstacle_5 at state [4.84, 7.44, -0.05]
2026-07-06 16:49 | WARNING  | robot_0 collided with obstacle_5 at state [8.44, 6.72, -2.02]
2026-07-06 16:49 | WARNING  | robot_0 collided with obstacle_1 at state [2.88, 2.14, 0.25]
2026-07-06 16:49 | WARNING  | robot_0 collided with obstacle_2 at state [3.79, 4.85, -0.41]
2026-07-06 16:49 | WARNING  | robot_0 collided with obstacle_2 at state [2.91, 6.08, -0.52]
2026-07-06 16:50 | WARNING  | robot_0 collided with obstacle_6 at state [1.65, 7.24, -1.7]
2026-07-06 16:50 | WARNING  | robot_0 collided with obstacle_4 at state [8.12, 5.72, -3.09]
--------------------------------------------------------------------------------------------
setting actor output action_std to :  0.27
--------------------------------------------------------------------------------------------
2026-07-06 16:50 | WARNING  | robot_0 collided with obstacle_8 at state [7.31, 9.81, -3.08]
2026-07-06 16:50 | WARNING  | robot_0 collided with obstacle_1 at state [5.4, 7.17, -2.73]
2026-07-06 16:50 | WARNING  | robot_0 collided with obstacle_2 at state [2.88, 3.17, 2.71]
2026-07-06 16:50 | WARNING  | robot_0 collided with obstacle_3 at state [6.31, 5.63, -0.75]
2026-07-06 16:50 | WARNING  | robot_0 collided with obstacle_2 at state [5.81, 5.28, 0.35]
2026-07-06 16:50 | WARNING  | robot_0 collided with obstacle_6 at state [1.33, 4.77, -1.64]
2026-07-06 16:50 | WARNING  | robot_0 collided with obstacle_4 at state [4.72, 1.45, 0.06]
2026-07-06 16:50 | WARNING  | robot_0 collided with obstacle_3 at state [4.05, 4.62, -1.64]
2026-07-06 16:50 | WARNING  | robot_0 collided with obstacle_7 at state [2.0, 5.69, -0.62]
2026-07-06 16:50 | WARNING  | robot_0 collided with obstacle_2 at state [6.27, 3.82, 0.54]
2026-07-06 16:50 | WARNING  | robot_0 collided with obstacle_5 at state [5.85, 7.33, -2.68]
2026-07-06 16:50 | WARNING  | robot_0 collided with obstacle_5 at state [7.13, 8.1, -0.25]
--------------------------------------------------------------------------------------------
setting actor output action_std to :  0.255
--------------------------------------------------------------------------------------------
2026-07-06 16:51 | WARNING  | robot_0 collided with obstacle_7 at state [8.78, 3.79, 2.71]
2026-07-06 16:51 | WARNING  | robot_0 collided with obstacle_5 at state [3.58, 2.37, 1.19]
2026-07-06 16:51 | WARNING  | robot_0 collided with obstacle_2 at state [7.94, 5.0, 0.04]
2026-07-06 16:51 | WARNING  | robot_0 collided with obstacle_7 at state [5.56, 2.78, 0.93]
2026-07-06 16:51 | WARNING  | robot_0 collided with obstacle_7 at state [2.99, 1.89, -0.99]
2026-07-06 16:51 | WARNING  | robot_0 collided with obstacle_3 at state [7.5, 8.67, -1.56]
2026-07-06 16:51 | WARNING  | robot_0 collided with obstacle_1 at state [8.47, 8.02, -1.31]
2026-07-06 16:51 | WARNING  | robot_0 collided with obstacle_7 at state [6.78, 6.51, -2.24]
2026-07-06 16:51 | WARNING  | robot_0 collided with obstacle_1 at state [4.49, 6.92, -2.19]
--------------------------------------------------------------------------------------------
setting actor output action_std to :  0.24
--------------------------------------------------------------------------------------------
2026-07-06 16:52 | WARNING  | robot_0 collided with obstacle_4 at state [6.12, 5.96, 0.74]
2026-07-06 16:52 | WARNING  | robot_0 collided with obstacle_3 at state [8.1, 8.31, 2.53]
2026-07-06 16:52 | WARNING  | robot_0 collided with obstacle_7 at state [2.71, 7.65, -1.8]
2026-07-06 16:52 | WARNING  | robot_0 collided with obstacle_5 at state [1.49, 1.58, -0.64]
..............................................
Epoch 8. Evaluating scenarios
2026-07-06 16:52 | WARNING  | robot_0 collided with obstacle_5 at state [1.19, 6.7, -0.49]
2026-07-06 16:52 | WARNING  | robot_0 collided with obstacle_7 at state [1.99, 1.77, 0.46]
2026-07-06 16:52 | WARNING  | robot_0 collided with obstacle_8 at state [4.12, 9.81, 3.08]
2026-07-06 16:52 | WARNING  | robot_0 collided with obstacle_5 at state [5.36, 3.01, -2.68]
2026-07-06 16:52 | WARNING  | robot_0 collided with obstacle_2 at state [5.19, 2.92, 1.26]
Average Reward: 12.631173812382439
Average Collision rate: 0.5
Average Goal rate: 0.5
..............................................
2026-07-06 16:52 | WARNING  | robot_0 collided with obstacle_5 at state [7.13, 5.5, -1.62]
2026-07-06 16:52 | WARNING  | robot_0 collided with obstacle_2 at state [6.18, 1.96, 0.16]
2026-07-06 16:52 | WARNING  | robot_0 collided with obstacle_3 at state [5.36, 4.15, -0.48]
2026-07-06 16:53 | WARNING  | robot_0 collided with obstacle_7 at state [7.41, 1.61, 0.75]
2026-07-06 16:53 | WARNING  | robot_0 collided with obstacle_2 at state [8.52, 4.36, 2.73]
2026-07-06 16:53 | WARNING  | robot_0 collided with obstacle_3 at state [1.03, 4.97, 1.77]
2026-07-06 16:53 | WARNING  | robot_0 collided with obstacle_2 at state [1.03, 4.97, 1.77]
2026-07-06 16:53 | WARNING  | robot_0 collided with obstacle_2 at state [8.88, 6.8, 1.27]
2026-07-06 16:53 | WARNING  | robot_0 collided with obstacle_4 at state [3.69, 8.21, -1.69]
2026-07-06 16:53 | WARNING  | robot_0 collided with obstacle_3 at state [2.08, 5.98, 0.0]
2026-07-06 16:53 | WARNING  | robot_0 collided with obstacle_4 at state [4.16, 7.58, -1.98]
2026-07-06 16:53 | WARNING  | robot_0 collided with obstacle_4 at state [4.96, 2.89, 1.26]
--------------------------------------------------------------------------------------------
setting actor output action_std to :  0.225
--------------------------------------------------------------------------------------------
2026-07-06 16:53 | WARNING  | robot_0 collided with obstacle_6 at state [5.61, 3.33, 2.87]
2026-07-06 16:53 | WARNING  | robot_0 collided with obstacle_2 at state [6.46, 3.76, -0.42]
2026-07-06 16:53 | WARNING  | robot_0 collided with obstacle_1 at state [6.19, 8.19, -2.3]
2026-07-06 16:53 | WARNING  | robot_0 collided with obstacle_2 at state [7.76, 2.95, -2.83]
2026-07-06 16:53 | WARNING  | robot_0 collided with obstacle_6 at state [1.92, 1.51, 1.11]
2026-07-06 16:54 | WARNING  | robot_0 collided with obstacle_4 at state [6.18, 8.13, -2.84]
2026-07-06 16:54 | WARNING  | robot_0 collided with obstacle_3 at state [4.09, 5.35, -3.0]
2026-07-06 16:54 | WARNING  | robot_0 collided with obstacle_4 at state [5.1, 1.78, 0.65]
2026-07-06 16:54 | WARNING  | robot_0 collided with obstacle_3 at state [6.64, 5.41, 2.61]
2026-07-06 16:54 | WARNING  | robot_0 collided with obstacle_6 at state [2.28, 3.26, -0.1]
2026-07-06 16:54 | WARNING  | robot_0 collided with obstacle_4 at state [1.61, 3.41, -1.12]
2026-07-06 16:54 | WARNING  | robot_0 collided with obstacle_7 at state [6.09, 4.71, -1.77]
--------------------------------------------------------------------------------------------
setting actor output action_std to :  0.21
--------------------------------------------------------------------------------------------
2026-07-06 16:54 | WARNING  | robot_0 collided with obstacle_2 at state [6.14, 1.89, 0.79]
2026-07-06 16:54 | WARNING  | robot_0 collided with obstacle_4 at state [6.82, 4.08, 1.1]
2026-07-06 16:54 | WARNING  | robot_0 collided with obstacle_5 at state [9.18, 3.58, -3.1]
2026-07-06 16:54 | WARNING  | robot_0 collided with obstacle_7 at state [5.94, 4.55, 1.21]
2026-07-06 16:54 | WARNING  | robot_0 collided with obstacle_5 at state [6.33, 4.34, -1.53]
2026-07-06 16:54 | WARNING  | robot_0 collided with obstacle_7 at state [5.03, 5.87, -1.33]
2026-07-06 16:54 | WARNING  | robot_0 collided with obstacle_3 at state [3.87, 3.15, -0.02]
2026-07-06 16:55 | WARNING  | robot_0 collided with obstacle_2 at state [2.65, 8.32, -1.67]
2026-07-06 16:55 | WARNING  | robot_0 collided with obstacle_7 at state [2.47, 5.26, 1.55]
2026-07-06 16:55 | WARNING  | robot_0 collided with obstacle_7 at state [5.03, 5.15, 1.79]
2026-07-06 16:55 | WARNING  | robot_0 collided with obstacle_4 at state [5.17, 4.01, -1.92]
--------------------------------------------------------------------------------------------
setting actor output action_std to :  0.195
--------------------------------------------------------------------------------------------
2026-07-06 16:55 | WARNING  | robot_0 collided with obstacle_2 at state [1.56, 4.52, -1.7]
2026-07-06 16:55 | WARNING  | robot_0 collided with obstacle_6 at state [3.8, 1.74, 0.34]
2026-07-06 16:55 | WARNING  | robot_0 collided with obstacle_4 at state [8.42, 1.81, 0.65]
2026-07-06 16:55 | WARNING  | robot_0 collided with obstacle_6 at state [7.36, 3.56, -2.02]
2026-07-06 16:55 | WARNING  | robot_0 collided with obstacle_6 at state [3.34, 7.12, -0.97]
..............................................
Epoch 9. Evaluating scenarios
2026-07-06 16:55 | WARNING  | robot_0 collided with obstacle_1 at state [8.17, 6.4, 1.37]
2026-07-06 16:55 | WARNING  | robot_0 collided with obstacle_3 at state [0.86, 7.27, -1.6]
2026-07-06 16:55 | WARNING  | robot_0 collided with obstacle_7 at state [2.22, 4.59, -1.3]
2026-07-06 16:55 | WARNING  | robot_0 collided with obstacle_3 at state [2.59, 7.98, -1.99]
2026-07-06 16:55 | WARNING  | robot_0 collided with obstacle_1 at state [6.82, 5.38, 1.18]
2026-07-06 16:55 | WARNING  | robot_0 collided with obstacle_5 at state [7.28, 3.74, -2.28]
2026-07-06 16:55 | WARNING  | robot_0 collided with obstacle_5 at state [2.9, 2.48, 1.0]
2026-07-06 16:55 | WARNING  | robot_0 collided with obstacle_3 at state [2.06, 8.13, -2.09]
2026-07-06 16:55 | WARNING  | robot_0 collided with obstacle_6 at state [5.64, 6.12, -1.67]
Average Reward: -92.23059905173346
Average Collision rate: 0.9
Average Goal rate: 0.0
..............................................
2026-07-06 16:56 | WARNING  | robot_0 collided with obstacle_1 at state [6.74, 2.13, 0.97]
2026-07-06 16:56 | WARNING  | robot_0 collided with obstacle_6 at state [2.79, 6.29, -1.81]
2026-07-06 16:56 | WARNING  | robot_0 collided with obstacle_3 at state [7.61, 3.19, 1.08]
2026-07-06 16:56 | WARNING  | robot_0 collided with obstacle_1 at state [6.84, 6.2, 2.28]
2026-07-06 16:56 | WARNING  | robot_0 collided with obstacle_3 at state [4.55, 2.65, 0.79]
2026-07-06 16:56 | WARNING  | robot_0 collided with obstacle_7 at state [6.97, 3.69, 1.27]
2026-07-06 16:56 | WARNING  | robot_0 collided with obstacle_7 at state [5.81, 7.6, -2.5]
2026-07-06 16:57 | WARNING  | robot_0 collided with obstacle_6 at state [2.58, 2.4, 1.04]
2026-07-06 16:57 | WARNING  | robot_0 collided with obstacle_8 at state [8.15, 9.81, 2.34]
2026-07-06 16:57 | WARNING  | robot_0 collided with obstacle_5 at state [7.09, 7.61, -1.84]
2026-07-06 16:57 | WARNING  | robot_0 collided with obstacle_4 at state [5.33, 5.89, -2.05]
--------------------------------------------------------------------------------------------
setting actor output action_std to :  0.18
--------------------------------------------------------------------------------------------
2026-07-06 16:57 | WARNING  | robot_0 collided with obstacle_5 at state [5.47, 6.3, -2.34]
2026-07-06 16:57 | WARNING  | robot_0 collided with obstacle_5 at state [5.79, 7.12, -1.54]
2026-07-06 16:57 | WARNING  | robot_0 collided with obstacle_5 at state [3.84, 3.66, 2.82]
2026-07-06 16:57 | WARNING  | robot_0 collided with obstacle_1 at state [2.46, 6.67, -2.3]
2026-07-06 16:57 | WARNING  | robot_0 collided with obstacle_2 at state [2.9, 8.54, 0.71]
2026-07-06 16:57 | WARNING  | robot_0 collided with obstacle_2 at state [4.22, 5.37, -1.49]
2026-07-06 16:57 | WARNING  | robot_0 collided with obstacle_2 at state [1.15, 7.76, -0.17]
2026-07-06 16:58 | WARNING  | robot_0 collided with obstacle_7 at state [4.98, 3.53, -2.58]
2026-07-06 16:58 | WARNING  | robot_0 collided with obstacle_7 at state [0.88, 6.48, -1.4]
2026-07-06 16:58 | WARNING  | robot_0 collided with obstacle_6 at state [2.91, 7.86, -0.8]
--------------------------------------------------------------------------------------------
setting actor output action_std to :  0.165
--------------------------------------------------------------------------------------------
2026-07-06 16:58 | WARNING  | robot_0 collided with obstacle_2 at state [4.99, 5.55, 2.04]
2026-07-06 16:58 | WARNING  | robot_0 collided with obstacle_6 at state [8.06, 3.87, 1.35]
2026-07-06 16:58 | WARNING  | robot_0 collided with obstacle_2 at state [4.75, 6.29, -1.09]
2026-07-06 16:58 | WARNING  | robot_0 collided with obstacle_6 at state [3.22, 3.28, 0.7]
2026-07-06 16:58 | WARNING  | robot_0 collided with obstacle_3 at state [3.89, 7.19, -1.98]
2026-07-06 16:58 | WARNING  | robot_0 collided with obstacle_1 at state [2.46, 1.13, 0.53]
2026-07-06 16:58 | WARNING  | robot_0 collided with obstacle_4 at state [6.22, 3.25, -1.51]
2026-07-06 16:59 | WARNING  | robot_0 collided with obstacle_4 at state [6.58, 7.09, -2.31]
2026-07-06 16:59 | WARNING  | robot_0 collided with obstacle_1 at state [7.94, 4.35, 1.73]
--------------------------------------------------------------------------------------------
setting actor output action_std to :  0.15
--------------------------------------------------------------------------------------------
2026-07-06 16:59 | WARNING  | robot_0 collided with obstacle_3 at state [6.52, 2.27, 2.14]
2026-07-06 16:59 | WARNING  | robot_0 collided with obstacle_4 at state [7.65, 5.86, 2.41]
2026-07-06 16:59 | WARNING  | robot_0 collided with obstacle_2 at state [4.51, 3.86, 1.78]
2026-07-06 16:59 | WARNING  | robot_0 collided with obstacle_2 at state [6.84, 6.81, 2.73]
..............................................
Epoch 10. Evaluating scenarios
2026-07-06 16:59 | WARNING  | robot_0 collided with obstacle_2 at state [3.66, 1.09, -0.3]
2026-07-06 16:59 | WARNING  | robot_0 collided with obstacle_3 at state [3.33, 5.38, 0.81]
2026-07-06 16:59 | WARNING  | robot_0 collided with obstacle_3 at state [7.14, 5.24, 1.95]
2026-07-06 17:00 | WARNING  | robot_0 collided with obstacle_7 at state [8.56, 6.45, -2.69]
Average Reward: -3.0151487911106685
Average Collision rate: 0.4
Average Goal rate: 0.0
..............................................
2026-07-06 17:00 | WARNING  | robot_0 collided with obstacle_7 at state [2.78, 6.45, 2.84]
2026-07-06 17:00 | WARNING  | robot_0 collided with obstacle_3 at state [1.98, 7.98, -2.45]
2026-07-06 17:00 | WARNING  | robot_0 collided with obstacle_4 at state [5.57, 8.06, -2.07]
2026-07-06 17:00 | WARNING  | robot_0 collided with obstacle_4 at state [3.56, 4.15, -2.93]
2026-07-06 17:00 | WARNING  | robot_0 collided with obstacle_6 at state [0.83, 6.16, -1.64]
2026-07-06 17:00 | WARNING  | robot_0 collided with obstacle_2 at state [7.36, 7.4, 2.93]
2026-07-06 17:00 | WARNING  | robot_0 collided with obstacle_2 at state [4.6, 4.31, -1.32]
2026-07-06 17:00 | WARNING  | robot_0 collided with obstacle_1 at state [1.04, 6.8, -1.61]
2026-07-06 17:01 | WARNING  | robot_0 collided with obstacle_2 at state [6.57, 5.54, -2.1]
2026-07-06 17:01 | WARNING  | robot_0 collided with obstacle_1 at state [6.96, 8.73, -1.76]
2026-07-06 17:01 | WARNING  | robot_0 collided with obstacle_8 at state [0.15, 8.78, -2.13]
2026-07-06 17:01 | WARNING  | robot_0 collided with obstacle_6 at state [2.64, 3.98, 1.63]
2026-07-06 17:01 | WARNING  | robot_0 collided with obstacle_8 at state [9.81, 1.15, 0.32]
2026-07-06 17:01 | WARNING  | robot_0 collided with obstacle_1 at state [9.26, 7.25, -1.47]
--------------------------------------------------------------------------------------------
setting actor output action_std to :  0.135
--------------------------------------------------------------------------------------------
2026-07-06 17:01 | WARNING  | robot_0 collided with obstacle_8 at state [8.65, 9.84, 2.57]
2026-07-06 17:01 | WARNING  | robot_0 collided with obstacle_2 at state [3.09, 2.02, -0.6]
2026-07-06 17:01 | WARNING  | robot_0 collided with obstacle_3 at state [1.14, 3.0, -0.99]
2026-07-06 17:01 | WARNING  | robot_0 collided with obstacle_3 at state [6.27, 2.17, 0.21]
2026-07-06 17:01 | WARNING  | robot_0 collided with obstacle_4 at state [2.8, 9.0, 0.0]
2026-07-06 17:01 | WARNING  | robot_0 collided with obstacle_5 at state [6.66, 9.41, -1.82]
2026-07-06 17:01 | WARNING  | robot_0 collided with obstacle_3 at state [4.79, 3.02, -2.86]
2026-07-06 17:01 | WARNING  | robot_0 collided with obstacle_1 at state [6.24, 4.51, 2.23]
2026-07-06 17:01 | WARNING  | robot_0 collided with obstacle_1 at state [5.32, 1.34, 0.43]
2026-07-06 17:02 | WARNING  | robot_0 collided with obstacle_3 at state [1.67, 3.94, -2.2]
2026-07-06 17:02 | WARNING  | robot_0 collided with obstacle_3 at state [3.34, 8.35, -0.29]
2026-07-06 17:02 | WARNING  | robot_0 collided with obstacle_6 at state [4.35, 6.28, 2.75]
--------------------------------------------------------------------------------------------
setting actor output action_std to :  0.12
--------------------------------------------------------------------------------------------
2026-07-06 17:02 | WARNING  | robot_0 collided with obstacle_3 at state [7.1, 8.04, 3.03]
2026-07-06 17:02 | WARNING  | robot_0 collided with obstacle_4 at state [7.85, 8.55, -0.08]
2026-07-06 17:02 | WARNING  | robot_0 collided with obstacle_6 at state [5.23, 8.42, -2.81]
2026-07-06 17:02 | WARNING  | robot_0 collided with obstacle_4 at state [6.65, 7.43, -3.07]
2026-07-06 17:02 | WARNING  | robot_0 collided with obstacle_7 at state [3.99, 3.74, 1.14]
2026-07-06 17:02 | WARNING  | robot_0 collided with obstacle_7 at state [7.44, 3.21, 3.02]
2026-07-06 17:02 | WARNING  | robot_0 collided with obstacle_5 at state [3.7, 2.76, 0.87]
2026-07-06 17:02 | WARNING  | robot_0 collided with obstacle_1 at state [6.35, 6.01, 2.99]
2026-07-06 17:02 | WARNING  | robot_0 collided with obstacle_2 at state [2.3, 3.84, 0.98]
2026-07-06 17:02 | WARNING  | robot_0 collided with obstacle_7 at state [5.35, 2.23, 1.39]
2026-07-06 17:02 | WARNING  | robot_0 collided with obstacle_6 at state [5.99, 8.6, -1.95]
2026-07-06 17:02 | WARNING  | robot_0 collided with obstacle_4 at state [9.64, 3.71, 1.35]
--------------------------------------------------------------------------------------------
setting actor output action_std to :  0.105
--------------------------------------------------------------------------------------------
2026-07-06 17:02 | WARNING  | robot_0 collided with obstacle_1 at state [2.87, 7.1, -1.66]
2026-07-06 17:03 | WARNING  | robot_0 collided with obstacle_6 at state [2.68, 8.01, -1.87]
2026-07-06 17:03 | WARNING  | robot_0 collided with obstacle_4 at state [2.35, 6.82, -1.31]
2026-07-06 17:03 | WARNING  | robot_0 collided with obstacle_4 at state [5.82, 6.75, -0.51]
2026-07-06 17:03 | WARNING  | robot_0 collided with obstacle_6 at state [6.38, 1.43, 1.37]
..............................................
Epoch 11. Evaluating scenarios
2026-07-06 17:03 | WARNING  | robot_0 collided with obstacle_5 at state [8.09, 6.63, -1.8]
2026-07-06 17:03 | WARNING  | robot_0 collided with obstacle_5 at state [6.14, 1.68, 1.42]
2026-07-06 17:03 | WARNING  | robot_0 collided with obstacle_2 at state [5.13, 4.72, -2.32]
2026-07-06 17:03 | WARNING  | robot_0 collided with obstacle_6 at state [8.31, 7.22, 2.05]
2026-07-06 17:03 | WARNING  | robot_0 collided with obstacle_6 at state [8.43, 5.6, -1.12]
2026-07-06 17:03 | WARNING  | robot_0 collided with obstacle_3 at state [6.28, 3.88, 1.74]
2026-07-06 17:03 | WARNING  | robot_0 collided with obstacle_5 at state [0.93, 5.4, -1.04]
Average Reward: -40.355281299746
Average Collision rate: 0.7
Average Goal rate: 0.2
..............................................
2026-07-06 17:03 | WARNING  | robot_0 collided with obstacle_7 at state [7.19, 1.68, -0.52]
2026-07-06 17:03 | WARNING  | robot_0 collided with obstacle_6 at state [7.05, 1.75, 1.55]
2026-07-06 17:03 | WARNING  | robot_0 collided with obstacle_2 at state [5.29, 7.52, 0.15]
2026-07-06 17:03 | WARNING  | robot_0 collided with obstacle_4 at state [2.29, 3.47, -0.86]
2026-07-06 17:03 | WARNING  | robot_0 collided with obstacle_7 at state [7.77, 4.68, -2.24]
2026-07-06 17:04 | WARNING  | robot_0 collided with obstacle_6 at state [2.73, 1.26, -0.59]
2026-07-06 17:04 | WARNING  | robot_0 collided with obstacle_3 at state [1.43, 6.88, -0.95]
2026-07-06 17:04 | WARNING  | robot_0 collided with obstacle_3 at state [2.47, 3.43, -0.95]
2026-07-06 17:04 | WARNING  | robot_0 collided with obstacle_5 at state [7.3, 9.25, 3.01]
2026-07-06 17:04 | WARNING  | robot_0 collided with obstacle_4 at state [7.55, 3.42, -0.93]
--------------------------------------------------------------------------------------------
setting actor output action_std to min_action_std :  0.1
--------------------------------------------------------------------------------------------
2026-07-06 17:04 | WARNING  | robot_0 collided with obstacle_7 at state [6.65, 5.0, 2.59]
2026-07-06 17:04 | WARNING  | robot_0 collided with obstacle_6 at state [8.91, 4.07, 2.14]
2026-07-06 17:04 | WARNING  | robot_0 collided with obstacle_7 at state [2.83, 7.78, -2.14]
2026-07-06 17:04 | WARNING  | robot_0 collided with obstacle_2 at state [6.67, 5.68, 3.09]
2026-07-06 17:04 | WARNING  | robot_0 collided with obstacle_4 at state [8.78, 5.6, 2.65]
2026-07-06 17:04 | WARNING  | robot_0 collided with obstacle_2 at state [6.2, 5.77, -2.36]
2026-07-06 17:04 | WARNING  | robot_0 collided with obstacle_7 at state [2.06, 5.21, -1.62]
2026-07-06 17:05 | WARNING  | robot_0 collided with obstacle_3 at state [5.9, 4.63, 2.75]
2026-07-06 17:05 | WARNING  | robot_0 collided with obstacle_3 at state [3.84, 5.18, 0.28]
2026-07-06 17:05 | WARNING  | robot_0 collided with obstacle_8 at state [7.44, 9.83, 2.85]
2026-07-06 17:05 | WARNING  | robot_0 collided with obstacle_3 at state [8.84, 8.02, 1.68]
2026-07-06 17:05 | WARNING  | robot_0 collided with obstacle_2 at state [5.1, 5.05, -2.91]
2026-07-06 17:05 | WARNING  | robot_0 collided with obstacle_8 at state [9.8, 4.57, 1.43]
2026-07-06 17:05 | WARNING  | robot_0 collided with obstacle_1 at state [5.73, 6.0, -3.02]
--------------------------------------------------------------------------------------------
setting actor output action_std to min_action_std :  0.1
--------------------------------------------------------------------------------------------
2026-07-06 17:05 | WARNING  | robot_0 collided with obstacle_4 at state [2.35, 4.16, -0.2]
2026-07-06 17:05 | WARNING  | robot_0 collided with obstacle_6 at state [3.42, 8.26, -2.65]
2026-07-06 17:05 | WARNING  | robot_0 collided with obstacle_6 at state [6.44, 3.27, 0.7]
2026-07-06 17:05 | WARNING  | robot_0 collided with obstacle_2 at state [7.38, 0.66, 0.49]
2026-07-06 17:05 | WARNING  | robot_0 collided with obstacle_3 at state [3.06, 8.06, -0.8]
2026-07-06 17:05 | WARNING  | robot_0 collided with obstacle_2 at state [6.61, 5.85, 3.13]
2026-07-06 17:05 | WARNING  | robot_0 collided with obstacle_1 at state [3.68, 1.09, -0.49]
2026-07-06 17:05 | WARNING  | robot_0 collided with obstacle_6 at state [4.57, 4.74, 1.19]
2026-07-06 17:05 | WARNING  | robot_0 collided with obstacle_5 at state [5.23, 8.24, -3.07]
2026-07-06 17:06 | WARNING  | robot_0 collided with obstacle_7 at state [8.66, 7.08, -2.11]
2026-07-06 17:06 | WARNING  | robot_0 collided with obstacle_3 at state [2.77, 3.16, -0.62]
2026-07-06 17:06 | WARNING  | robot_0 collided with obstacle_3 at state [5.38, 3.31, 1.86]
--------------------------------------------------------------------------------------------
setting actor output action_std to min_action_std :  0.1
--------------------------------------------------------------------------------------------
2026-07-06 17:06 | WARNING  | robot_0 collided with obstacle_4 at state [3.21, 5.73, 0.14]
2026-07-06 17:06 | WARNING  | robot_0 collided with obstacle_6 at state [2.84, 7.75, -1.16]
2026-07-06 17:06 | WARNING  | robot_0 collided with obstacle_2 at state [8.72, 2.01, -1.06]
2026-07-06 17:06 | WARNING  | robot_0 collided with obstacle_1 at state [0.7, 8.12, -1.84]
2026-07-06 17:06 | WARNING  | robot_0 collided with obstacle_4 at state [5.52, 6.85, -2.87]
..............................................
Epoch 12. Evaluating scenarios
2026-07-06 17:06 | WARNING  | robot_0 collided with obstacle_3 at state [6.6, 6.02, -1.41]
2026-07-06 17:06 | WARNING  | robot_0 collided with obstacle_8 at state [7.72, 9.81, 2.89]
2026-07-06 17:07 | WARNING  | robot_0 collided with obstacle_1 at state [3.03, 2.7, 0.6]
2026-07-06 17:07 | WARNING  | robot_0 collided with obstacle_4 at state [2.42, 5.67, -1.49]
2026-07-06 17:07 | WARNING  | robot_0 collided with obstacle_6 at state [7.1, 2.18, 0.22]
2026-07-06 17:07 | WARNING  | robot_0 collided with obstacle_8 at state [0.48, 0.17, -2.02]
2026-07-06 17:07 | WARNING  | robot_0 collided with obstacle_6 at state [3.47, 2.68, 1.63]
2026-07-06 17:07 | WARNING  | robot_0 collided with obstacle_3 at state [5.45, 3.97, 3.05]
Average Reward: -76.89804711624186
Average Collision rate: 0.8
Average Goal rate: 0.0
..............................................
2026-07-06 17:07 | WARNING  | robot_0 collided with obstacle_4 at state [4.94, 1.45, 0.15]
2026-07-06 17:07 | WARNING  | robot_0 collided with obstacle_2 at state [7.56, 3.24, 0.63]
2026-07-06 17:07 | WARNING  | robot_0 collided with obstacle_3 at state [4.43, 7.09, -2.48]
2026-07-06 17:07 | WARNING  | robot_0 collided with obstacle_6 at state [7.15, 6.77, 2.66]
2026-07-06 17:07 | WARNING  | robot_0 collided with obstacle_5 at state [3.92, 6.36, -1.34]
2026-07-06 17:07 | WARNING  | robot_0 collided with obstacle_5 at state [6.88, 4.27, -1.62]
2026-07-06 17:07 | WARNING  | robot_0 collided with obstacle_3 at state [3.77, 5.92, -1.9]
2026-07-06 17:08 | WARNING  | robot_0 collided with obstacle_5 at state [6.29, 6.65, 2.64]
2026-07-06 17:08 | WARNING  | robot_0 collided with obstacle_7 at state [2.29, 1.54, 0.09]
2026-07-06 17:08 | WARNING  | robot_0 collided with obstacle_2 at state [4.17, 5.32, -0.22]
2026-07-06 17:08 | WARNING  | robot_0 collided with obstacle_2 at state [6.23, 5.89, 2.85]
2026-07-06 17:08 | WARNING  | robot_0 collided with obstacle_5 at state [2.27, 5.04, -0.39]
2026-07-06 17:08 | WARNING  | robot_0 collided with obstacle_4 at state [5.33, 8.93, -2.78]
--------------------------------------------------------------------------------------------
setting actor output action_std to min_action_std :  0.1
--------------------------------------------------------------------------------------------
2026-07-06 17:08 | WARNING  | robot_0 collided with obstacle_6 at state [0.95, 7.72, -0.71]
2026-07-06 17:08 | WARNING  | robot_0 collided with obstacle_6 at state [5.54, 1.4, 0.15]
2026-07-06 17:08 | WARNING  | robot_0 collided with obstacle_7 at state [7.96, 7.15, 2.74]
2026-07-06 17:08 | WARNING  | robot_0 collided with obstacle_8 at state [8.29, 9.81, 1.97]
2026-07-06 17:08 | WARNING  | robot_0 collided with obstacle_8 at state [7.39, 9.82, 2.57]
2026-07-06 17:08 | WARNING  | robot_0 collided with obstacle_4 at state [4.76, 6.33, -1.77]
2026-07-06 17:09 | WARNING  | robot_0 collided with obstacle_5 at state [6.21, 7.93, -2.62]
2026-07-06 17:09 | WARNING  | robot_0 collided with obstacle_7 at state [4.37, 6.14, 0.23]
2026-07-06 17:09 | WARNING  | robot_0 collided with obstacle_3 at state [8.34, 6.2, -2.48]
2026-07-06 17:09 | WARNING  | robot_0 collided with obstacle_7 at state [5.44, 2.33, 0.14]
2026-07-06 17:09 | WARNING  | robot_0 collided with obstacle_7 at state [4.32, 4.42, 1.0]
2026-07-06 17:09 | WARNING  | robot_0 collided with obstacle_4 at state [4.47, 7.4, 0.04]
2026-07-06 17:09 | WARNING  | robot_0 collided with obstacle_4 at state [4.06, 8.32, -0.47]
--------------------------------------------------------------------------------------------
setting actor output action_std to min_action_std :  0.1
--------------------------------------------------------------------------------------------
2026-07-06 17:09 | WARNING  | robot_0 collided with obstacle_5 at state [7.87, 5.22, 1.32]
2026-07-06 17:09 | WARNING  | robot_0 collided with obstacle_4 at state [2.98, 7.52, -2.82]
2026-07-06 17:09 | WARNING  | robot_0 collided with obstacle_7 at state [6.9, 1.37, -2.97]
2026-07-06 17:09 | WARNING  | robot_0 collided with obstacle_2 at state [7.93, 1.69, 1.27]
2026-07-06 17:09 | WARNING  | robot_0 collided with obstacle_6 at state [5.08, 8.76, -1.72]
2026-07-06 17:09 | WARNING  | robot_0 collided with obstacle_2 at state [2.53, 5.06, 0.35]
2026-07-06 17:09 | WARNING  | robot_0 collided with obstacle_4 at state [5.44, 8.62, -0.68]
2026-07-06 17:09 | WARNING  | robot_0 collided with obstacle_5 at state [4.84, 7.84, -0.98]
2026-07-06 17:09 | WARNING  | robot_0 collided with obstacle_7 at state [1.21, 4.67, -0.82]
2026-07-06 17:09 | WARNING  | robot_0 collided with obstacle_4 at state [4.06, 4.12, 0.22]
--------------------------------------------------------------------------------------------
setting actor output action_std to min_action_std :  0.1
--------------------------------------------------------------------------------------------
2026-07-06 17:10 | WARNING  | robot_0 collided with obstacle_5 at state [8.95, 6.51, -2.11]
2026-07-06 17:10 | WARNING  | robot_0 collided with obstacle_7 at state [1.38, 6.12, -1.61]
2026-07-06 17:10 | WARNING  | robot_0 collided with obstacle_8 at state [9.8, 1.8, 1.51]
2026-07-06 17:10 | WARNING  | robot_0 collided with obstacle_7 at state [7.41, 8.96, -2.0]
..............................................
Epoch 13. Evaluating scenarios
2026-07-06 17:10 | WARNING  | robot_0 collided with obstacle_2 at state [5.17, 7.71, -1.91]
2026-07-06 17:11 | WARNING  | robot_0 collided with obstacle_7 at state [4.63, 7.51, -2.88]
2026-07-06 17:11 | WARNING  | robot_0 collided with obstacle_6 at state [5.31, 7.49, -2.88]
2026-07-06 17:11 | WARNING  | robot_0 collided with obstacle_7 at state [7.65, 3.94, -0.61]
Average Reward: 14.956663022459347
Average Collision rate: 0.4
Average Goal rate: 0.3
..............................................
2026-07-06 17:11 | WARNING  | robot_0 collided with obstacle_6 at state [4.88, 6.81, -0.23]
2026-07-06 17:11 | WARNING  | robot_0 collided with obstacle_7 at state [6.72, 3.03, -2.96]
2026-07-06 17:11 | WARNING  | robot_0 collided with obstacle_8 at state [9.81, 4.67, 1.41]
2026-07-06 17:11 | WARNING  | robot_0 collided with obstacle_5 at state [2.68, 3.08, -0.51]
2026-07-06 17:11 | WARNING  | robot_0 collided with obstacle_4 at state [2.18, 0.61, -0.4]
2026-07-06 17:11 | WARNING  | robot_0 collided with obstacle_1 at state [5.5, 4.68, 0.85]
2026-07-06 17:11 | WARNING  | robot_0 collided with obstacle_5 at state [7.88, 7.97, 3.07]
2026-07-06 17:11 | WARNING  | robot_0 collided with obstacle_1 at state [2.28, 0.87, -0.7]
2026-07-06 17:11 | WARNING  | robot_0 collided with obstacle_2 at state [3.19, 2.3, 0.12]
2026-07-06 17:12 | WARNING  | robot_0 collided with obstacle_1 at state [5.55, 0.57, 0.49]
2026-07-06 17:12 | WARNING  | robot_0 collided with obstacle_5 at state [1.33, 7.02, -0.02]
--------------------------------------------------------------------------------------------
setting actor output action_std to min_action_std :  0.1
--------------------------------------------------------------------------------------------
2026-07-06 17:12 | WARNING  | robot_0 collided with obstacle_4 at state [5.83, 9.18, 3.03]
2026-07-06 17:12 | WARNING  | robot_0 collided with obstacle_3 at state [3.88, 8.08, 3.0]
2026-07-06 17:12 | WARNING  | robot_0 collided with obstacle_2 at state [2.25, 8.43, -2.45]
2026-07-06 17:12 | WARNING  | robot_0 collided with obstacle_6 at state [4.02, 7.7, -1.38]
2026-07-06 17:12 | WARNING  | robot_0 collided with obstacle_2 at state [5.18, 5.15, 1.99]
2026-07-06 17:12 | WARNING  | robot_0 collided with obstacle_7 at state [2.13, 3.62, 0.99]
2026-07-06 17:12 | WARNING  | robot_0 collided with obstacle_7 at state [0.78, 4.67, -1.46]
2026-07-06 17:12 | WARNING  | robot_0 collided with obstacle_7 at state [4.58, 5.51, 2.65]
2026-07-06 17:12 | WARNING  | robot_0 collided with obstacle_6 at state [5.47, 8.36, -2.57]
2026-07-06 17:12 | WARNING  | robot_0 collided with obstacle_3 at state [9.11, 4.93, 2.12]
2026-07-06 17:12 | WARNING  | robot_0 collided with obstacle_5 at state [2.04, 6.26, -0.48]
2026-07-06 17:12 | WARNING  | robot_0 collided with obstacle_4 at state [8.61, 3.58, -2.93]
2026-07-06 17:13 | WARNING  | robot_0 collided with obstacle_1 at state [7.87, 6.83, 2.5]
2026-07-06 17:13 | WARNING  | robot_0 collided with obstacle_7 at state [4.25, 5.8, 1.59]
--------------------------------------------------------------------------------------------
setting actor output action_std to min_action_std :  0.1
--------------------------------------------------------------------------------------------
2026-07-06 17:13 | WARNING  | robot_0 collided with obstacle_3 at state [4.67, 5.59, -2.72]
2026-07-06 17:13 | WARNING  | robot_0 collided with obstacle_7 at state [5.87, 3.33, 1.98]
2026-07-06 17:13 | WARNING  | robot_0 collided with obstacle_7 at state [1.97, 7.28, -2.04]
2026-07-06 17:13 | WARNING  | robot_0 collided with obstacle_2 at state [3.54, 2.83, 0.53]
2026-07-06 17:13 | WARNING  | robot_0 collided with obstacle_7 at state [7.37, 8.17, -2.86]
2026-07-06 17:13 | WARNING  | robot_0 collided with obstacle_6 at state [6.42, 6.51, 2.01]
2026-07-06 17:13 | WARNING  | robot_0 collided with obstacle_8 at state [0.19, 7.04, -1.76]
2026-07-06 17:13 | WARNING  | robot_0 collided with obstacle_7 at state [4.04, 0.89, -2.97]
2026-07-06 17:13 | WARNING  | robot_0 collided with obstacle_7 at state [3.23, 2.89, -0.09]
2026-07-06 17:13 | WARNING  | robot_0 collided with obstacle_7 at state [8.36, 8.09, 2.53]
2026-07-06 17:13 | WARNING  | robot_0 collided with obstacle_7 at state [2.86, 6.12, 0.58]
2026-07-06 17:14 | WARNING  | robot_0 collided with obstacle_2 at state [2.35, 7.66, 2.31]
--------------------------------------------------------------------------------------------
setting actor output action_std to min_action_std :  0.1
--------------------------------------------------------------------------------------------
2026-07-06 17:14 | WARNING  | robot_0 collided with obstacle_8 at state [8.85, 9.8, 1.97]
2026-07-06 17:14 | WARNING  | robot_0 collided with obstacle_5 at state [3.69, 7.26, 0.09]
2026-07-06 17:14 | WARNING  | robot_0 collided with obstacle_7 at state [5.67, 5.83, 0.39]
2026-07-06 17:14 | WARNING  | robot_0 collided with obstacle_6 at state [7.75, 4.19, 0.2]
..............................................
Epoch 14. Evaluating scenarios
2026-07-06 17:14 | WARNING  | robot_0 collided with obstacle_4 at state [2.69, 6.11, -0.28]
2026-07-06 17:14 | WARNING  | robot_0 collided with obstacle_6 at state [5.29, 7.58, -2.16]
2026-07-06 17:14 | WARNING  | robot_0 collided with obstacle_3 at state [3.85, 3.25, -1.04]
2026-07-06 17:14 | WARNING  | robot_0 collided with obstacle_6 at state [7.48, 5.62, -2.34]
2026-07-06 17:14 | WARNING  | robot_0 collided with obstacle_5 at state [4.78, 8.96, -2.51]
2026-07-06 17:14 | WARNING  | robot_0 collided with obstacle_5 at state [4.55, 7.98, -2.86]
2026-07-06 17:14 | WARNING  | robot_0 collided with obstacle_3 at state [4.58, 1.26, 0.92]
2026-07-06 17:14 | WARNING  | robot_0 collided with obstacle_5 at state [8.39, 6.85, 2.42]
Average Reward: -60.47515750766693
Average Collision rate: 0.8
Average Goal rate: 0.2
..............................................
2026-07-06 17:14 | WARNING  | robot_0 collided with obstacle_5 at state [8.77, 3.83, 1.79]
2026-07-06 17:14 | WARNING  | robot_0 collided with obstacle_7 at state [4.3, 2.48, 2.95]
2026-07-06 17:15 | WARNING  | robot_0 collided with obstacle_3 at state [5.96, 8.67, 2.6]
2026-07-06 17:15 | WARNING  | robot_0 collided with obstacle_5 at state [6.95, 8.77, -1.52]
2026-07-06 17:15 | WARNING  | robot_0 collided with obstacle_7 at state [8.91, 4.9, 2.0]
2026-07-06 17:15 | WARNING  | robot_0 collided with obstacle_3 at state [3.62, 3.65, -1.38]
2026-07-06 17:15 | WARNING  | robot_0 collided with obstacle_2 at state [4.06, 2.57, 2.83]
2026-07-06 17:15 | WARNING  | robot_0 collided with obstacle_6 at state [2.21, 2.67, -0.66]
2026-07-06 17:15 | WARNING  | robot_0 collided with obstacle_8 at state [9.84, 0.84, 0.8]
2026-07-06 17:15 | WARNING  | robot_0 collided with obstacle_2 at state [5.69, 5.24, -1.2]
2026-07-06 17:15 | WARNING  | robot_0 collided with obstacle_2 at state [4.67, 5.98, 2.88]
2026-07-06 17:15 | WARNING  | robot_0 collided with obstacle_7 at state [5.51, 2.9, 0.8]
--------------------------------------------------------------------------------------------
setting actor output action_std to min_action_std :  0.1
--------------------------------------------------------------------------------------------
2026-07-06 17:15 | WARNING  | robot_0 collided with obstacle_5 at state [6.32, 4.42, -3.05]
2026-07-06 17:15 | WARNING  | robot_0 collided with obstacle_6 at state [5.61, 5.05, 0.54]
2026-07-06 17:15 | WARNING  | robot_0 collided with obstacle_3 at state [8.83, 6.34, 0.83]
2026-07-06 17:15 | WARNING  | robot_0 collided with obstacle_3 at state [6.75, 3.2, 1.52]
2026-07-06 17:15 | WARNING  | robot_0 collided with obstacle_5 at state [4.88, 7.57, -2.18]
2026-07-06 17:16 | WARNING  | robot_0 collided with obstacle_6 at state [2.82, 4.65, 0.1]
2026-07-06 17:16 | WARNING  | robot_0 collided with obstacle_1 at state [5.34, 2.47, 0.9]
2026-07-06 17:16 | WARNING  | robot_0 collided with obstacle_5 at state [5.31, 3.37, 3.0]
2026-07-06 17:16 | WARNING  | robot_0 collided with obstacle_7 at state [3.3, 4.46, -0.91]
2026-07-06 17:16 | WARNING  | robot_0 collided with obstacle_3 at state [6.84, 0.35, -0.07]
2026-07-06 17:16 | WARNING  | robot_0 collided with obstacle_3 at state [4.03, 6.21, -1.98]
--------------------------------------------------------------------------------------------
setting actor output action_std to min_action_std :  0.1
--------------------------------------------------------------------------------------------
2026-07-06 17:16 | WARNING  | robot_0 collided with obstacle_7 at state [5.96, 2.1, 1.5]
2026-07-06 17:17 | WARNING  | robot_0 collided with obstacle_7 at state [7.77, 6.83, -3.11]
2026-07-06 17:17 | WARNING  | robot_0 collided with obstacle_3 at state [2.11, 4.07, -1.47]
2026-07-06 17:17 | WARNING  | robot_0 collided with obstacle_6 at state [5.9, 6.92, -1.37]
2026-07-06 17:17 | WARNING  | robot_0 collided with obstacle_6 at state [6.73, 4.73, 2.29]
2026-07-06 17:17 | WARNING  | robot_0 collided with obstacle_6 at state [3.82, 3.65, -0.43]
2026-07-06 17:17 | WARNING  | robot_0 collided with obstacle_2 at state [4.23, 2.56, -1.65]
2026-07-06 17:17 | WARNING  | robot_0 collided with obstacle_6 at state [3.69, 8.33, -2.14]
--------------------------------------------------------------------------------------------
setting actor output action_std to min_action_std :  0.1
--------------------------------------------------------------------------------------------
2026-07-06 17:17 | WARNING  | robot_0 collided with obstacle_5 at state [8.01, 2.29, 0.72]
2026-07-06 17:17 | WARNING  | robot_0 collided with obstacle_3 at state [7.63, 7.36, 1.93]
2026-07-06 17:17 | WARNING  | robot_0 collided with obstacle_4 at state [1.9, 4.65, 0.1]
2026-07-06 17:17 | WARNING  | robot_0 collided with obstacle_5 at state [4.68, 1.49, 0.86]
2026-07-06 17:18 | WARNING  | robot_0 collided with obstacle_5 at state [2.09, 8.42, -2.09]
2026-07-06 17:18 | WARNING  | robot_0 collided with obstacle_4 at state [3.8, 3.52, -2.53]
..............................................
Epoch 15. Evaluating scenarios
2026-07-06 17:18 | WARNING  | robot_0 collided with obstacle_4 at state [4.61, 0.82, 0.16]
2026-07-06 17:18 | WARNING  | robot_0 collided with obstacle_5 at state [1.08, 3.47, -0.18]
2026-07-06 17:18 | WARNING  | robot_0 collided with obstacle_3 at state [3.17, 5.02, -1.39]
2026-07-06 17:18 | WARNING  | robot_0 collided with obstacle_4 at state [3.51, 4.86, -1.15]
2026-07-06 17:18 | WARNING  | robot_0 collided with obstacle_2 at state [2.76, 4.81, -2.28]
Average Reward: -35.17483312439426
Average Collision rate: 0.5
Average Goal rate: 0.0
..............................................
2026-07-06 17:18 | WARNING  | robot_0 collided with obstacle_6 at state [6.04, 3.12, -1.95]
2026-07-06 17:18 | WARNING  | robot_0 collided with obstacle_8 at state [7.36, 9.81, 2.94]
2026-07-06 17:19 | WARNING  | robot_0 collided with obstacle_7 at state [6.86, 3.48, -0.22]
2026-07-06 17:19 | WARNING  | robot_0 collided with obstacle_5 at state [0.89, 5.7, -0.82]
2026-07-06 17:19 | WARNING  | robot_0 collided with obstacle_1 at state [1.45, 6.35, -1.06]
2026-07-06 17:19 | WARNING  | robot_0 collided with obstacle_7 at state [2.03, 6.89, -0.59]
2026-07-06 17:19 | WARNING  | robot_0 collided with obstacle_6 at state [2.39, 8.08, -2.47]
2026-07-06 17:19 | WARNING  | robot_0 collided with obstacle_3 at state [5.97, 7.46, -0.78]
2026-07-06 17:19 | WARNING  | robot_0 collided with obstacle_7 at state [6.95, 6.07, 0.57]
2026-07-06 17:19 | WARNING  | robot_0 collided with obstacle_8 at state [0.19, 8.49, -1.8]
--------------------------------------------------------------------------------------------
setting actor output action_std to min_action_std :  0.1
--------------------------------------------------------------------------------------------
2026-07-06 17:20 | WARNING  | robot_0 collided with obstacle_1 at state [6.03, 8.78, -2.38]
2026-07-06 17:20 | WARNING  | robot_0 collided with obstacle_4 at state [3.68, 3.39, -0.24]
2026-07-06 17:20 | WARNING  | robot_0 collided with obstacle_5 at state [4.27, 8.9, 2.66]
2026-07-06 17:20 | WARNING  | robot_0 collided with obstacle_5 at state [7.95, 2.93, 0.15]
2026-07-06 17:20 | WARNING  | robot_0 collided with obstacle_2 at state [9.46, 5.79, 1.64]
2026-07-06 17:20 | WARNING  | robot_0 collided with obstacle_8 at state [9.82, 2.18, 0.78]
2026-07-06 17:20 | WARNING  | robot_0 collided with obstacle_8 at state [9.8, 4.51, 1.58]
2026-07-06 17:20 | WARNING  | robot_0 collided with obstacle_4 at state [6.19, 5.66, -1.89]
2026-07-06 17:20 | WARNING  | robot_0 collided with obstacle_8 at state [0.2, 5.13, -1.83]
2026-07-06 17:20 | WARNING  | robot_0 collided with obstacle_3 at state [1.06, 3.39, -0.75]
--------------------------------------------------------------------------------------------
setting actor output action_std to min_action_std :  0.1
--------------------------------------------------------------------------------------------
2026-07-06 17:20 | WARNING  | robot_0 collided with obstacle_3 at state [9.48, 6.58, 1.43]
2026-07-06 17:20 | WARNING  | robot_0 collided with obstacle_3 at state [7.14, 4.89, 2.42]
2026-07-06 17:20 | WARNING  | robot_0 collided with obstacle_4 at state [3.8, 2.54, 0.9]
2026-07-06 17:20 | WARNING  | robot_0 collided with obstacle_1 at state [8.97, 6.96, 2.64]
2026-07-06 17:20 | WARNING  | robot_0 collided with obstacle_7 at state [4.85, 6.28, 0.52]
2026-07-06 17:20 | WARNING  | robot_0 collided with obstacle_4 at state [3.06, 6.54, -0.43]
2026-07-06 17:20 | WARNING  | robot_0 collided with obstacle_5 at state [8.91, 7.98, 1.61]
2026-07-06 17:20 | WARNING  | robot_0 collided with obstacle_2 at state [2.99, 5.74, 1.45]
2026-07-06 17:21 | WARNING  | robot_0 collided with obstacle_6 at state [1.79, 4.97, 0.95]
2026-07-06 17:21 | WARNING  | robot_0 collided with obstacle_8 at state [9.82, 8.66, -0.9]
2026-07-06 17:21 | WARNING  | robot_0 collided with obstacle_1 at state [8.66, 4.21, 1.7]
2026-07-06 17:21 | WARNING  | robot_0 collided with obstacle_2 at state [4.51, 6.63, -1.81]
2026-07-06 17:21 | WARNING  | robot_0 collided with obstacle_6 at state [2.58, 2.84, 0.23]
2026-07-06 17:21 | WARNING  | robot_0 collided with obstacle_7 at state [2.09, 3.06, -1.79]
2026-07-06 17:21 | WARNING  | robot_0 collided with obstacle_6 at state [5.07, 3.52, 3.01]
--------------------------------------------------------------------------------------------
setting actor output action_std to min_action_std :  0.1
--------------------------------------------------------------------------------------------
2026-07-06 17:21 | WARNING  | robot_0 collided with obstacle_1 at state [1.13, 6.18, -1.77]
2026-07-06 17:21 | WARNING  | robot_0 collided with obstacle_4 at state [3.21, 4.71, -1.1]
2026-07-06 17:21 | WARNING  | robot_0 collided with obstacle_7 at state [4.83, 7.93, 0.24]
2026-07-06 17:21 | WARNING  | robot_0 collided with obstacle_5 at state [3.0, 8.43, -2.38]
2026-07-06 17:21 | WARNING  | robot_0 collided with obstacle_4 at state [1.49, 4.04, -1.24]
..............................................
Epoch 16. Evaluating scenarios
2026-07-06 17:22 | WARNING  | robot_0 collided with obstacle_2 at state [3.19, 9.33, 3.01]
2026-07-06 17:22 | WARNING  | robot_0 collided with obstacle_5 at state [9.18, 4.86, 2.11]
2026-07-06 17:22 | WARNING  | robot_0 collided with obstacle_3 at state [3.88, 7.18, -2.11]
2026-07-06 17:22 | WARNING  | robot_0 collided with obstacle_2 at state [2.23, 3.06, 3.1]
2026-07-06 17:22 | WARNING  | robot_0 collided with obstacle_3 at state [7.2, 8.56, -2.9]
2026-07-06 17:22 | WARNING  | robot_0 collided with obstacle_3 at state [5.73, 3.95, -0.26]
Average Reward: -34.33064625069847
Average Collision rate: 0.6
Average Goal rate: 0.1
..............................................
2026-07-06 17:22 | WARNING  | robot_0 collided with obstacle_8 at state [0.19, 9.13, -2.69]
2026-07-06 17:22 | WARNING  | robot_0 collided with obstacle_5 at state [7.08, 5.27, -1.17]
2026-07-06 17:22 | WARNING  | robot_0 collided with obstacle_1 at state [8.08, 6.1, -1.55]
2026-07-06 17:22 | WARNING  | robot_0 collided with obstacle_6 at state [8.52, 8.34, 1.93]
2026-07-06 17:22 | WARNING  | robot_0 collided with obstacle_7 at state [7.59, 4.26, -1.09]
2026-07-06 17:22 | WARNING  | robot_0 collided with obstacle_5 at state [2.38, 6.34, -2.14]
2026-07-06 17:22 | WARNING  | robot_0 collided with obstacle_5 at state [2.83, 5.87, 1.7]
2026-07-06 17:23 | WARNING  | robot_0 collided with obstacle_5 at state [1.94, 5.53, -0.8]
2026-07-06 17:23 | WARNING  | robot_0 collided with obstacle_6 at state [3.82, 2.87, -0.23]
2026-07-06 17:23 | WARNING  | robot_0 collided with obstacle_6 at state [5.13, 3.07, -0.38]
2026-07-06 17:23 | WARNING  | robot_0 collided with obstacle_4 at state [2.67, 6.5, 0.07]
2026-07-06 17:23 | WARNING  | robot_0 collided with obstacle_6 at state [4.93, 2.66, -0.1]
2026-07-06 17:23 | WARNING  | robot_0 collided with obstacle_7 at state [6.48, 3.49, 0.64]
2026-07-06 17:23 | WARNING  | robot_0 collided with obstacle_5 at state [6.55, 0.68, 0.01]
--------------------------------------------------------------------------------------------
setting actor output action_std to min_action_std :  0.1
--------------------------------------------------------------------------------------------
2026-07-06 17:23 | WARNING  | robot_0 collided with obstacle_2 at state [1.38, 7.27, -2.09]
2026-07-06 17:23 | WARNING  | robot_0 collided with obstacle_7 at state [5.91, 7.22, -1.58]
2026-07-06 17:23 | WARNING  | robot_0 collided with obstacle_6 at state [1.96, 8.49, -0.78]
2026-07-06 17:23 | WARNING  | robot_0 collided with obstacle_5 at state [8.23, 4.39, 1.99]
2026-07-06 17:23 | WARNING  | robot_0 collided with obstacle_6 at state [2.31, 2.99, 0.15]
2026-07-06 17:23 | WARNING  | robot_0 collided with obstacle_2 at state [2.5, 6.4, -1.13]
2026-07-06 17:23 | WARNING  | robot_0 collided with obstacle_1 at state [2.5, 2.61, -0.26]
2026-07-06 17:23 | WARNING  | robot_0 collided with obstacle_5 at state [3.24, 0.46, 0.3]
2026-07-06 17:23 | WARNING  | robot_0 collided with obstacle_6 at state [2.71, 4.04, -2.03]
2026-07-06 17:23 | WARNING  | robot_0 collided with obstacle_5 at state [7.82, 7.29, 2.36]
2026-07-06 17:23 | WARNING  | robot_0 collided with obstacle_6 at state [6.49, 3.73, 2.96]
2026-07-06 17:23 | WARNING  | robot_0 collided with obstacle_6 at state [3.95, 3.89, 1.88]
2026-07-06 17:23 | WARNING  | robot_0 collided with obstacle_6 at state [7.5, 5.53, 1.6]
2026-07-06 17:24 | WARNING  | robot_0 collided with obstacle_3 at state [3.05, 1.83, -0.36]
2026-07-06 17:24 | WARNING  | robot_0 collided with obstacle_2 at state [5.37, 5.51, 0.01]
2026-07-06 17:24 | WARNING  | robot_0 collided with obstacle_1 at state [7.0, 2.93, 1.43]
--------------------------------------------------------------------------------------------
setting actor output action_std to min_action_std :  0.1
--------------------------------------------------------------------------------------------
2026-07-06 17:24 | WARNING  | robot_0 collided with obstacle_8 at state [6.64, 9.82, 2.97]
2026-07-06 17:24 | WARNING  | robot_0 collided with obstacle_5 at state [6.5, 5.11, -1.31]
2026-07-06 17:24 | WARNING  | robot_0 collided with obstacle_4 at state [2.59, 7.16, -1.46]
2026-07-06 17:24 | WARNING  | robot_0 collided with obstacle_1 at state [4.05, 5.65, -1.17]
2026-07-06 17:24 | WARNING  | robot_0 collided with obstacle_8 at state [3.37, 0.2, -0.09]
2026-07-06 17:24 | WARNING  | robot_0 collided with obstacle_8 at state [7.85, 9.8, 2.95]
2026-07-06 17:24 | WARNING  | robot_0 collided with obstacle_4 at state [5.58, 8.91, 2.16]
2026-07-06 17:24 | WARNING  | robot_0 collided with obstacle_7 at state [4.32, 7.0, -1.91]
2026-07-06 17:24 | WARNING  | robot_0 collided with obstacle_2 at state [6.7, 1.47, 0.92]
2026-07-06 17:24 | WARNING  | robot_0 collided with obstacle_4 at state [9.16, 3.06, -2.9]
2026-07-06 17:24 | WARNING  | robot_0 collided with obstacle_4 at state [4.01, 6.33, -0.39]
2026-07-06 17:24 | WARNING  | robot_0 collided with obstacle_3 at state [1.0, 2.42, -0.93]
2026-07-06 17:25 | WARNING  | robot_0 collided with obstacle_5 at state [1.77, 3.39, -0.05]
--------------------------------------------------------------------------------------------
setting actor output action_std to min_action_std :  0.1
--------------------------------------------------------------------------------------------
2026-07-06 17:25 | WARNING  | robot_0 collided with obstacle_4 at state [7.83, 2.49, 0.17]
2026-07-06 17:25 | WARNING  | robot_0 collided with obstacle_4 at state [8.57, 2.02, 0.16]
2026-07-06 17:25 | WARNING  | robot_0 collided with obstacle_3 at state [8.51, 8.02, 2.24]
2026-07-06 17:25 | WARNING  | robot_0 collided with obstacle_3 at state [3.21, 3.33, 2.06]
2026-07-06 17:25 | WARNING  | robot_0 collided with obstacle_3 at state [6.31, 3.42, 0.98]
2026-07-06 17:25 | WARNING  | robot_0 collided with obstacle_4 at state [5.51, 4.84, -1.01]
2026-07-06 17:25 | WARNING  | robot_0 collided with obstacle_2 at state [1.43, 3.82, 1.96]
..............................................
Epoch 17. Evaluating scenarios
2026-07-06 17:25 | WARNING  | robot_0 collided with obstacle_5 at state [7.79, 6.23, 2.13]
2026-07-06 17:25 | WARNING  | robot_0 collided with obstacle_1 at state [7.38, 4.76, 2.08]
2026-07-06 17:26 | WARNING  | robot_0 collided with obstacle_2 at state [4.85, 8.16, -1.68]
2026-07-06 17:26 | WARNING  | robot_0 collided with obstacle_3 at state [4.35, 3.4, -0.1]
2026-07-06 17:26 | WARNING  | robot_0 collided with obstacle_7 at state [6.01, 0.99, 0.08]
2026-07-06 17:26 | WARNING  | robot_0 collided with obstacle_2 at state [6.93, 6.41, -2.51]
Average Reward: -34.107627109031476
Average Collision rate: 0.6
Average Goal rate: 0.1
..............................................
2026-07-06 17:26 | WARNING  | robot_0 collided with obstacle_3 at state [7.66, 5.78, -0.99]
2026-07-06 17:26 | WARNING  | robot_0 collided with obstacle_2 at state [2.52, 5.77, -0.38]
2026-07-06 17:26 | WARNING  | robot_0 collided with obstacle_5 at state [8.74, 2.83, 1.24]
2026-07-06 17:26 | WARNING  | robot_0 collided with obstacle_3 at state [4.16, 1.8, 2.23]
2026-07-06 17:26 | WARNING  | robot_0 collided with obstacle_7 at state [2.24, 7.26, -2.23]
2026-07-06 17:26 | WARNING  | robot_0 collided with obstacle_4 at state [6.67, 4.63, 1.47]
2026-07-06 17:26 | WARNING  | robot_0 collided with obstacle_3 at state [7.6, 5.34, 1.13]
2026-07-06 17:26 | WARNING  | robot_0 collided with obstacle_2 at state [3.76, 8.4, -0.11]
2026-07-06 17:26 | WARNING  | robot_0 collided with obstacle_7 at state [6.92, 3.94, 0.81]
2026-07-06 17:26 | WARNING  | robot_0 collided with obstacle_3 at state [3.58, 8.85, -2.53]
2026-07-06 17:26 | WARNING  | robot_0 collided with obstacle_1 at state [5.24, 2.2, -0.02]
--------------------------------------------------------------------------------------------
setting actor output action_std to min_action_std :  0.1
--------------------------------------------------------------------------------------------
2026-07-06 17:27 | WARNING  | robot_0 collided with obstacle_2 at state [2.7, 5.4, -2.25]
2026-07-06 17:27 | WARNING  | robot_0 collided with obstacle_4 at state [7.8, 6.27, -2.77]
2026-07-06 17:27 | WARNING  | robot_0 collided with obstacle_5 at state [2.19, 3.84, -2.25]
2026-07-06 17:27 | WARNING  | robot_0 collided with obstacle_8 at state [9.82, 3.51, 1.17]
2026-07-06 17:27 | WARNING  | robot_0 collided with obstacle_8 at state [9.84, 2.93, 0.44]
2026-07-06 17:27 | WARNING  | robot_0 collided with obstacle_4 at state [2.97, 8.03, -0.91]
2026-07-06 17:27 | WARNING  | robot_0 collided with obstacle_3 at state [7.02, 5.73, -0.88]
2026-07-06 17:27 | WARNING  | robot_0 collided with obstacle_2 at state [6.85, 3.62, 2.06]
2026-07-06 17:27 | WARNING  | robot_0 collided with obstacle_4 at state [7.38, 9.74, 2.94]
2026-07-06 17:28 | WARNING  | robot_0 collided with obstacle_5 at state [6.13, 7.56, 2.89]
--------------------------------------------------------------------------------------------
setting actor output action_std to min_action_std :  0.1
--------------------------------------------------------------------------------------------
2026-07-06 17:28 | WARNING  | robot_0 collided with obstacle_4 at state [8.68, 5.97, 2.83]
2026-07-06 17:28 | WARNING  | robot_0 collided with obstacle_4 at state [6.48, 3.83, 1.92]
2026-07-06 17:28 | WARNING  | robot_0 collided with obstacle_7 at state [9.55, 1.94, 2.14]
2026-07-06 17:28 | WARNING  | robot_0 collided with obstacle_8 at state [8.7, 9.81, 2.18]
2026-07-06 17:28 | WARNING  | robot_0 collided with obstacle_3 at state [4.76, 7.08, -2.66]
2026-07-06 17:28 | WARNING  | robot_0 collided with obstacle_2 at state [4.81, 3.65, -1.59]
2026-07-06 17:28 | WARNING  | robot_0 collided with obstacle_3 at state [8.0, 9.24, -3.08]
2026-07-06 17:28 | WARNING  | robot_0 collided with obstacle_8 at state [9.83, 1.77, 1.26]
2026-07-06 17:28 | WARNING  | robot_0 collided with obstacle_4 at state [4.98, 5.13, -1.21]
2026-07-06 17:28 | WARNING  | robot_0 collided with obstacle_7 at state [5.09, 1.71, 0.05]
2026-07-06 17:28 | WARNING  | robot_0 collided with obstacle_1 at state [5.43, 8.32, 2.6]
2026-07-06 17:28 | WARNING  | robot_0 collided with obstacle_4 at state [3.7, 6.9, -0.21]
2026-07-06 17:28 | WARNING  | robot_0 collided with obstacle_6 at state [8.93, 2.23, 1.57]
2026-07-06 17:28 | WARNING  | robot_0 collided with obstacle_6 at state [5.94, 8.96, -3.11]
2026-07-06 17:28 | WARNING  | robot_0 collided with obstacle_2 at state [6.54, 4.41, -1.4]
--------------------------------------------------------------------------------------------
setting actor output action_std to min_action_std :  0.1
--------------------------------------------------------------------------------------------
2026-07-06 17:29 | WARNING  | robot_0 collided with obstacle_3 at state [3.82, 5.26, -1.16]
2026-07-06 17:29 | WARNING  | robot_0 collided with obstacle_7 at state [6.15, 3.07, 0.3]
2026-07-06 17:29 | WARNING  | robot_0 collided with obstacle_5 at state [8.68, 4.9, 2.56]
2026-07-06 17:29 | WARNING  | robot_0 collided with obstacle_2 at state [4.04, 9.44, 3.07]
2026-07-06 17:29 | WARNING  | robot_0 collided with obstacle_6 at state [0.98, 3.73, -1.61]
2026-07-06 17:29 | WARNING  | robot_0 collided with obstacle_6 at state [5.49, 2.07, 0.3]
..............................................
Epoch 18. Evaluating scenarios
2026-07-06 17:29 | WARNING  | robot_0 collided with obstacle_2 at state [4.36, 3.31, 0.0]
2026-07-06 17:29 | WARNING  | robot_0 collided with obstacle_2 at state [2.96, 5.26, 0.86]
2026-07-06 17:29 | WARNING  | robot_0 collided with obstacle_6 at state [5.02, 8.5, -2.86]
2026-07-06 17:29 | WARNING  | robot_0 collided with obstacle_2 at state [8.81, 5.44, 1.93]
2026-07-06 17:29 | WARNING  | robot_0 collided with obstacle_2 at state [7.19, 5.85, -2.26]
2026-07-06 17:29 | WARNING  | robot_0 collided with obstacle_5 at state [8.69, 2.4, 2.64]
2026-07-06 17:29 | WARNING  | robot_0 collided with obstacle_2 at state [5.3, 7.06, 2.0]
Average Reward: -53.50778759287505
Average Collision rate: 0.7
Average Goal rate: 0.1
..............................................
2026-07-06 17:30 | WARNING  | robot_0 collided with obstacle_4 at state [1.14, 4.11, -0.56]
2026-07-06 17:30 | WARNING  | robot_0 collided with obstacle_6 at state [4.89, 8.22, -2.77]
2026-07-06 17:30 | WARNING  | robot_0 collided with obstacle_4 at state [6.37, 6.84, -0.3]
2026-07-06 17:30 | WARNING  | robot_0 collided with obstacle_4 at state [7.29, 5.91, -0.03]
2026-07-06 17:30 | WARNING  | robot_0 collided with obstacle_2 at state [6.21, 7.58, 0.0]
2026-07-06 17:30 | WARNING  | robot_0 collided with obstacle_4 at state [6.64, 7.33, -2.29]
2026-07-06 17:30 | WARNING  | robot_0 collided with obstacle_5 at state [0.63, 6.17, -1.87]
2026-07-06 17:30 | WARNING  | robot_0 collided with obstacle_2 at state [0.38, 6.2, -1.6]
2026-07-06 17:30 | WARNING  | robot_0 collided with obstacle_4 at state [7.45, 7.32, 2.12]
--------------------------------------------------------------------------------------------
setting actor output action_std to min_action_std :  0.1
--------------------------------------------------------------------------------------------
2026-07-06 17:30 | WARNING  | robot_0 collided with obstacle_7 at state [2.25, 2.94, -2.31]
2026-07-06 17:31 | WARNING  | robot_0 collided with obstacle_6 at state [2.77, 1.92, 0.61]
2026-07-06 17:31 | WARNING  | robot_0 collided with obstacle_4 at state [4.82, 7.04, -3.07]
2026-07-06 17:31 | WARNING  | robot_0 collided with obstacle_7 at state [3.93, 7.78, -1.48]
2026-07-06 17:31 | WARNING  | robot_0 collided with obstacle_3 at state [7.93, 5.22, 2.35]
2026-07-06 17:31 | WARNING  | robot_0 collided with obstacle_7 at state [6.85, 3.31, -2.9]
2026-07-06 17:31 | WARNING  | robot_0 collided with obstacle_7 at state [8.01, 5.54, 0.95]
2026-07-06 17:31 | WARNING  | robot_0 collided with obstacle_1 at state [8.47, 8.39, 2.58]
2026-07-06 17:31 | WARNING  | robot_0 collided with obstacle_7 at state [7.76, 7.3, 2.59]
2026-07-06 17:31 | WARNING  | robot_0 collided with obstacle_5 at state [1.91, 3.55, 1.52]
2026-07-06 17:31 | WARNING  | robot_0 collided with obstacle_5 at state [5.4, 4.96, -2.61]
2026-07-06 17:31 | WARNING  | robot_0 collided with obstacle_5 at state [2.27, 5.36, -1.14]
2026-07-06 17:31 | WARNING  | robot_0 collided with obstacle_6 at state [7.36, 1.31, 0.68]
--------------------------------------------------------------------------------------------
setting actor output action_std to min_action_std :  0.1
--------------------------------------------------------------------------------------------
2026-07-06 17:31 | WARNING  | robot_0 collided with obstacle_2 at state [5.44, 3.58, -1.75]
2026-07-06 17:31 | WARNING  | robot_0 collided with obstacle_2 at state [3.56, 2.7, 2.45]
2026-07-06 17:31 | WARNING  | robot_0 collided with obstacle_2 at state [5.22, 3.16, -2.95]
2026-07-06 17:31 | WARNING  | robot_0 collided with obstacle_6 at state [8.37, 7.62, 2.51]
2026-07-06 17:31 | WARNING  | robot_0 collided with obstacle_7 at state [8.7, 2.65, 1.41]
2026-07-06 17:32 | WARNING  | robot_0 collided with obstacle_7 at state [2.31, 1.19, 0.31]
2026-07-06 17:32 | WARNING  | robot_0 collided with obstacle_8 at state [9.04, 9.82, 2.42]
2026-07-06 17:32 | WARNING  | robot_0 collided with obstacle_3 at state [4.75, 6.6, -0.58]
2026-07-06 17:32 | WARNING  | robot_0 collided with obstacle_2 at state [5.92, 4.66, -2.28]
2026-07-06 17:32 | WARNING  | robot_0 collided with obstacle_4 at state [4.51, 3.13, -0.34]
--------------------------------------------------------------------------------------------
setting actor output action_std to min_action_std :  0.1
--------------------------------------------------------------------------------------------
2026-07-06 17:32 | WARNING  | robot_0 collided with obstacle_1 at state [1.78, 6.81, -0.35]
2026-07-06 17:32 | WARNING  | robot_0 collided with obstacle_5 at state [3.24, 3.47, -0.6]
2026-07-06 17:32 | WARNING  | robot_0 collided with obstacle_6 at state [6.83, 6.13, 3.13]
2026-07-06 17:32 | WARNING  | robot_0 collided with obstacle_4 at state [8.46, 6.96, 2.93]
2026-07-06 17:32 | WARNING  | robot_0 collided with obstacle_1 at state [0.9, 7.72, -1.93]
..............................................
Epoch 19. Evaluating scenarios
2026-07-06 17:33 | WARNING  | robot_0 collided with obstacle_8 at state [1.46, 0.13, -1.07]
2026-07-06 17:33 | WARNING  | robot_0 collided with obstacle_7 at state [5.09, 7.53, -2.24]
2026-07-06 17:33 | WARNING  | robot_0 collided with obstacle_5 at state [6.13, 6.07, -3.09]
2026-07-06 17:33 | WARNING  | robot_0 collided with obstacle_1 at state [4.75, 6.62, 2.53]
2026-07-06 17:33 | WARNING  | robot_0 collided with obstacle_2 at state [3.22, 2.72, 2.56]
2026-07-06 17:33 | WARNING  | robot_0 collided with obstacle_2 at state [5.86, 2.09, 0.92]
2026-07-06 17:33 | WARNING  | robot_0 collided with obstacle_6 at state [6.73, 2.8, 0.38]
2026-07-06 17:33 | WARNING  | robot_0 collided with obstacle_5 at state [5.29, 7.85, -2.56]
2026-07-06 17:33 | WARNING  | robot_0 collided with obstacle_3 at state [4.83, 7.04, -2.63]
Average Reward: -81.88048032852541
Average Collision rate: 0.9
Average Goal rate: 0.1
..............................................
2026-07-06 17:33 | WARNING  | robot_0 collided with obstacle_4 at state [2.78, 3.18, 1.99]
2026-07-06 17:33 | WARNING  | robot_0 collided with obstacle_7 at state [0.94, 2.36, -1.31]
2026-07-06 17:33 | WARNING  | robot_0 collided with obstacle_2 at state [4.91, 1.72, 0.41]
2026-07-06 17:33 | WARNING  | robot_0 collided with obstacle_2 at state [6.47, 0.45, -0.65]
2026-07-06 17:33 | WARNING  | robot_0 collided with obstacle_4 at state [6.38, 7.3, 0.0]
2026-07-06 17:34 | WARNING  | robot_0 collided with obstacle_3 at state [7.2, 6.99, 2.44]
2026-07-06 17:34 | WARNING  | robot_0 collided with obstacle_6 at state [0.95, 7.03, -1.83]
2026-07-06 17:34 | WARNING  | robot_0 collided with obstacle_4 at state [1.39, 8.14, -2.46]
2026-07-06 17:34 | WARNING  | robot_0 collided with obstacle_5 at state [6.9, 8.62, -2.26]
--------------------------------------------------------------------------------------------
setting actor output action_std to min_action_std :  0.1
--------------------------------------------------------------------------------------------
2026-07-06 17:34 | WARNING  | robot_0 collided with obstacle_6 at state [9.22, 4.86, 2.06]
2026-07-06 17:34 | WARNING  | robot_0 collided with obstacle_6 at state [3.51, 3.36, -0.57]
2026-07-06 17:34 | WARNING  | robot_0 collided with obstacle_2 at state [5.6, 6.15, 1.44]
2026-07-06 17:34 | WARNING  | robot_0 collided with obstacle_6 at state [8.55, 8.24, 2.49]
2026-07-06 17:34 | WARNING  | robot_0 collided with obstacle_1 at state [8.48, 6.22, 1.66]
2026-07-06 17:34 | WARNING  | robot_0 collided with obstacle_5 at state [2.27, 5.21, -0.54]
2026-07-06 17:34 | WARNING  | robot_0 collided with obstacle_3 at state [6.86, 7.64, -2.95]
2026-07-06 17:34 | WARNING  | robot_0 collided with obstacle_6 at state [5.43, 7.67, -1.96]
2026-07-06 17:34 | WARNING  | robot_0 collided with obstacle_7 at state [3.11, 5.2, -0.3]
2026-07-06 17:34 | WARNING  | robot_0 collided with obstacle_4 at state [6.16, 6.82, 0.46]
2026-07-06 17:34 | WARNING  | robot_0 collided with obstacle_6 at state [7.21, 4.6, -1.19]
2026-07-06 17:34 | WARNING  | robot_0 collided with obstacle_5 at state [2.68, 7.75, -0.9]
2026-07-06 17:35 | WARNING  | robot_0 collided with obstacle_5 at state [5.59, 4.65, -1.15]
--------------------------------------------------------------------------------------------
setting actor output action_std to min_action_std :  0.1
--------------------------------------------------------------------------------------------
2026-07-06 17:35 | WARNING  | robot_0 collided with obstacle_5 at state [1.7, 5.61, -0.36]
2026-07-06 17:35 | WARNING  | robot_0 collided with obstacle_5 at state [7.44, 8.77, -0.08]
2026-07-06 17:35 | WARNING  | robot_0 collided with obstacle_8 at state [3.67, 9.81, 2.77]
2026-07-06 17:35 | WARNING  | robot_0 collided with obstacle_7 at state [7.08, 2.4, 1.15]
2026-07-06 17:35 | WARNING  | robot_0 collided with obstacle_3 at state [3.0, 5.95, -2.12]
2026-07-06 17:35 | WARNING  | robot_0 collided with obstacle_7 at state [4.02, 7.89, -2.32]
2026-07-06 17:35 | WARNING  | robot_0 collided with obstacle_1 at state [8.17, 5.69, 0.33]
2026-07-06 17:35 | WARNING  | robot_0 collided with obstacle_4 at state [7.5, 2.28, -2.04]
2026-07-06 17:35 | WARNING  | robot_0 collided with obstacle_2 at state [0.69, 6.85, -2.78]
2026-07-06 17:35 | WARNING  | robot_0 collided with obstacle_7 at state [2.36, 8.6, -2.22]
2026-07-06 17:35 | WARNING  | robot_0 collided with obstacle_2 at state [8.46, 6.99, -2.39]
2026-07-06 17:35 | WARNING  | robot_0 collided with obstacle_7 at state [5.03, 5.62, 0.27]
2026-07-06 17:36 | WARNING  | robot_0 collided with obstacle_1 at state [3.37, 2.69, -0.77]
--------------------------------------------------------------------------------------------
setting actor output action_std to min_action_std :  0.1
--------------------------------------------------------------------------------------------
2026-07-06 17:36 | WARNING  | robot_0 collided with obstacle_7 at state [6.64, 3.05, 0.52]
2026-07-06 17:36 | WARNING  | robot_0 collided with obstacle_5 at state [4.98, 5.32, 0.4]
2026-07-06 17:36 | WARNING  | robot_0 collided with obstacle_7 at state [2.75, 2.95, 0.25]
2026-07-06 17:36 | WARNING  | robot_0 collided with obstacle_8 at state [1.36, 0.18, -0.65]
2026-07-06 17:36 | WARNING  | robot_0 collided with obstacle_4 at state [6.06, 3.37, -2.2]
2026-07-06 17:36 | WARNING  | robot_0 collided with obstacle_4 at state [4.87, 9.46, -2.72]
2026-07-06 17:36 | WARNING  | robot_0 collided with obstacle_2 at state [4.87, 1.82, 1.09]
..............................................
Epoch 20. Evaluating scenarios
2026-07-06 17:36 | WARNING  | robot_0 collided with obstacle_2 at state [6.56, 6.72, -2.13]
2026-07-06 17:36 | WARNING  | robot_0 collided with obstacle_5 at state [8.69, 6.23, 2.34]
2026-07-06 17:36 | WARNING  | robot_0 collided with obstacle_6 at state [6.44, 3.68, 3.02]
2026-07-06 17:36 | WARNING  | robot_0 collided with obstacle_1 at state [6.8, 7.63, 2.83]
2026-07-06 17:36 | WARNING  | robot_0 collided with obstacle_6 at state [1.13, 8.0, -1.88]
2026-07-06 17:36 | WARNING  | robot_0 collided with obstacle_6 at state [5.73, 2.92, 3.05]
Average Reward: -28.869669659549494
Average Collision rate: 0.6
Average Goal rate: 0.2
..............................................
2026-07-06 17:36 | WARNING  | robot_0 collided with obstacle_6 at state [5.3, 2.83, -2.49]
2026-07-06 17:37 | WARNING  | robot_0 collided with obstacle_7 at state [4.38, 3.96, 0.66]
2026-07-06 17:37 | WARNING  | robot_0 collided with obstacle_6 at state [4.83, 1.14, 0.52]
2026-07-06 17:37 | WARNING  | robot_0 collided with obstacle_3 at state [6.68, 6.63, -2.85]
2026-07-06 17:37 | WARNING  | robot_0 collided with obstacle_4 at state [6.83, 3.74, 1.18]
2026-07-06 17:37 | WARNING  | robot_0 collided with obstacle_6 at state [8.0, 1.77, 1.68]
2026-07-06 17:37 | WARNING  | robot_0 collided with obstacle_5 at state [6.84, 4.13, -2.74]
2026-07-06 17:37 | WARNING  | robot_0 collided with obstacle_4 at state [6.89, 4.37, 1.24]
--------------------------------------------------------------------------------------------
setting actor output action_std to min_action_std :  0.1
--------------------------------------------------------------------------------------------
2026-07-06 17:37 | WARNING  | robot_0 collided with obstacle_6 at state [5.52, 7.3, -3.05]
2026-07-06 17:37 | WARNING  | robot_0 collided with obstacle_1 at state [7.52, 7.78, 3.13]
2026-07-06 17:37 | WARNING  | robot_0 collided with obstacle_1 at state [8.31, 8.53, 2.22]
2026-07-06 17:37 | WARNING  | robot_0 collided with obstacle_1 at state [9.13, 4.76, 1.71]
2026-07-06 17:37 | WARNING  | robot_0 collided with obstacle_7 at state [3.26, 8.6, -0.39]
2026-07-06 17:38 | WARNING  | robot_0 collided with obstacle_6 at state [5.21, 6.69, 0.33]
2026-07-06 17:38 | WARNING  | robot_0 collided with obstacle_6 at state [3.82, 8.05, 0.29]
2026-07-06 17:38 | WARNING  | robot_0 collided with obstacle_1 at state [5.71, 4.52, -1.64]
2026-07-06 17:38 | WARNING  | robot_0 collided with obstacle_7 at state [5.66, 2.56, -0.09]
2026-07-06 17:38 | WARNING  | robot_0 collided with obstacle_4 at state [4.56, 5.04, 3.04]
2026-07-06 17:38 | WARNING  | robot_0 collided with obstacle_2 at state [3.42, 1.96, 0.64]
2026-07-06 17:38 | WARNING  | robot_0 collided with obstacle_5 at state [1.38, 7.95, -2.34]
2026-07-06 17:38 | WARNING  | robot_0 collided with obstacle_1 at state [8.19, 5.67, 1.3]
--------------------------------------------------------------------------------------------
setting actor output action_std to min_action_std :  0.1
--------------------------------------------------------------------------------------------
2026-07-06 17:38 | WARNING  | robot_0 collided with obstacle_6 at state [3.94, 6.2, -1.42]
2026-07-06 17:38 | WARNING  | robot_0 collided with obstacle_4 at state [2.65, 4.55, 1.67]
2026-07-06 17:38 | WARNING  | robot_0 collided with obstacle_7 at state [5.88, 3.9, 0.84]
2026-07-06 17:38 | WARNING  | robot_0 collided with obstacle_7 at state [7.6, 2.23, -0.54]
2026-07-06 17:38 | WARNING  | robot_0 collided with obstacle_4 at state [4.47, 2.9, 2.38]
2026-07-06 17:38 | WARNING  | robot_0 collided with obstacle_7 at state [8.42, 4.88, -1.47]
2026-07-06 17:38 | WARNING  | robot_0 collided with obstacle_4 at state [1.5, 3.93, -1.24]
2026-07-06 17:39 | WARNING  | robot_0 collided with obstacle_7 at state [7.45, 3.79, 3.01]
2026-07-06 17:39 | WARNING  | robot_0 collided with obstacle_4 at state [8.48, 3.66, -0.03]
2026-07-06 17:39 | WARNING  | robot_0 collided with obstacle_7 at state [1.93, 6.1, -0.06]
2026-07-06 17:39 | WARNING  | robot_0 collided with obstacle_3 at state [8.66, 5.32, -0.08]
2026-07-06 17:39 | WARNING  | robot_0 collided with obstacle_1 at state [5.74, 1.74, 0.29]
--------------------------------------------------------------------------------------------
setting actor output action_std to min_action_std :  0.1
--------------------------------------------------------------------------------------------
2026-07-06 17:39 | WARNING  | robot_0 collided with obstacle_5 at state [8.17, 4.69, 1.41]
2026-07-06 17:39 | WARNING  | robot_0 collided with obstacle_1 at state [3.51, 5.9, -2.08]
2026-07-06 17:39 | WARNING  | robot_0 collided with obstacle_1 at state [5.07, 2.23, 2.65]
2026-07-06 17:39 | WARNING  | robot_0 collided with obstacle_2 at state [2.82, 5.77, -1.23]
2026-07-06 17:39 | WARNING  | robot_0 collided with obstacle_4 at state [6.39, 3.0, 3.13]
2026-07-06 17:39 | WARNING  | robot_0 collided with obstacle_5 at state [7.78, 5.41, 2.89]
2026-07-06 17:39 | WARNING  | robot_0 collided with obstacle_4 at state [9.7, 4.6, 1.54]
..............................................
Epoch 21. Evaluating scenarios
2026-07-06 17:39 | WARNING  | robot_0 collided with obstacle_1 at state [2.18, 6.69, -1.83]
2026-07-06 17:40 | WARNING  | robot_0 collided with obstacle_6 at state [8.4, 5.7, -1.78]
2026-07-06 17:40 | WARNING  | robot_0 collided with obstacle_4 at state [5.7, 1.8, 0.85]
2026-07-06 17:40 | WARNING  | robot_0 collided with obstacle_7 at state [2.39, 2.93, -0.08]
2026-07-06 17:40 | WARNING  | robot_0 collided with obstacle_4 at state [4.57, 7.83, 1.38]
Average Reward: -17.73307737797508
Average Collision rate: 0.5
Average Goal rate: 0.2
..............................................
2026-07-06 17:40 | WARNING  | robot_0 collided with obstacle_5 at state [5.75, 8.46, -2.93]
2026-07-06 17:40 | WARNING  | robot_0 collided with obstacle_8 at state [9.81, 4.09, 1.3]
2026-07-06 17:40 | WARNING  | robot_0 collided with obstacle_7 at state [3.48, 0.68, -0.94]
2026-07-06 17:40 | WARNING  | robot_0 collided with obstacle_4 at state [3.94, 6.29, -2.82]
2026-07-06 17:40 | WARNING  | robot_0 collided with obstacle_5 at state [3.1, 4.68, 0.37]
2026-07-06 17:41 | WARNING  | robot_0 collided with obstacle_4 at state [9.53, 5.38, -2.62]
2026-07-06 17:41 | WARNING  | robot_0 collided with obstacle_6 at state [0.96, 7.49, -1.18]
2026-07-06 17:41 | WARNING  | robot_0 collided with obstacle_4 at state [2.1, 4.36, 0.59]
2026-07-06 17:41 | WARNING  | robot_0 collided with obstacle_7 at state [4.29, 8.53, -0.04]
2026-07-06 17:41 | WARNING  | robot_0 collided with obstacle_2 at state [9.32, 6.37, 2.28]
--------------------------------------------------------------------------------------------
setting actor output action_std to min_action_std :  0.1
--------------------------------------------------------------------------------------------
2026-07-06 17:41 | WARNING  | robot_0 collided with obstacle_2 at state [4.41, 6.91, -0.5]
2026-07-06 17:41 | WARNING  | robot_0 collided with obstacle_5 at state [6.12, 1.96, -0.29]
2026-07-06 17:41 | WARNING  | robot_0 collided with obstacle_3 at state [2.48, 5.11, 0.92]
2026-07-06 17:41 | WARNING  | robot_0 collided with obstacle_4 at state [4.93, 7.83, -2.66]
2026-07-06 17:41 | WARNING  | robot_0 collided with obstacle_4 at state [6.51, 6.78, -3.1]
2026-07-06 17:41 | WARNING  | robot_0 collided with obstacle_6 at state [1.84, 2.38, -0.48]
2026-07-06 17:41 | WARNING  | robot_0 collided with obstacle_4 at state [5.33, 3.99, 1.28]
2026-07-06 17:42 | WARNING  | robot_0 collided with obstacle_4 at state [6.66, 1.24, -0.38]
2026-07-06 17:42 | WARNING  | robot_0 collided with obstacle_7 at state [3.6, 5.27, 2.68]
2026-07-06 17:42 | WARNING  | robot_0 collided with obstacle_2 at state [2.24, 7.28, -0.31]
--------------------------------------------------------------------------------------------
setting actor output action_std to min_action_std :  0.1
--------------------------------------------------------------------------------------------
2026-07-06 17:42 | WARNING  | robot_0 collided with obstacle_5 at state [7.04, 5.06, 1.15]
2026-07-06 17:42 | WARNING  | robot_0 collided with obstacle_7 at state [2.02, 4.06, -0.97]
2026-07-06 17:42 | WARNING  | robot_0 collided with obstacle_4 at state [5.63, 3.66, 1.79]
2026-07-06 17:42 | WARNING  | robot_0 collided with obstacle_3 at state [3.96, 7.65, -0.52]
2026-07-06 17:42 | WARNING  | robot_0 collided with obstacle_6 at state [3.48, 5.43, 1.54]
2026-07-06 17:42 | WARNING  | robot_0 collided with obstacle_4 at state [1.29, 5.21, -1.23]
2026-07-06 17:42 | WARNING  | robot_0 collided with obstacle_7 at state [8.11, 3.32, 1.1]
2026-07-06 17:42 | WARNING  | robot_0 collided with obstacle_6 at state [8.79, 6.18, 2.76]
2026-07-06 17:42 | WARNING  | robot_0 collided with obstacle_4 at state [6.67, 3.12, 0.99]
2026-07-06 17:42 | WARNING  | robot_0 collided with obstacle_7 at state [9.12, 4.53, 2.27]
2026-07-06 17:43 | WARNING  | robot_0 collided with obstacle_4 at state [6.33, 3.13, 1.46]
2026-07-06 17:43 | WARNING  | robot_0 collided with obstacle_4 at state [5.56, 6.37, -2.23]
--------------------------------------------------------------------------------------------
setting actor output action_std to min_action_std :  0.1
--------------------------------------------------------------------------------------------
2026-07-06 17:43 | WARNING  | robot_0 collided with obstacle_8 at state [1.5, 0.14, -0.98]
2026-07-06 17:43 | WARNING  | robot_0 collided with obstacle_7 at state [2.54, 3.79, 1.37]
2026-07-06 17:43 | WARNING  | robot_0 collided with obstacle_3 at state [2.25, 3.8, -0.79]
2026-07-06 17:43 | WARNING  | robot_0 collided with obstacle_7 at state [6.96, 7.53, -2.91]
2026-07-06 17:43 | WARNING  | robot_0 collided with obstacle_5 at state [8.01, 2.11, 1.72]
..............................................
Epoch 22. Evaluating scenarios
2026-07-06 17:43 | WARNING  | robot_0 collided with obstacle_8 at state [7.95, 9.81, 2.76]
2026-07-06 17:43 | WARNING  | robot_0 collided with obstacle_4 at state [7.82, 7.99, 2.75]
2026-07-06 17:43 | WARNING  | robot_0 collided with obstacle_7 at state [5.57, 2.44, 0.16]
2026-07-06 17:43 | WARNING  | robot_0 collided with obstacle_2 at state [7.89, 3.06, 1.92]
2026-07-06 17:44 | WARNING  | robot_0 collided with obstacle_5 at state [4.03, 2.98, 2.78]
2026-07-06 17:44 | WARNING  | robot_0 collided with obstacle_4 at state [3.55, 4.54, 0.7]
Average Reward: -22.835184421843085
Average Collision rate: 0.6
Average Goal rate: 0.3
..............................................
2026-07-06 17:44 | WARNING  | robot_0 collided with obstacle_7 at state [6.78, 4.54, -2.93]
2026-07-06 17:44 | WARNING  | robot_0 collided with obstacle_7 at state [7.92, 5.03, -2.75]
2026-07-06 17:44 | WARNING  | robot_0 collided with obstacle_7 at state [2.25, 6.48, -0.57]
2026-07-06 17:44 | WARNING  | robot_0 collided with obstacle_4 at state [9.21, 5.63, 1.21]
2026-07-06 17:44 | WARNING  | robot_0 collided with obstacle_1 at state [8.79, 5.6, 2.15]
2026-07-06 17:44 | WARNING  | robot_0 collided with obstacle_7 at state [8.08, 1.51, 1.6]
2026-07-06 17:44 | WARNING  | robot_0 collided with obstacle_7 at state [5.9, 6.18, -1.85]
2026-07-06 17:44 | WARNING  | robot_0 collided with obstacle_2 at state [2.67, 8.53, 3.06]
--------------------------------------------------------------------------------------------
setting actor output action_std to min_action_std :  0.1
--------------------------------------------------------------------------------------------
2026-07-06 17:45 | WARNING  | robot_0 collided with obstacle_8 at state [2.12, 9.82, 1.83]
2026-07-06 17:45 | WARNING  | robot_0 collided with obstacle_3 at state [8.74, 5.24, 2.76]
2026-07-06 17:45 | WARNING  | robot_0 collided with obstacle_3 at state [6.95, 2.13, -2.43]
2026-07-06 17:45 | WARNING  | robot_0 collided with obstacle_1 at state [3.46, 8.17, -1.86]
2026-07-06 17:45 | WARNING  | robot_0 collided with obstacle_7 at state [8.37, 5.07, 1.58]
2026-07-06 17:45 | WARNING  | robot_0 collided with obstacle_2 at state [3.48, 8.25, -2.39]
2026-07-06 17:45 | WARNING  | robot_0 collided with obstacle_8 at state [3.5, 0.19, -0.24]
2026-07-06 17:45 | WARNING  | robot_0 collided with obstacle_7 at state [7.6, 3.66, 3.14]
2026-07-06 17:46 | WARNING  | robot_0 collided with obstacle_8 at state [0.19, 8.33, -1.72]
2026-07-06 17:46 | WARNING  | robot_0 collided with obstacle_2 at state [6.85, 4.31, -1.64]
2026-07-06 17:46 | WARNING  | robot_0 collided with obstacle_2 at state [7.41, 3.13, -1.2]
2026-07-06 17:46 | WARNING  | robot_0 collided with obstacle_2 at state [5.82, 5.8, -0.99]
--------------------------------------------------------------------------------------------
setting actor output action_std to min_action_std :  0.1
--------------------------------------------------------------------------------------------
2026-07-06 17:46 | WARNING  | robot_0 collided with obstacle_7 at state [5.5, 7.5, -0.79]
2026-07-06 17:46 | WARNING  | robot_0 collided with obstacle_7 at state [2.85, 5.78, -0.74]
2026-07-06 17:46 | WARNING  | robot_0 collided with obstacle_2 at state [6.87, 4.7, -1.23]
2026-07-06 17:46 | WARNING  | robot_0 collided with obstacle_6 at state [4.2, 8.76, -2.89]
2026-07-06 17:46 | WARNING  | robot_0 collided with obstacle_5 at state [7.55, 4.46, 2.41]
2026-07-06 17:46 | WARNING  | robot_0 collided with obstacle_7 at state [2.9, 8.37, -1.96]
2026-07-06 17:46 | WARNING  | robot_0 collided with obstacle_2 at state [2.89, 8.25, -2.43]
2026-07-06 17:46 | WARNING  | robot_0 collided with obstacle_2 at state [5.15, 3.28, 1.45]
2026-07-06 17:46 | WARNING  | robot_0 collided with obstacle_6 at state [7.7, 4.73, -2.39]
2026-07-06 17:46 | WARNING  | robot_0 collided with obstacle_1 at state [2.36, 6.93, -2.27]
2026-07-06 17:46 | WARNING  | robot_0 collided with obstacle_2 at state [6.51, 5.86, 2.01]
--------------------------------------------------------------------------------------------
setting actor output action_std to min_action_std :  0.1
--------------------------------------------------------------------------------------------
2026-07-06 17:47 | WARNING  | robot_0 collided with obstacle_6 at state [2.99, 5.42, 1.78]
2026-07-06 17:47 | WARNING  | robot_0 collided with obstacle_6 at state [4.18, 8.15, -2.13]
2026-07-06 17:47 | WARNING  | robot_0 collided with obstacle_1 at state [5.75, 7.85, -3.12]
2026-07-06 17:47 | WARNING  | robot_0 collided with obstacle_8 at state [0.19, 7.24, -2.05]
2026-07-06 17:47 | WARNING  | robot_0 collided with obstacle_6 at state [3.25, 3.83, -0.55]
2026-07-06 17:47 | WARNING  | robot_0 collided with obstacle_1 at state [6.84, 3.26, -1.28]
..............................................
Epoch 23. Evaluating scenarios
2026-07-06 17:47 | WARNING  | robot_0 collided with obstacle_6 at state [5.24, 8.74, -0.06]
2026-07-06 17:47 | WARNING  | robot_0 collided with obstacle_6 at state [3.26, 6.08, -0.73]
2026-07-06 17:47 | WARNING  | robot_0 collided with obstacle_3 at state [7.64, 4.25, -0.23]
2026-07-06 17:47 | WARNING  | robot_0 collided with obstacle_3 at state [7.46, 6.28, -2.37]
2026-07-06 17:47 | WARNING  | robot_0 collided with obstacle_5 at state [3.75, 4.88, 1.94]
2026-07-06 17:47 | WARNING  | robot_0 collided with obstacle_3 at state [4.68, 4.9, -1.8]
Average Reward: -24.392188452161157
Average Collision rate: 0.6
Average Goal rate: 0.3
..............................................
2026-07-06 17:48 | WARNING  | robot_0 collided with obstacle_8 at state [8.44, 9.81, 2.9]
2026-07-06 17:48 | WARNING  | robot_0 collided with obstacle_2 at state [5.92, 7.42, 2.41]
2026-07-06 17:48 | WARNING  | robot_0 collided with obstacle_6 at state [5.18, 8.75, -2.65]
2026-07-06 17:48 | WARNING  | robot_0 collided with obstacle_3 at state [4.98, 7.8, -2.59]
2026-07-06 17:48 | WARNING  | robot_0 collided with obstacle_3 at state [6.05, 2.53, -0.75]
2026-07-06 17:48 | WARNING  | robot_0 collided with obstacle_7 at state [4.25, 3.67, 2.67]
2026-07-06 17:48 | WARNING  | robot_0 collided with obstacle_6 at state [8.09, 1.97, -0.01]
2026-07-06 17:48 | WARNING  | robot_0 collided with obstacle_5 at state [9.0, 7.5, 1.95]
--------------------------------------------------------------------------------------------
setting actor output action_std to min_action_std :  0.1
--------------------------------------------------------------------------------------------
2026-07-06 17:49 | WARNING  | robot_0 collided with obstacle_6 at state [8.38, 9.07, 0.26]
2026-07-06 17:49 | WARNING  | robot_0 collided with obstacle_2 at state [2.68, 2.56, 0.28]
2026-07-06 17:49 | WARNING  | robot_0 collided with obstacle_4 at state [4.61, 4.21, 1.09]
2026-07-06 17:49 | WARNING  | robot_0 collided with obstacle_7 at state [6.57, 6.02, -2.03]
2026-07-06 17:49 | WARNING  | robot_0 collided with obstacle_3 at state [6.09, 6.73, 1.97]
2026-07-06 17:49 | WARNING  | robot_0 collided with obstacle_3 at state [6.93, 7.81, -2.55]
2026-07-06 17:49 | WARNING  | robot_0 collided with obstacle_2 at state [8.41, 5.62, 1.49]
2026-07-06 17:49 | WARNING  | robot_0 collided with obstacle_1 at state [1.43, 2.55, -0.83]
2026-07-06 17:49 | WARNING  | robot_0 collided with obstacle_7 at state [7.93, 5.63, -1.93]
2026-07-06 17:49 | WARNING  | robot_0 collided with obstacle_4 at state [9.0, 2.93, 1.58]
2026-07-06 17:49 | WARNING  | robot_0 collided with obstacle_2 at state [6.42, 3.0, 1.12]
2026-07-06 17:49 | WARNING  | robot_0 collided with obstacle_4 at state [3.13, 2.2, -0.49]
2026-07-06 17:49 | WARNING  | robot_0 collided with obstacle_1 at state [5.73, 2.67, 2.25]
2026-07-06 17:49 | WARNING  | robot_0 collided with obstacle_6 at state [8.21, 3.11, 1.6]
2026-07-06 17:49 | WARNING  | robot_0 collided with obstacle_1 at state [4.67, 3.64, -0.99]
--------------------------------------------------------------------------------------------
setting actor output action_std to min_action_std :  0.1
--------------------------------------------------------------------------------------------
2026-07-06 17:49 | WARNING  | robot_0 collided with obstacle_5 at state [3.53, 7.7, -0.06]
2026-07-06 17:49 | WARNING  | robot_0 collided with obstacle_7 at state [2.76, 8.17, -2.13]
2026-07-06 17:49 | WARNING  | robot_0 collided with obstacle_4 at state [3.71, 1.37, 0.52]
2026-07-06 17:50 | WARNING  | robot_0 collided with obstacle_5 at state [8.6, 3.27, 1.52]
2026-07-06 17:50 | WARNING  | robot_0 collided with obstacle_4 at state [6.83, 2.73, -2.74]
2026-07-06 17:50 | WARNING  | robot_0 collided with obstacle_4 at state [4.74, 1.91, 2.62]
2026-07-06 17:50 | WARNING  | robot_0 collided with obstacle_2 at state [4.89, 6.63, 0.3]
2026-07-06 17:50 | WARNING  | robot_0 collided with obstacle_7 at state [1.82, 2.63, -0.14]
2026-07-06 17:50 | WARNING  | robot_0 collided with obstacle_4 at state [5.71, 5.61, 0.67]
2026-07-06 17:50 | WARNING  | robot_0 collided with obstacle_7 at state [8.53, 4.8, 2.28]
2026-07-06 17:50 | WARNING  | robot_0 collided with obstacle_3 at state [8.01, 8.56, 2.77]
2026-07-06 17:50 | WARNING  | robot_0 collided with obstacle_5 at state [7.55, 6.97, 2.82]
--------------------------------------------------------------------------------------------
setting actor output action_std to min_action_std :  0.1
--------------------------------------------------------------------------------------------
2026-07-06 17:50 | WARNING  | robot_0 collided with obstacle_7 at state [1.84, 6.78, -1.79]
2026-07-06 17:51 | WARNING  | robot_0 collided with obstacle_5 at state [1.89, 6.84, 0.05]
2026-07-06 17:51 | WARNING  | robot_0 collided with obstacle_5 at state [6.75, 4.38, 0.56]
2026-07-06 17:51 | WARNING  | robot_0 collided with obstacle_6 at state [1.06, 3.27, -0.84]
2026-07-06 17:51 | WARNING  | robot_0 collided with obstacle_2 at state [6.13, 2.01, -0.01]
..............................................
Epoch 24. Evaluating scenarios
2026-07-06 17:51 | WARNING  | robot_0 collided with obstacle_3 at state [2.83, 3.58, -0.56]
2026-07-06 17:51 | WARNING  | robot_0 collided with obstacle_5 at state [4.8, 3.62, 1.93]
2026-07-06 17:51 | WARNING  | robot_0 collided with obstacle_2 at state [5.87, 5.07, 1.67]
2026-07-06 17:51 | WARNING  | robot_0 collided with obstacle_7 at state [4.25, 7.7, 0.62]
2026-07-06 17:51 | WARNING  | robot_0 collided with obstacle_4 at state [4.42, 2.77, 1.61]
2026-07-06 17:51 | WARNING  | robot_0 collided with obstacle_6 at state [7.12, 8.17, 2.92]
2026-07-06 17:51 | WARNING  | robot_0 collided with obstacle_6 at state [6.74, 8.14, 3.11]
Average Reward: -45.18095464004007
Average Collision rate: 0.7
Average Goal rate: 0.2
..............................................
2026-07-06 17:51 | WARNING  | robot_0 collided with obstacle_4 at state [4.49, 7.73, -2.23]
2026-07-06 17:51 | WARNING  | robot_0 collided with obstacle_6 at state [1.83, 1.2, 0.46]
2026-07-06 17:51 | WARNING  | robot_0 collided with obstacle_6 at state [1.75, 3.28, 1.04]
2026-07-06 17:51 | WARNING  | robot_0 collided with obstacle_4 at state [9.32, 2.5, 1.35]
2026-07-06 17:51 | WARNING  | robot_0 collided with obstacle_3 at state [2.75, 5.19, -1.12]
2026-07-06 17:52 | WARNING  | robot_0 collided with obstacle_3 at state [4.71, 4.45, -2.68]
2026-07-06 17:52 | WARNING  | robot_0 collided with obstacle_4 at state [2.62, 2.82, 0.26]
2026-07-06 17:52 | WARNING  | robot_0 collided with obstacle_7 at state [4.48, 1.8, 1.2]
2026-07-06 17:52 | WARNING  | robot_0 collided with obstacle_4 at state [2.83, 4.78, 1.67]
2026-07-06 17:52 | WARNING  | robot_0 collided with obstacle_6 at state [5.25, 7.81, -2.62]
2026-07-06 17:52 | WARNING  | robot_0 collided with obstacle_7 at state [1.76, 4.19, 1.01]
--------------------------------------------------------------------------------------------
setting actor output action_std to min_action_std :  0.1
--------------------------------------------------------------------------------------------
2026-07-06 17:52 | WARNING  | robot_0 collided with obstacle_5 at state [8.09, 2.92, 1.7]
2026-07-06 17:52 | WARNING  | robot_0 collided with obstacle_3 at state [7.45, 1.03, -0.01]
2026-07-06 17:52 | WARNING  | robot_0 collided with obstacle_2 at state [1.07, 6.34, -1.41]
2026-07-06 17:52 | WARNING  | robot_0 collided with obstacle_2 at state [8.05, 2.74, 0.0]
2026-07-06 17:52 | WARNING  | robot_0 collided with obstacle_4 at state [5.56, 6.12, 2.49]
2026-07-06 17:52 | WARNING  | robot_0 collided with obstacle_7 at state [4.69, 0.81, 0.73]
2026-07-06 17:53 | WARNING  | robot_0 collided with obstacle_5 at state [8.41, 8.15, 2.98]
2026-07-06 17:53 | WARNING  | robot_0 collided with obstacle_6 at state [5.56, 4.2, 0.96]
2026-07-06 17:53 | WARNING  | robot_0 collided with obstacle_6 at state [1.38, 5.47, -1.94]
2026-07-06 17:53 | WARNING  | robot_0 collided with obstacle_7 at state [5.27, 3.18, 0.71]
--------------------------------------------------------------------------------------------
setting actor output action_std to min_action_std :  0.1
--------------------------------------------------------------------------------------------
2026-07-06 17:53 | WARNING  | robot_0 collided with obstacle_2 at state [7.33, 3.75, 0.91]
2026-07-06 17:53 | WARNING  | robot_0 collided with obstacle_1 at state [8.99, 8.53, 2.67]
2026-07-06 17:53 | WARNING  | robot_0 collided with obstacle_6 at state [0.89, 7.55, -0.71]
2026-07-06 17:53 | WARNING  | robot_0 collided with obstacle_3 at state [7.56, 6.96, 0.23]
2026-07-06 17:53 | WARNING  | robot_0 collided with obstacle_7 at state [4.29, 3.85, -0.63]
2026-07-06 17:53 | WARNING  | robot_0 collided with obstacle_4 at state [5.07, 8.16, -0.04]
2026-07-06 17:54 | WARNING  | robot_0 collided with obstacle_3 at state [5.86, 5.01, -1.46]
2026-07-06 17:54 | WARNING  | robot_0 collided with obstacle_2 at state [5.37, 1.36, 0.21]
2026-07-06 17:54 | WARNING  | robot_0 collided with obstacle_4 at state [5.34, 6.2, -1.35]
2026-07-06 17:54 | WARNING  | robot_0 collided with obstacle_5 at state [3.95, 9.24, -2.83]
--------------------------------------------------------------------------------------------
setting actor output action_std to min_action_std :  0.1
--------------------------------------------------------------------------------------------
2026-07-06 17:54 | WARNING  | robot_0 collided with obstacle_3 at state [8.83, 5.98, 2.03]
2026-07-06 17:54 | WARNING  | robot_0 collided with obstacle_4 at state [7.04, 4.66, 2.6]
2026-07-06 17:54 | WARNING  | robot_0 collided with obstacle_6 at state [8.65, 3.63, 2.58]
2026-07-06 17:54 | WARNING  | robot_0 collided with obstacle_2 at state [3.61, 8.97, -2.45]
2026-07-06 17:54 | WARNING  | robot_0 collided with obstacle_7 at state [6.27, 2.18, 0.25]
2026-07-06 17:54 | WARNING  | robot_0 collided with obstacle_7 at state [2.39, 0.68, -0.54]
2026-07-06 17:55 | WARNING  | robot_0 collided with obstacle_2 at state [0.78, 6.69, -1.88]
..............................................
Epoch 25. Evaluating scenarios
2026-07-06 17:55 | WARNING  | robot_0 collided with obstacle_5 at state [1.4, 5.2, -1.09]
2026-07-06 17:55 | WARNING  | robot_0 collided with obstacle_2 at state [6.74, 6.48, -1.91]
2026-07-06 17:55 | WARNING  | robot_0 collided with obstacle_1 at state [5.09, 1.99, 0.56]
2026-07-06 17:55 | WARNING  | robot_0 collided with obstacle_5 at state [6.75, 7.94, -2.76]
2026-07-06 17:55 | WARNING  | robot_0 collided with obstacle_7 at state [5.41, 9.73, 2.93]
2026-07-06 17:55 | WARNING  | robot_0 collided with obstacle_2 at state [6.9, 8.51, -2.7]
2026-07-06 17:55 | WARNING  | robot_0 collided with obstacle_5 at state [3.3, 7.74, -0.41]
2026-07-06 17:55 | WARNING  | robot_0 collided with obstacle_7 at state [2.95, 2.86, -0.56]
2026-07-06 17:55 | WARNING  | robot_0 collided with obstacle_1 at state [4.57, 3.53, -0.23]
Average Reward: -85.74745251131984
Average Collision rate: 0.9
Average Goal rate: 0.0
..............................................
2026-07-06 17:55 | WARNING  | robot_0 collided with obstacle_4 at state [3.86, 6.73, 2.65]
2026-07-06 17:55 | WARNING  | robot_0 collided with obstacle_4 at state [4.21, 6.62, 0.45]
2026-07-06 17:55 | WARNING  | robot_0 collided with obstacle_6 at state [1.9, 7.74, -1.85]
2026-07-06 17:55 | WARNING  | robot_0 collided with obstacle_4 at state [2.73, 7.59, -0.08]
2026-07-06 17:55 | WARNING  | robot_0 collided with obstacle_6 at state [1.22, 5.03, -0.9]
2026-07-06 17:55 | WARNING  | robot_0 collided with obstacle_5 at state [1.68, 3.82, -0.43]
2026-07-06 17:55 | WARNING  | robot_0 collided with obstacle_2 at state [5.18, 5.15, 2.19]
2026-07-06 17:56 | WARNING  | robot_0 collided with obstacle_2 at state [5.31, 9.25, -2.58]
2026-07-06 17:56 | WARNING  | robot_0 collided with obstacle_5 at state [2.12, 3.54, -0.72]
--------------------------------------------------------------------------------------------
setting actor output action_std to min_action_std :  0.1
--------------------------------------------------------------------------------------------
2026-07-06 17:56 | WARNING  | robot_0 collided with obstacle_4 at state [5.09, 6.67, -2.42]
2026-07-06 17:56 | WARNING  | robot_0 collided with obstacle_2 at state [2.61, 8.22, -0.61]
2026-07-06 17:56 | WARNING  | robot_0 collided with obstacle_8 at state [6.79, 9.8, 3.1]
2026-07-06 17:56 | WARNING  | robot_0 collided with obstacle_6 at state [5.33, 6.09, -0.14]
2026-07-06 17:56 | WARNING  | robot_0 collided with obstacle_7 at state [3.29, 9.5, 3.03]
2026-07-06 17:56 | WARNING  | robot_0 collided with obstacle_4 at state [6.52, 2.9, 0.61]
2026-07-06 17:57 | WARNING  | robot_0 collided with obstacle_5 at state [8.73, 3.85, 2.78]
2026-07-06 17:57 | WARNING  | robot_0 collided with obstacle_5 at state [4.11, 5.65, 0.06]
2026-07-06 17:57 | WARNING  | robot_0 collided with obstacle_2 at state [2.34, 8.93, -1.92]
2026-07-06 17:57 | WARNING  | robot_0 collided with obstacle_2 at state [1.87, 6.88, -1.78]
2026-07-06 17:57 | WARNING  | robot_0 collided with obstacle_7 at state [9.39, 3.35, 2.47]
2026-07-06 17:57 | WARNING  | robot_0 collided with obstacle_2 at state [3.33, 9.07, -2.55]
--------------------------------------------------------------------------------------------
setting actor output action_std to min_action_std :  0.1
--------------------------------------------------------------------------------------------
2026-07-06 17:57 | WARNING  | robot_0 collided with obstacle_7 at state [7.94, 6.09, -1.74]
2026-07-06 17:57 | WARNING  | robot_0 collided with obstacle_5 at state [2.5, 6.35, 0.68]
2026-07-06 17:57 | WARNING  | robot_0 collided with obstacle_1 at state [5.32, 9.37, -2.72]
2026-07-06 17:57 | WARNING  | robot_0 collided with obstacle_5 at state [5.36, 7.02, 0.57]
2026-07-06 17:57 | WARNING  | robot_0 collided with obstacle_3 at state [1.02, 3.13, -1.1]
2026-07-06 17:57 | WARNING  | robot_0 collided with obstacle_7 at state [5.04, 5.03, -1.16]
2026-07-06 17:57 | WARNING  | robot_0 collided with obstacle_3 at state [7.21, 6.31, 0.06]
2026-07-06 17:57 | WARNING  | robot_0 collided with obstacle_3 at state [2.88, 2.6, -1.86]
2026-07-06 17:57 | WARNING  | robot_0 collided with obstacle_2 at state [3.84, 8.94, -2.95]
2026-07-06 17:58 | WARNING  | robot_0 collided with obstacle_6 at state [4.39, 2.48, 1.91]
2026-07-06 17:58 | WARNING  | robot_0 collided with obstacle_5 at state [7.05, 6.75, -1.9]
2026-07-06 17:58 | WARNING  | robot_0 collided with obstacle_4 at state [5.98, 3.27, -1.14]
2026-07-06 17:58 | WARNING  | robot_0 collided with obstacle_3 at state [4.75, 6.88, -0.58]
2026-07-06 17:58 | WARNING  | robot_0 collided with obstacle_8 at state [9.8, 3.53, 1.49]
--------------------------------------------------------------------------------------------
setting actor output action_std to min_action_std :  0.1
--------------------------------------------------------------------------------------------
2026-07-06 17:58 | WARNING  | robot_0 collided with obstacle_3 at state [4.65, 6.91, -0.61]
2026-07-06 17:58 | WARNING  | robot_0 collided with obstacle_3 at state [4.51, 2.52, 1.41]
2026-07-06 17:58 | WARNING  | robot_0 collided with obstacle_3 at state [5.34, 2.97, -0.01]
2026-07-06 17:58 | WARNING  | robot_0 collided with obstacle_1 at state [6.36, 8.27, -3.11]
..............................................
Epoch 26. Evaluating scenarios
2026-07-06 17:58 | WARNING  | robot_0 collided with obstacle_5 at state [2.34, 3.99, 0.13]
2026-07-06 17:59 | WARNING  | robot_0 collided with obstacle_7 at state [0.86, 4.03, 0.95]
2026-07-06 17:59 | WARNING  | robot_0 collided with obstacle_7 at state [5.62, 7.94, -2.36]
2026-07-06 17:59 | WARNING  | robot_0 collided with obstacle_7 at state [3.14, 8.56, -3.08]
2026-07-06 17:59 | WARNING  | robot_0 collided with obstacle_4 at state [5.22, 0.8, -0.47]
2026-07-06 17:59 | WARNING  | robot_0 collided with obstacle_6 at state [3.38, 2.28, 0.56]
2026-07-06 17:59 | WARNING  | robot_0 collided with obstacle_2 at state [8.91, 4.02, -3.14]
Average Reward: -50.27142465490415
Average Collision rate: 0.7
Average Goal rate: 0.0
..............................................
2026-07-06 17:59 | WARNING  | robot_0 collided with obstacle_4 at state [2.84, 8.31, -2.3]
2026-07-06 17:59 | WARNING  | robot_0 collided with obstacle_3 at state [8.65, 2.08, 1.5]
2026-07-06 17:59 | WARNING  | robot_0 collided with obstacle_6 at state [1.41, 3.63, -1.08]
2026-07-06 17:59 | WARNING  | robot_0 collided with obstacle_2 at state [1.96, 7.92, -1.92]
2026-07-06 17:59 | WARNING  | robot_0 collided with obstacle_3 at state [4.93, 2.38, -1.43]
2026-07-06 18:00 | WARNING  | robot_0 collided with obstacle_8 at state [3.35, 9.8, 3.02]
2026-07-06 18:00 | WARNING  | robot_0 collided with obstacle_2 at state [0.97, 5.24, -1.62]
2026-07-06 18:00 | WARNING  | robot_0 collided with obstacle_1 at state [4.45, 2.07, 0.75]
--------------------------------------------------------------------------------------------
setting actor output action_std to min_action_std :  0.1
--------------------------------------------------------------------------------------------
2026-07-06 18:00 | WARNING  | robot_0 collided with obstacle_5 at state [7.48, 3.99, -1.9]
2026-07-06 18:00 | WARNING  | robot_0 collided with obstacle_4 at state [3.99, 8.37, -1.59]
2026-07-06 18:00 | WARNING  | robot_0 collided with obstacle_4 at state [2.07, 8.26, 0.77]
2026-07-06 18:00 | WARNING  | robot_0 collided with obstacle_8 at state [3.63, 0.19, -0.31]
2026-07-06 18:00 | WARNING  | robot_0 collided with obstacle_1 at state [7.12, 6.24, 2.54]
2026-07-06 18:00 | WARNING  | robot_0 collided with obstacle_5 at state [2.63, 3.0, -0.13]
2026-07-06 18:00 | WARNING  | robot_0 collided with obstacle_3 at state [3.37, 2.11, -0.03]
2026-07-06 18:00 | WARNING  | robot_0 collided with obstacle_1 at state [4.95, 5.08, 0.38]
2026-07-06 18:00 | WARNING  | robot_0 collided with obstacle_4 at state [7.36, 4.21, 2.48]
2026-07-06 18:00 | WARNING  | robot_0 collided with obstacle_6 at state [6.19, 3.67, 3.13]
2026-07-06 18:00 | WARNING  | robot_0 collided with obstacle_5 at state [5.88, 5.6, 0.38]
2026-07-06 18:00 | WARNING  | robot_0 collided with obstacle_4 at state [0.85, 7.2, -1.91]
2026-07-06 18:01 | WARNING  | robot_0 collided with obstacle_3 at state [1.78, 1.21, 0.08]
2026-07-06 18:01 | WARNING  | robot_0 collided with obstacle_1 at state [6.5, 1.64, 1.18]
--------------------------------------------------------------------------------------------
setting actor output action_std to min_action_std :  0.1
--------------------------------------------------------------------------------------------
2026-07-06 18:01 | WARNING  | robot_0 collided with obstacle_5 at state [2.34, 3.34, 0.02]
2026-07-06 18:01 | WARNING  | robot_0 collided with obstacle_4 at state [1.38, 6.24, -1.74]
2026-07-06 18:01 | WARNING  | robot_0 collided with obstacle_6 at state [1.78, 9.06, -3.06]
2026-07-06 18:01 | WARNING  | robot_0 collided with obstacle_7 at state [8.08, 8.16, 2.59]
2026-07-06 18:01 | WARNING  | robot_0 collided with obstacle_1 at state [3.9, 5.07, 1.97]
2026-07-06 18:01 | WARNING  | robot_0 collided with obstacle_3 at state [8.38, 7.81, 2.27]
2026-07-06 18:01 | WARNING  | robot_0 collided with obstacle_5 at state [6.85, 7.43, 0.57]
2026-07-06 18:01 | WARNING  | robot_0 collided with obstacle_7 at state [6.98, 3.31, 2.92]
2026-07-06 18:01 | WARNING  | robot_0 collided with obstacle_2 at state [8.34, 7.04, 1.54]
2026-07-06 18:01 | WARNING  | robot_0 collided with obstacle_3 at state [2.66, 3.31, -2.22]
2026-07-06 18:02 | WARNING  | robot_0 collided with obstacle_7 at state [6.58, 5.72, 0.6]
2026-07-06 18:02 | WARNING  | robot_0 collided with obstacle_3 at state [4.01, 4.14, -1.55]
2026-07-06 18:02 | WARNING  | robot_0 collided with obstacle_7 at state [3.1, 7.64, -2.21]
--------------------------------------------------------------------------------------------
setting actor output action_std to min_action_std :  0.1
--------------------------------------------------------------------------------------------
2026-07-06 18:02 | WARNING  | robot_0 collided with obstacle_8 at state [9.82, 4.69, 0.73]
2026-07-06 18:02 | WARNING  | robot_0 collided with obstacle_4 at state [1.8, 3.08, -0.84]
2026-07-06 18:02 | WARNING  | robot_0 collided with obstacle_4 at state [2.68, 2.97, 0.78]
2026-07-06 18:02 | WARNING  | robot_0 collided with obstacle_5 at state [2.11, 1.92, -0.26]
..............................................
Epoch 27. Evaluating scenarios
2026-07-06 18:02 | WARNING  | robot_0 collided with obstacle_7 at state [8.62, 7.31, 2.27]
2026-07-06 18:02 | WARNING  | robot_0 collided with obstacle_5 at state [5.99, 2.37, 0.68]
2026-07-06 18:02 | WARNING  | robot_0 collided with obstacle_2 at state [1.63, 6.59, -0.83]
2026-07-06 18:02 | WARNING  | robot_0 collided with obstacle_7 at state [7.01, 3.53, 0.4]
2026-07-06 18:02 | WARNING  | robot_0 collided with obstacle_5 at state [8.75, 5.02, 2.46]
2026-07-06 18:02 | WARNING  | robot_0 collided with obstacle_1 at state [1.99, 1.42, -2.22]
Average Reward: -21.157401608750178
Average Collision rate: 0.6
Average Goal rate: 0.3
..............................................
2026-07-06 18:02 | WARNING  | robot_0 collided with obstacle_6 at state [9.39, 2.79, 1.55]
2026-07-06 18:02 | WARNING  | robot_0 collided with obstacle_8 at state [9.81, 2.64, 1.25]
2026-07-06 18:02 | WARNING  | robot_0 collided with obstacle_6 at state [5.86, 1.22, -0.23]
2026-07-06 18:02 | WARNING  | robot_0 collided with obstacle_7 at state [5.93, 1.42, 0.57]
2026-07-06 18:03 | WARNING  | robot_0 collided with obstacle_8 at state [3.08, 0.19, -0.29]
2026-07-06 18:03 | WARNING  | robot_0 collided with obstacle_5 at state [3.35, 3.0, -0.18]
2026-07-06 18:03 | WARNING  | robot_0 collided with obstacle_1 at state [2.72, 4.58, -0.93]
2026-07-06 18:03 | WARNING  | robot_0 collided with obstacle_7 at state [0.68, 4.85, -1.41]
2026-07-06 18:03 | WARNING  | robot_0 collided with obstacle_2 at state [6.71, 5.9, 0.39]
2026-07-06 18:03 | WARNING  | robot_0 collided with obstacle_7 at state [5.09, 3.9, 0.78]
2026-07-06 18:03 | WARNING  | robot_0 collided with obstacle_5 at state [9.36, 3.84, 1.72]
2026-07-06 18:03 | WARNING  | robot_0 collided with obstacle_4 at state [7.47, 7.94, 2.49]
2026-07-06 18:03 | WARNING  | robot_0 collided with obstacle_4 at state [4.01, 4.54, -0.79]
--------------------------------------------------------------------------------------------
setting actor output action_std to min_action_std :  0.1
--------------------------------------------------------------------------------------------
2026-07-06 18:03 | WARNING  | robot_0 collided with obstacle_3 at state [3.31, 4.19, 1.14]
2026-07-06 18:03 | WARNING  | robot_0 collided with obstacle_3 at state [5.38, 6.76, -1.28]
2026-07-06 18:03 | WARNING  | robot_0 collided with obstacle_4 at state [3.21, 4.69, -2.2]
2026-07-06 18:03 | WARNING  | robot_0 collided with obstacle_1 at state [1.47, 1.84, -0.82]
2026-07-06 18:03 | WARNING  | robot_0 collided with obstacle_2 at state [6.06, 6.9, -0.33]
2026-07-06 18:03 | WARNING  | robot_0 collided with obstacle_4 at state [5.93, 9.41, -2.93]
2026-07-06 18:04 | WARNING  | robot_0 collided with obstacle_4 at state [4.24, 4.1, -1.19]
2026-07-06 18:04 | WARNING  | robot_0 collided with obstacle_5 at state [8.63, 2.22, 1.55]
2026-07-06 18:04 | WARNING  | robot_0 collided with obstacle_6 at state [8.85, 5.07, 2.27]
2026-07-06 18:04 | WARNING  | robot_0 collided with obstacle_7 at state [5.44, 7.74, -0.6]
2026-07-06 18:04 | WARNING  | robot_0 collided with obstacle_2 at state [2.76, 7.49, -0.16]
2026-07-06 18:04 | WARNING  | robot_0 collided with obstacle_7 at state [2.44, 3.8, -0.35]
--------------------------------------------------------------------------------------------
setting actor output action_std to min_action_std :  0.1
--------------------------------------------------------------------------------------------
2026-07-06 18:04 | WARNING  | robot_0 collided with obstacle_7 at state [5.35, 4.61, -0.69]
2026-07-06 18:04 | WARNING  | robot_0 collided with obstacle_4 at state [9.74, 3.37, 1.15]
2026-07-06 18:04 | WARNING  | robot_0 collided with obstacle_4 at state [8.02, 6.1, -2.4]
2026-07-06 18:04 | WARNING  | robot_0 collided with obstacle_7 at state [7.5, 5.9, -1.52]
2026-07-06 18:04 | WARNING  | robot_0 collided with obstacle_7 at state [4.33, 6.1, 0.79]
2026-07-06 18:04 | WARNING  | robot_0 collided with obstacle_6 at state [7.46, 6.78, -2.04]
2026-07-06 18:04 | WARNING  | robot_0 collided with obstacle_6 at state [6.02, 4.76, -2.29]
2026-07-06 18:04 | WARNING  | robot_0 collided with obstacle_3 at state [1.63, 4.35, -1.52]
2026-07-06 18:04 | WARNING  | robot_0 collided with obstacle_8 at state [9.81, 8.15, -0.64]
2026-07-06 18:05 | WARNING  | robot_0 collided with obstacle_4 at state [5.59, 2.16, 0.76]
2026-07-06 18:05 | WARNING  | robot_0 collided with obstacle_3 at state [5.76, 2.45, 1.29]
2026-07-06 18:05 | WARNING  | robot_0 collided with obstacle_3 at state [7.67, 2.64, 0.91]
--------------------------------------------------------------------------------------------
setting actor output action_std to min_action_std :  0.1
--------------------------------------------------------------------------------------------
2026-07-06 18:05 | WARNING  | robot_0 collided with obstacle_3 at state [4.31, 2.83, -0.12]
2026-07-06 18:05 | WARNING  | robot_0 collided with obstacle_5 at state [4.04, 7.85, -1.39]
2026-07-06 18:05 | WARNING  | robot_0 collided with obstacle_5 at state [2.11, 5.0, -1.96]
2026-07-06 18:05 | WARNING  | robot_0 collided with obstacle_2 at state [3.1, 5.65, -1.07]
..............................................
Epoch 28. Evaluating scenarios
2026-07-06 18:06 | WARNING  | robot_0 collided with obstacle_7 at state [2.79, 8.65, -2.21]
2026-07-06 18:06 | WARNING  | robot_0 collided with obstacle_7 at state [5.26, 2.29, 1.22]
2026-07-06 18:06 | WARNING  | robot_0 collided with obstacle_2 at state [3.47, 8.19, -0.22]
2026-07-06 18:06 | WARNING  | robot_0 collided with obstacle_2 at state [5.76, 4.75, -2.57]
2026-07-06 18:06 | WARNING  | robot_0 collided with obstacle_5 at state [7.12, 0.8, 0.11]
Average Reward: -14.98327423090075
Average Collision rate: 0.5
Average Goal rate: 0.2
..............................................
2026-07-06 18:06 | WARNING  | robot_0 collided with obstacle_1 at state [3.87, 5.1, -2.52]
2026-07-06 18:06 | WARNING  | robot_0 collided with obstacle_4 at state [5.79, 7.84, -2.27]
2026-07-06 18:06 | WARNING  | robot_0 collided with obstacle_2 at state [2.44, 6.86, -1.43]
2026-07-06 18:06 | WARNING  | robot_0 collided with obstacle_2 at state [9.03, 4.47, 1.6]
2026-07-06 18:06 | WARNING  | robot_0 collided with obstacle_7 at state [3.82, 7.4, -0.25]
2026-07-06 18:06 | WARNING  | robot_0 collided with obstacle_7 at state [8.51, 5.19, 0.0]
2026-07-06 18:06 | WARNING  | robot_0 collided with obstacle_7 at state [6.24, 7.71, -3.06]
2026-07-06 18:06 | WARNING  | robot_0 collided with obstacle_6 at state [5.97, 1.89, 2.57]
2026-07-06 18:06 | WARNING  | robot_0 collided with obstacle_5 at state [7.57, 7.64, -2.02]
2026-07-06 18:06 | WARNING  | robot_0 collided with obstacle_3 at state [0.97, 5.06, 1.99]
2026-07-06 18:07 | WARNING  | robot_0 collided with obstacle_6 at state [8.28, 8.36, 2.68]
--------------------------------------------------------------------------------------------
setting actor output action_std to min_action_std :  0.1
--------------------------------------------------------------------------------------------
2026-07-06 18:07 | WARNING  | robot_0 collided with obstacle_8 at state [9.81, 7.49, -0.08]
2026-07-06 18:07 | WARNING  | robot_0 collided with obstacle_2 at state [0.5, 6.83, -1.29]
2026-07-06 18:07 | WARNING  | robot_0 collided with obstacle_2 at state [2.16, 1.29, -0.15]
2026-07-06 18:07 | WARNING  | robot_0 collided with obstacle_6 at state [6.95, 6.18, -2.28]
2026-07-06 18:07 | WARNING  | robot_0 collided with obstacle_7 at state [7.61, 5.69, 3.07]
2026-07-06 18:07 | WARNING  | robot_0 collided with obstacle_5 at state [8.08, 3.1, -1.61]
2026-07-06 18:07 | WARNING  | robot_0 collided with obstacle_5 at state [7.05, 1.97, 1.03]
2026-07-06 18:07 | WARNING  | robot_0 collided with obstacle_7 at state [3.66, 7.27, 0.64]
2026-07-06 18:07 | WARNING  | robot_0 collided with obstacle_1 at state [5.88, 6.66, 2.66]
2026-07-06 18:07 | WARNING  | robot_0 collided with obstacle_1 at state [2.84, 8.42, -2.26]
2026-07-06 18:08 | WARNING  | robot_0 collided with obstacle_5 at state [9.33, 4.02, 2.07]
2026-07-06 18:08 | WARNING  | robot_0 collided with obstacle_7 at state [9.41, 3.52, 1.68]
--------------------------------------------------------------------------------------------
setting actor output action_std to min_action_std :  0.1
--------------------------------------------------------------------------------------------
2026-07-06 18:08 | WARNING  | robot_0 collided with obstacle_2 at state [7.89, 9.58, 2.75]
2026-07-06 18:08 | WARNING  | robot_0 collided with obstacle_3 at state [0.7, 1.43, -1.61]
2026-07-06 18:08 | WARNING  | robot_0 collided with obstacle_6 at state [8.02, 6.3, -2.99]
2026-07-06 18:08 | WARNING  | robot_0 collided with obstacle_5 at state [7.46, 3.63, 0.01]
2026-07-06 18:08 | WARNING  | robot_0 collided with obstacle_4 at state [5.75, 9.21, 2.54]
2026-07-06 18:08 | WARNING  | robot_0 collided with obstacle_6 at state [2.93, 4.7, -1.13]
2026-07-06 18:08 | WARNING  | robot_0 collided with obstacle_6 at state [6.56, 6.51, 0.48]
2026-07-06 18:08 | WARNING  | robot_0 collided with obstacle_6 at state [4.68, 8.29, -2.69]
2026-07-06 18:08 | WARNING  | robot_0 collided with obstacle_7 at state [3.71, 2.13, 0.46]
2026-07-06 18:08 | WARNING  | robot_0 collided with obstacle_2 at state [7.38, 1.89, 0.21]
2026-07-06 18:08 | WARNING  | robot_0 collided with obstacle_7 at state [6.4, 7.23, 0.71]
2026-07-06 18:08 | WARNING  | robot_0 collided with obstacle_2 at state [3.42, 6.2, -1.94]
2026-07-06 18:08 | WARNING  | robot_0 collided with obstacle_3 at state [3.01, 2.03, 0.92]
2026-07-06 18:08 | WARNING  | robot_0 collided with obstacle_5 at state [8.9, 2.48, 1.37]
--------------------------------------------------------------------------------------------
setting actor output action_std to min_action_std :  0.1
--------------------------------------------------------------------------------------------
2026-07-06 18:09 | WARNING  | robot_0 collided with obstacle_3 at state [7.79, 3.83, 0.0]
2026-07-06 18:09 | WARNING  | robot_0 collided with obstacle_5 at state [4.72, 2.39, 0.17]
2026-07-06 18:09 | WARNING  | robot_0 collided with obstacle_4 at state [3.2, 4.84, 0.23]
2026-07-06 18:09 | WARNING  | robot_0 collided with obstacle_1 at state [1.01, 2.73, -2.5]
2026-07-06 18:09 | WARNING  | robot_0 collided with obstacle_5 at state [3.65, 3.47, -0.04]
2026-07-06 18:09 | WARNING  | robot_0 collided with obstacle_1 at state [7.75, 3.87, 2.49]
2026-07-06 18:09 | WARNING  | robot_0 collided with obstacle_3 at state [7.86, 7.05, 1.05]
..............................................
Epoch 29. Evaluating scenarios
2026-07-06 18:09 | WARNING  | robot_0 collided with obstacle_7 at state [4.69, 7.49, -2.0]
2026-07-06 18:09 | WARNING  | robot_0 collided with obstacle_7 at state [5.88, 7.86, -2.58]
2026-07-06 18:09 | WARNING  | robot_0 collided with obstacle_2 at state [5.97, 0.93, -0.05]
2026-07-06 18:09 | WARNING  | robot_0 collided with obstacle_1 at state [1.94, 4.96, -0.74]
2026-07-06 18:09 | WARNING  | robot_0 collided with obstacle_8 at state [5.78, 9.8, 3.13]
Average Reward: 5.518661658184778
Average Collision rate: 0.5
Average Goal rate: 0.4
..............................................
2026-07-06 18:09 | WARNING  | robot_0 collided with obstacle_6 at state [0.95, 4.78, 2.08]
2026-07-06 18:10 | WARNING  | robot_0 collided with obstacle_7 at state [5.59, 7.13, -2.77]
2026-07-06 18:10 | WARNING  | robot_0 collided with obstacle_6 at state [8.45, 2.68, 1.78]
2026-07-06 18:10 | WARNING  | robot_0 collided with obstacle_7 at state [5.6, 3.72, 1.0]
2026-07-06 18:10 | WARNING  | robot_0 collided with obstacle_2 at state [5.34, 9.6, 2.89]
2026-07-06 18:10 | WARNING  | robot_0 collided with obstacle_4 at state [7.45, 5.83, -1.88]
2026-07-06 18:10 | WARNING  | robot_0 collided with obstacle_1 at state [4.38, 7.81, -2.63]
2026-07-06 18:10 | WARNING  | robot_0 collided with obstacle_4 at state [5.75, 4.56, 0.3]
2026-07-06 18:10 | WARNING  | robot_0 collided with obstacle_7 at state [5.03, 6.79, 0.5]
2026-07-06 18:10 | WARNING  | robot_0 collided with obstacle_4 at state [9.26, 4.13, 1.91]
--------------------------------------------------------------------------------------------
setting actor output action_std to min_action_std :  0.1
--------------------------------------------------------------------------------------------
2026-07-06 18:10 | WARNING  | robot_0 collided with obstacle_7 at state [1.62, 3.54, 0.89]
2026-07-06 18:10 | WARNING  | robot_0 collided with obstacle_7 at state [5.93, 1.64, 0.94]
2026-07-06 18:10 | WARNING  | robot_0 collided with obstacle_4 at state [1.84, 7.44, 3.0]
2026-07-06 18:10 | WARNING  | robot_0 collided with obstacle_7 at state [2.31, 5.09, -0.08]
2026-07-06 18:11 | WARNING  | robot_0 collided with obstacle_7 at state [1.93, 7.49, -0.84]
2026-07-06 18:11 | WARNING  | robot_0 collided with obstacle_7 at state [6.67, 3.09, -0.7]
2026-07-06 18:11 | WARNING  | robot_0 collided with obstacle_8 at state [9.82, 5.36, -1.55]
2026-07-06 18:11 | WARNING  | robot_0 collided with obstacle_6 at state [2.69, 3.25, 1.58]
2026-07-06 18:11 | WARNING  | robot_0 collided with obstacle_7 at state [6.8, 7.03, -1.29]
2026-07-06 18:11 | WARNING  | robot_0 collided with obstacle_8 at state [9.8, 3.28, 1.48]
2026-07-06 18:11 | WARNING  | robot_0 collided with obstacle_6 at state [5.7, 7.28, -1.86]
2026-07-06 18:11 | WARNING  | robot_0 collided with obstacle_3 at state [4.79, 4.93, -2.19]
2026-07-06 18:11 | WARNING  | robot_0 collided with obstacle_6 at state [3.01, 4.35, 0.31]
--------------------------------------------------------------------------------------------
setting actor output action_std to min_action_std :  0.1
--------------------------------------------------------------------------------------------
2026-07-06 18:11 | WARNING  | robot_0 collided with obstacle_7 at state [1.57, 2.67, 0.64]
2026-07-06 18:11 | WARNING  | robot_0 collided with obstacle_2 at state [6.07, 7.27, 0.76]
2026-07-06 18:11 | WARNING  | robot_0 collided with obstacle_8 at state [7.92, 9.8, -3.1]
2026-07-06 18:11 | WARNING  | robot_0 collided with obstacle_1 at state [4.43, 1.33, 0.19]
2026-07-06 18:11 | WARNING  | robot_0 collided with obstacle_4 at state [5.46, 4.7, -1.95]
2026-07-06 18:11 | WARNING  | robot_0 collided with obstacle_1 at state [5.19, 3.74, 1.39]
2026-07-06 18:11 | WARNING  | robot_0 collided with obstacle_4 at state [2.21, 5.22, 1.77]
2026-07-06 18:11 | WARNING  | robot_0 collided with obstacle_2 at state [6.04, 4.53, 2.61]
2026-07-06 18:11 | WARNING  | robot_0 collided with obstacle_4 at state [1.75, 2.19, -0.64]
2026-07-06 18:11 | WARNING  | robot_0 collided with obstacle_1 at state [9.61, 4.54, 1.68]
2026-07-06 18:12 | WARNING  | robot_0 collided with obstacle_4 at state [6.52, 9.61, -2.95]
2026-07-06 18:12 | WARNING  | robot_0 collided with obstacle_3 at state [1.87, 6.83, -0.76]
2026-07-06 18:12 | WARNING  | robot_0 collided with obstacle_5 at state [5.21, 5.12, 0.53]
2026-07-06 18:12 | WARNING  | robot_0 collided with obstacle_5 at state [1.77, 2.35, -0.34]
2026-07-06 18:12 | WARNING  | robot_0 collided with obstacle_5 at state [1.25, 1.57, 0.39]
--------------------------------------------------------------------------------------------
setting actor output action_std to min_action_std :  0.1
--------------------------------------------------------------------------------------------
2026-07-06 18:12 | WARNING  | robot_0 collided with obstacle_1 at state [2.69, 0.46, -0.15]
2026-07-06 18:12 | WARNING  | robot_0 collided with obstacle_7 at state [7.42, 6.23, -2.12]
2026-07-06 18:12 | WARNING  | robot_0 collided with obstacle_5 at state [2.67, 1.58, 0.13]
2026-07-06 18:12 | WARNING  | robot_0 collided with obstacle_5 at state [1.18, 5.99, 0.23]
2026-07-06 18:12 | WARNING  | robot_0 collided with obstacle_3 at state [6.74, 5.66, 2.31]
2026-07-06 18:12 | WARNING  | robot_0 collided with obstacle_5 at state [7.05, 8.44, -2.37]
2026-07-06 18:12 | WARNING  | robot_0 collided with obstacle_1 at state [7.32, 3.9, -2.68]
..............................................
Epoch 30. Evaluating scenarios
2026-07-06 18:12 | WARNING  | robot_0 collided with obstacle_5 at state [5.95, 7.11, 0.71]
2026-07-06 18:12 | WARNING  | robot_0 collided with obstacle_5 at state [3.34, 6.88, -0.53]
2026-07-06 18:12 | WARNING  | robot_0 collided with obstacle_5 at state [2.45, 1.72, -1.21]
2026-07-06 18:12 | WARNING  | robot_0 collided with obstacle_1 at state [1.35, 5.34, -2.43]
2026-07-06 18:12 | WARNING  | robot_0 collided with obstacle_8 at state [9.81, 7.96, -0.3]
2026-07-06 18:12 | WARNING  | robot_0 collided with obstacle_2 at state [3.45, 6.39, 2.5]
Average Reward: -23.78196087610271
Average Collision rate: 0.6
Average Goal rate: 0.2
..............................................
2026-07-06 18:13 | WARNING  | robot_0 collided with obstacle_7 at state [5.33, 2.22, 1.45]
2026-07-06 18:13 | WARNING  | robot_0 collided with obstacle_6 at state [1.6, 4.53, -0.29]
2026-07-06 18:13 | WARNING  | robot_0 collided with obstacle_3 at state [0.37, 8.17, -1.76]
2026-07-06 18:13 | WARNING  | robot_0 collided with obstacle_5 at state [7.29, 2.65, 1.05]
2026-07-06 18:13 | WARNING  | robot_0 collided with obstacle_6 at state [6.29, 4.04, 0.75]
2026-07-06 18:13 | WARNING  | robot_0 collided with obstacle_6 at state [8.48, 1.71, 1.14]
2026-07-06 18:13 | WARNING  | robot_0 collided with obstacle_5 at state [1.25, 6.8, -0.97]
2026-07-06 18:13 | WARNING  | robot_0 collided with obstacle_7 at state [3.07, 2.9, 0.76]
2026-07-06 18:13 | WARNING  | robot_0 collided with obstacle_7 at state [5.74, 7.21, 2.96]
2026-07-06 18:13 | WARNING  | robot_0 collided with obstacle_1 at state [3.11, 5.92, -1.97]
2026-07-06 18:13 | WARNING  | robot_0 collided with obstacle_1 at state [6.78, 5.3, 1.63]
2026-07-06 18:13 | WARNING  | robot_0 collided with obstacle_7 at state [0.95, 2.03, -1.09]
2026-07-06 18:14 | WARNING  | robot_0 collided with obstacle_2 at state [8.75, 3.88, 2.37]
--------------------------------------------------------------------------------------------
setting actor output action_std to min_action_std :  0.1
--------------------------------------------------------------------------------------------
2026-07-06 18:14 | WARNING  | robot_0 collided with obstacle_6 at state [1.67, 2.07, -1.05]
2026-07-06 18:14 | WARNING  | robot_0 collided with obstacle_2 at state [4.36, 5.82, -0.05]
2026-07-06 18:14 | WARNING  | robot_0 collided with obstacle_4 at state [4.57, 3.38, 0.21]
2026-07-06 18:14 | WARNING  | robot_0 collided with obstacle_5 at state [7.67, 3.28, 1.36]
2026-07-06 18:14 | WARNING  | robot_0 collided with obstacle_7 at state [5.33, 2.07, 2.31]
2026-07-06 18:14 | WARNING  | robot_0 collided with obstacle_1 at state [7.59, 2.33, 2.03]
2026-07-06 18:14 | WARNING  | robot_0 collided with obstacle_2 at state [1.51, 6.77, -1.21]
--------------------------------------------------------------------------------------------
setting actor output action_std to min_action_std :  0.1
--------------------------------------------------------------------------------------------
2026-07-06 18:15 | WARNING  | robot_0 collided with obstacle_7 at state [3.5, 2.2, -0.87]
2026-07-06 18:15 | WARNING  | robot_0 collided with obstacle_4 at state [2.82, 1.64, 1.15]
2026-07-06 18:15 | WARNING  | robot_0 collided with obstacle_5 at state [5.5, 2.36, 2.17]
2026-07-06 18:15 | WARNING  | robot_0 collided with obstacle_7 at state [2.26, 3.78, 0.81]
2026-07-06 18:15 | WARNING  | robot_0 collided with obstacle_3 at state [7.27, 5.75, 2.62]
2026-07-06 18:15 | WARNING  | robot_0 collided with obstacle_7 at state [3.8, 4.3, 0.83]
2026-07-06 18:15 | WARNING  | robot_0 collided with obstacle_1 at state [1.66, 2.13, -0.63]
2026-07-06 18:15 | WARNING  | robot_0 collided with obstacle_2 at state [3.97, 1.17, 0.66]
2026-07-06 18:15 | WARNING  | robot_0 collided with obstacle_4 at state [5.39, 3.03, 0.27]
2026-07-06 18:15 | WARNING  | robot_0 collided with obstacle_3 at state [6.06, 4.74, -2.45]
2026-07-06 18:15 | WARNING  | robot_0 collided with obstacle_3 at state [7.18, 2.21, 0.53]
2026-07-06 18:15 | WARNING  | robot_0 collided with obstacle_4 at state [2.66, 4.54, 2.0]
2026-07-06 18:16 | WARNING  | robot_0 collided with obstacle_4 at state [4.82, 8.05, -1.61]
2026-07-06 18:16 | WARNING  | robot_0 collided with obstacle_2 at state [3.43, 5.25, -0.72]
--------------------------------------------------------------------------------------------
setting actor output action_std to min_action_std :  0.1
--------------------------------------------------------------------------------------------
2026-07-06 18:16 | WARNING  | robot_0 collided with obstacle_2 at state [6.3, 2.15, 2.17]
2026-07-06 18:16 | WARNING  | robot_0 collided with obstacle_2 at state [7.82, 3.37, 2.29]
2026-07-06 18:16 | WARNING  | robot_0 collided with obstacle_2 at state [2.57, 5.77, -0.65]
2026-07-06 18:16 | WARNING  | robot_0 collided with obstacle_4 at state [4.22, 4.11, -0.84]
2026-07-06 18:16 | WARNING  | robot_0 collided with obstacle_3 at state [2.72, 5.87, 0.23]
2026-07-06 18:16 | WARNING  | robot_0 collided with obstacle_3 at state [4.48, 7.43, -2.88]
..............................................
Epoch 31. Evaluating scenarios
2026-07-06 18:16 | WARNING  | robot_0 collided with obstacle_7 at state [4.44, 6.8, -2.05]
2026-07-06 18:16 | WARNING  | robot_0 collided with obstacle_6 at state [4.08, 7.68, -0.67]
2026-07-06 18:16 | WARNING  | robot_0 collided with obstacle_2 at state [4.29, 3.92, -0.33]
2026-07-06 18:16 | WARNING  | robot_0 collided with obstacle_6 at state [3.71, 7.25, -0.84]
2026-07-06 18:16 | WARNING  | robot_0 collided with obstacle_1 at state [6.73, 6.22, -2.47]
2026-07-06 18:16 | WARNING  | robot_0 collided with obstacle_7 at state [7.56, 3.92, 2.2]
2026-07-06 18:16 | WARNING  | robot_0 collided with obstacle_6 at state [5.45, 7.72, -2.11]
2026-07-06 18:16 | WARNING  | robot_0 collided with obstacle_6 at state [6.51, 7.43, -0.22]
Average Reward: -66.1437594255811
Average Collision rate: 0.8
Average Goal rate: 0.1
..............................................
2026-07-06 18:16 | WARNING  | robot_0 collided with obstacle_4 at state [6.51, 5.41, 2.83]
2026-07-06 18:17 | WARNING  | robot_0 collided with obstacle_2 at state [1.64, 3.83, -2.75]
2026-07-06 18:17 | WARNING  | robot_0 collided with obstacle_1 at state [3.91, 6.82, 1.32]
2026-07-06 18:17 | WARNING  | robot_0 collided with obstacle_6 at state [5.25, 5.98, -2.78]
2026-07-06 18:17 | WARNING  | robot_0 collided with obstacle_3 at state [7.87, 8.38, -1.9]
2026-07-06 18:17 | WARNING  | robot_0 collided with obstacle_4 at state [2.2, 4.16, 1.46]
2026-07-06 18:17 | WARNING  | robot_0 collided with obstacle_7 at state [1.59, 5.52, 1.06]
2026-07-06 18:17 | WARNING  | robot_0 collided with obstacle_3 at state [3.69, 7.56, -0.01]
2026-07-06 18:17 | WARNING  | robot_0 collided with obstacle_8 at state [9.83, 8.3, -0.46]
2026-07-06 18:17 | WARNING  | robot_0 collided with obstacle_1 at state [4.97, 3.04, 0.46]
2026-07-06 18:17 | WARNING  | robot_0 collided with obstacle_8 at state [9.82, 6.58, -1.27]
--------------------------------------------------------------------------------------------
setting actor output action_std to min_action_std :  0.1
--------------------------------------------------------------------------------------------
2026-07-06 18:17 | WARNING  | robot_0 collided with obstacle_7 at state [8.43, 3.32, 1.03]
2026-07-06 18:18 | WARNING  | robot_0 collided with obstacle_2 at state [1.3, 7.23, -0.48]
2026-07-06 18:18 | WARNING  | robot_0 collided with obstacle_7 at state [6.84, 8.22, -3.03]
2026-07-06 18:18 | WARNING  | robot_0 collided with obstacle_4 at state [9.28, 4.26, 2.65]
2026-07-06 18:18 | WARNING  | robot_0 collided with obstacle_2 at state [1.07, 6.57, -1.98]
2026-07-06 18:18 | WARNING  | robot_0 collided with obstacle_6 at state [6.39, 8.59, 0.01]
2026-07-06 18:18 | WARNING  | robot_0 collided with obstacle_7 at state [1.22, 5.63, -1.18]
2026-07-06 18:18 | WARNING  | robot_0 collided with obstacle_7 at state [1.72, 1.01, -1.5]
2026-07-06 18:18 | WARNING  | robot_0 collided with obstacle_2 at state [6.92, 9.08, -2.79]
2026-07-06 18:18 | WARNING  | robot_0 collided with obstacle_6 at state [6.65, 4.3, 1.03]
2026-07-06 18:18 | WARNING  | robot_0 collided with obstacle_6 at state [1.54, 3.01, -0.85]
--------------------------------------------------------------------------------------------
setting actor output action_std to min_action_std :  0.1
--------------------------------------------------------------------------------------------
2026-07-06 18:19 | WARNING  | robot_0 collided with obstacle_7 at state [8.03, 6.71, -2.22]
2026-07-06 18:19 | WARNING  | robot_0 collided with obstacle_4 at state [2.85, 6.51, -3.06]
2026-07-06 18:19 | WARNING  | robot_0 collided with obstacle_8 at state [0.2, 4.37, -1.61]
2026-07-06 18:19 | WARNING  | robot_0 collided with obstacle_4 at state [6.87, 6.23, 2.8]
2026-07-06 18:19 | WARNING  | robot_0 collided with obstacle_7 at state [5.28, 6.13, -0.07]
2026-07-06 18:19 | WARNING  | robot_0 collided with obstacle_4 at state [5.34, 9.24, -3.06]
--------------------------------------------------------------------------------------------
setting actor output action_std to min_action_std :  0.1
--------------------------------------------------------------------------------------------
2026-07-06 18:19 | WARNING  | robot_0 collided with obstacle_5 at state [6.67, 2.07, 0.1]
2026-07-06 18:19 | WARNING  | robot_0 collided with obstacle_5 at state [1.41, 1.65, -0.25]
2026-07-06 18:19 | WARNING  | robot_0 collided with obstacle_7 at state [2.86, 3.21, 1.12]
2026-07-06 18:19 | WARNING  | robot_0 collided with obstacle_3 at state [4.61, 6.82, -0.98]
2026-07-06 18:19 | WARNING  | robot_0 collided with obstacle_1 at state [4.31, 1.42, 0.53]
2026-07-06 18:19 | WARNING  | robot_0 collided with obstacle_4 at state [1.32, 8.46, -2.74]
..............................................
Epoch 32. Evaluating scenarios
2026-07-06 18:19 | WARNING  | robot_0 collided with obstacle_6 at state [7.11, 7.93, 2.26]
2026-07-06 18:19 | WARNING  | robot_0 collided with obstacle_4 at state [1.75, 5.9, -2.43]
2026-07-06 18:20 | WARNING  | robot_0 collided with obstacle_4 at state [1.33, 0.29, -0.16]
2026-07-06 18:20 | WARNING  | robot_0 collided with obstacle_2 at state [7.43, 5.43, -1.68]
2026-07-06 18:20 | WARNING  | robot_0 collided with obstacle_1 at state [7.45, 5.83, 2.78]
2026-07-06 18:20 | WARNING  | robot_0 collided with obstacle_3 at state [5.7, 3.75, 1.45]
2026-07-06 18:20 | WARNING  | robot_0 collided with obstacle_2 at state [2.81, 4.64, 0.34]
Average Reward: -44.93744472507732
Average Collision rate: 0.7
Average Goal rate: 0.1
..............................................
2026-07-06 18:20 | WARNING  | robot_0 collided with obstacle_8 at state [9.81, 8.35, -0.13]
2026-07-06 18:20 | WARNING  | robot_0 collided with obstacle_4 at state [6.88, 6.27, 0.43]
2026-07-06 18:20 | WARNING  | robot_0 collided with obstacle_5 at state [8.15, 4.1, 1.7]
2026-07-06 18:20 | WARNING  | robot_0 collided with obstacle_2 at state [8.87, 8.12, -1.83]
2026-07-06 18:20 | WARNING  | robot_0 collided with obstacle_1 at state [7.32, 5.91, -3.13]
2026-07-06 18:20 | WARNING  | robot_0 collided with obstacle_1 at state [9.21, 3.29, 1.79]
2026-07-06 18:20 | WARNING  | robot_0 collided with obstacle_2 at state [6.27, 3.45, 1.74]
2026-07-06 18:20 | WARNING  | robot_0 collided with obstacle_4 at state [6.62, 4.39, -1.09]
2026-07-06 18:20 | WARNING  | robot_0 collided with obstacle_3 at state [2.67, 2.64, 1.07]
2026-07-06 18:21 | WARNING  | robot_0 collided with obstacle_1 at state [8.69, 7.19, -2.88]
2026-07-06 18:21 | WARNING  | robot_0 collided with obstacle_7 at state [8.3, 3.88, 2.58]
--------------------------------------------------------------------------------------------
setting actor output action_std to min_action_std :  0.1
--------------------------------------------------------------------------------------------
2026-07-06 18:21 | WARNING  | robot_0 collided with obstacle_1 at state [2.28, 6.2, 0.06]
2026-07-06 18:21 | WARNING  | robot_0 collided with obstacle_3 at state [4.16, 4.24, -1.06]
2026-07-06 18:21 | WARNING  | robot_0 collided with obstacle_7 at state [5.36, 2.43, 1.31]
2026-07-06 18:21 | WARNING  | robot_0 collided with obstacle_7 at state [4.26, 7.02, -2.3]
2026-07-06 18:21 | WARNING  | robot_0 collided with obstacle_4 at state [4.22, 5.82, -2.59]
2026-07-06 18:21 | WARNING  | robot_0 collided with obstacle_4 at state [2.63, 1.04, 0.58]
2026-07-06 18:21 | WARNING  | robot_0 collided with obstacle_1 at state [8.04, 5.76, 2.93]
2026-07-06 18:21 | WARNING  | robot_0 collided with obstacle_6 at state [3.72, 2.81, -0.31]
2026-07-06 18:21 | WARNING  | robot_0 collided with obstacle_2 at state [6.92, 1.65, 0.18]
2026-07-06 18:21 | WARNING  | robot_0 collided with obstacle_1 at state [6.61, 2.95, 0.95]
2026-07-06 18:21 | WARNING  | robot_0 collided with obstacle_4 at state [8.59, 5.09, -1.67]
2026-07-06 18:22 | WARNING  | robot_0 collided with obstacle_7 at state [3.38, 6.08, -1.76]
--------------------------------------------------------------------------------------------
setting actor output action_std to min_action_std :  0.1
--------------------------------------------------------------------------------------------
2026-07-06 18:22 | WARNING  | robot_0 collided with obstacle_7 at state [3.28, 5.5, 0.24]
2026-07-06 18:22 | WARNING  | robot_0 collided with obstacle_3 at state [2.64, 6.7, -1.57]
2026-07-06 18:22 | WARNING  | robot_0 collided with obstacle_5 at state [1.83, 7.34, -0.81]
2026-07-06 18:22 | WARNING  | robot_0 collided with obstacle_3 at state [7.4, 6.65, -2.62]
2026-07-06 18:22 | WARNING  | robot_0 collided with obstacle_5 at state [2.27, 7.81, -0.36]
2026-07-06 18:22 | WARNING  | robot_0 collided with obstacle_6 at state [6.86, 6.02, 2.03]
2026-07-06 18:22 | WARNING  | robot_0 collided with obstacle_3 at state [6.75, 7.14, 2.86]
2026-07-06 18:22 | WARNING  | robot_0 collided with obstacle_4 at state [4.44, 7.71, -0.17]
2026-07-06 18:22 | WARNING  | robot_0 collided with obstacle_7 at state [5.87, 2.65, -0.61]
2026-07-06 18:22 | WARNING  | robot_0 collided with obstacle_7 at state [8.06, 4.29, 1.14]
2026-07-06 18:22 | WARNING  | robot_0 collided with obstacle_1 at state [5.88, 2.56, 1.02]
2026-07-06 18:22 | WARNING  | robot_0 collided with obstacle_3 at state [2.83, 5.31, -0.51]
2026-07-06 18:22 | WARNING  | robot_0 collided with obstacle_4 at state [3.29, 7.33, 1.51]
2026-07-06 18:22 | WARNING  | robot_0 collided with obstacle_7 at state [9.68, 2.76, 1.08]
--------------------------------------------------------------------------------------------
setting actor output action_std to min_action_std :  0.1
--------------------------------------------------------------------------------------------
2026-07-06 18:22 | WARNING  | robot_0 collided with obstacle_1 at state [4.44, 6.04, -1.81]
2026-07-06 18:23 | WARNING  | robot_0 collided with obstacle_7 at state [5.97, 7.37, 2.54]
2026-07-06 18:23 | WARNING  | robot_0 collided with obstacle_6 at state [3.46, 1.96, 1.03]
2026-07-06 18:23 | WARNING  | robot_0 collided with obstacle_2 at state [4.47, 4.86, 1.78]
..............................................
Epoch 33. Evaluating scenarios
2026-07-06 18:23 | WARNING  | robot_0 collided with obstacle_6 at state [3.88, 4.81, 1.0]
2026-07-06 18:23 | WARNING  | robot_0 collided with obstacle_7 at state [7.2, 4.61, -1.44]
2026-07-06 18:23 | WARNING  | robot_0 collided with obstacle_2 at state [3.29, 5.51, -0.07]
2026-07-06 18:23 | WARNING  | robot_0 collided with obstacle_2 at state [0.87, 6.27, -2.04]
2026-07-06 18:23 | WARNING  | robot_0 collided with obstacle_7 at state [4.65, 7.82, -2.47]
2026-07-06 18:23 | WARNING  | robot_0 collided with obstacle_4 at state [1.87, 7.93, -1.93]
2026-07-06 18:23 | WARNING  | robot_0 collided with obstacle_4 at state [3.2, 4.15, 0.49]
2026-07-06 18:23 | WARNING  | robot_0 collided with obstacle_1 at state [4.77, 3.07, 0.2]
Average Reward: -65.10767061728686
Average Collision rate: 0.8
Average Goal rate: 0.1
..............................................
2026-07-06 18:23 | WARNING  | robot_0 collided with obstacle_7 at state [7.74, 8.77, 2.88]
2026-07-06 18:23 | WARNING  | robot_0 collided with obstacle_2 at state [4.35, 4.47, 1.81]
2026-07-06 18:23 | WARNING  | robot_0 collided with obstacle_4 at state [5.58, 4.47, -2.95]
2026-07-06 18:23 | WARNING  | robot_0 collided with obstacle_6 at state [8.53, 4.69, -0.67]
2026-07-06 18:23 | WARNING  | robot_0 collided with obstacle_2 at state [6.14, 9.32, 2.82]
2026-07-06 18:24 | WARNING  | robot_0 collided with obstacle_3 at state [2.72, 7.76, -1.61]
2026-07-06 18:24 | WARNING  | robot_0 collided with obstacle_4 at state [8.1, 5.92, 2.1]
2026-07-06 18:24 | WARNING  | robot_0 collided with obstacle_3 at state [7.52, 7.66, 2.75]
2026-07-06 18:24 | WARNING  | robot_0 collided with obstacle_1 at state [7.72, 6.75, 2.91]
2026-07-06 18:24 | WARNING  | robot_0 collided with obstacle_3 at state [2.18, 4.02, -0.95]
2026-07-06 18:24 | WARNING  | robot_0 collided with obstacle_5 at state [5.99, 6.23, 0.79]
--------------------------------------------------------------------------------------------
setting actor output action_std to min_action_std :  0.1
--------------------------------------------------------------------------------------------
2026-07-06 18:24 | WARNING  | robot_0 collided with obstacle_2 at state [3.59, 5.21, 0.35]
2026-07-06 18:24 | WARNING  | robot_0 collided with obstacle_3 at state [4.6, 3.82, 0.0]
2026-07-06 18:24 | WARNING  | robot_0 collided with obstacle_6 at state [2.47, 5.07, -0.87]
2026-07-06 18:24 | WARNING  | robot_0 collided with obstacle_1 at state [7.31, 5.22, -3.02]
2026-07-06 18:25 | WARNING  | robot_0 collided with obstacle_7 at state [7.98, 5.22, 2.36]
2026-07-06 18:25 | WARNING  | robot_0 collided with obstacle_3 at state [8.13, 5.77, 2.65]
2026-07-06 18:25 | WARNING  | robot_0 collided with obstacle_6 at state [6.65, 8.12, -2.43]
2026-07-06 18:25 | WARNING  | robot_0 collided with obstacle_1 at state [6.29, 0.96, 0.07]
--------------------------------------------------------------------------------------------
setting actor output action_std to min_action_std :  0.1
--------------------------------------------------------------------------------------------
2026-07-06 18:25 | WARNING  | robot_0 collided with obstacle_7 at state [8.55, 6.07, -2.07]
2026-07-06 18:25 | WARNING  | robot_0 collided with obstacle_3 at state [4.36, 3.54, -0.77]
2026-07-06 18:25 | WARNING  | robot_0 collided with obstacle_4 at state [3.35, 2.23, 0.95]
2026-07-06 18:25 | WARNING  | robot_0 collided with obstacle_4 at state [2.88, 4.57, -2.03]
2026-07-06 18:25 | WARNING  | robot_0 collided with obstacle_2 at state [8.57, 4.79, 1.4]
2026-07-06 18:25 | WARNING  | robot_0 collided with obstacle_5 at state [7.75, 2.76, 1.42]
2026-07-06 18:25 | WARNING  | robot_0 collided with obstacle_6 at state [5.47, 6.54, 3.06]
2026-07-06 18:25 | WARNING  | robot_0 collided with obstacle_3 at state [4.93, 1.81, 0.57]
2026-07-06 18:26 | WARNING  | robot_0 collided with obstacle_4 at state [1.05, 7.53, -0.15]
2026-07-06 18:26 | WARNING  | robot_0 collided with obstacle_6 at state [6.13, 4.74, 0.3]
2026-07-06 18:26 | WARNING  | robot_0 collided with obstacle_7 at state [4.89, 1.11, 0.01]
2026-07-06 18:26 | WARNING  | robot_0 collided with obstacle_1 at state [3.43, 9.27, 3.09]
2026-07-06 18:26 | WARNING  | robot_0 collided with obstacle_6 at state [3.91, 4.85, -0.07]
2026-07-06 18:26 | WARNING  | robot_0 collided with obstacle_3 at state [8.44, 3.71, 1.08]
--------------------------------------------------------------------------------------------
setting actor output action_std to min_action_std :  0.1
--------------------------------------------------------------------------------------------
2026-07-06 18:26 | WARNING  | robot_0 collided with obstacle_7 at state [8.26, 6.61, -2.39]
2026-07-06 18:26 | WARNING  | robot_0 collided with obstacle_1 at state [8.76, 5.01, -2.5]
2026-07-06 18:26 | WARNING  | robot_0 collided with obstacle_2 at state [1.95, 7.86, -0.28]
2026-07-06 18:26 | WARNING  | robot_0 collided with obstacle_7 at state [2.6, 1.55, 0.92]
2026-07-06 18:26 | WARNING  | robot_0 collided with obstacle_2 at state [2.37, 6.11, -1.79]
..............................................
Epoch 34. Evaluating scenarios
2026-07-06 18:26 | WARNING  | robot_0 collided with obstacle_5 at state [8.18, 3.97, 2.2]
2026-07-06 18:26 | WARNING  | robot_0 collided with obstacle_4 at state [5.22, 3.51, -2.33]
2026-07-06 18:26 | WARNING  | robot_0 collided with obstacle_4 at state [7.79, 3.75, 1.41]
2026-07-06 18:27 | WARNING  | robot_0 collided with obstacle_7 at state [5.67, 5.25, 1.95]
2026-07-06 18:27 | WARNING  | robot_0 collided with obstacle_7 at state [6.85, 1.78, 2.42]
2026-07-06 18:27 | WARNING  | robot_0 collided with obstacle_4 at state [2.33, 8.42, -1.68]
Average Reward: -39.26293595414781
Average Collision rate: 0.6
Average Goal rate: 0.1
..............................................
2026-07-06 18:27 | WARNING  | robot_0 collided with obstacle_4 at state [5.95, 6.35, -2.28]
2026-07-06 18:27 | WARNING  | robot_0 collided with obstacle_4 at state [5.56, 2.59, 3.05]
2026-07-06 18:27 | WARNING  | robot_0 collided with obstacle_7 at state [4.87, 1.82, 1.12]
2026-07-06 18:27 | WARNING  | robot_0 collided with obstacle_1 at state [3.78, 5.11, 2.57]
2026-07-06 18:27 | WARNING  | robot_0 collided with obstacle_3 at state [7.19, 9.48, 2.93]
2026-07-06 18:27 | WARNING  | robot_0 collided with obstacle_4 at state [6.62, 4.11, -2.07]
2026-07-06 18:27 | WARNING  | robot_0 collided with obstacle_2 at state [6.61, 2.62, 1.15]
2026-07-06 18:27 | WARNING  | robot_0 collided with obstacle_5 at state [2.97, 4.84, 0.81]
2026-07-06 18:28 | WARNING  | robot_0 collided with obstacle_7 at state [4.46, 2.76, 1.34]
2026-07-06 18:28 | WARNING  | robot_0 collided with obstacle_7 at state [7.03, 7.71, 3.08]
2026-07-06 18:28 | WARNING  | robot_0 collided with obstacle_3 at state [3.46, 2.09, -0.55]
--------------------------------------------------------------------------------------------
setting actor output action_std to min_action_std :  0.1
--------------------------------------------------------------------------------------------
2026-07-06 18:28 | WARNING  | robot_0 collided with obstacle_5 at state [5.88, 6.34, -0.98]
2026-07-06 18:28 | WARNING  | robot_0 collided with obstacle_1 at state [7.97, 3.87, 1.6]
2026-07-06 18:28 | WARNING  | robot_0 collided with obstacle_2 at state [4.28, 6.25, 0.43]
2026-07-06 18:28 | WARNING  | robot_0 collided with obstacle_3 at state [7.55, 6.33, 2.45]
2026-07-06 18:28 | WARNING  | robot_0 collided with obstacle_6 at state [8.2, 4.16, 2.96]
2026-07-06 18:28 | WARNING  | robot_0 collided with obstacle_4 at state [2.85, 2.83, 0.82]
2026-07-06 18:28 | WARNING  | robot_0 collided with obstacle_2 at state [6.44, 6.44, -0.03]
2026-07-06 18:28 | WARNING  | robot_0 collided with obstacle_2 at state [6.76, 5.23, 2.96]
2026-07-06 18:28 | WARNING  | robot_0 collided with obstacle_2 at state [6.77, 2.88, -1.6]
2026-07-06 18:28 | WARNING  | robot_0 collided with obstacle_7 at state [8.0, 4.17, 1.67]
--------------------------------------------------------------------------------------------
setting actor output action_std to min_action_std :  0.1
--------------------------------------------------------------------------------------------
2026-07-06 18:28 | WARNING  | robot_0 collided with obstacle_2 at state [7.23, 1.73, 1.4]
2026-07-06 18:28 | WARNING  | robot_0 collided with obstacle_4 at state [6.32, 1.69, -0.06]
2026-07-06 18:29 | WARNING  | robot_0 collided with obstacle_7 at state [8.92, 6.11, 2.41]
2026-07-06 18:29 | WARNING  | robot_0 collided with obstacle_7 at state [0.44, 5.73, -1.16]
2026-07-06 18:29 | WARNING  | robot_0 collided with obstacle_3 at state [2.95, 2.5, 0.02]
2026-07-06 18:29 | WARNING  | robot_0 collided with obstacle_5 at state [4.44, 7.01, -2.36]
--------------------------------------------------------------------------------------------
setting actor output action_std to min_action_std :  0.1
--------------------------------------------------------------------------------------------
2026-07-06 18:30 | WARNING  | robot_0 collided with obstacle_6 at state [8.04, 1.42, 0.23]
2026-07-06 18:30 | WARNING  | robot_0 collided with obstacle_3 at state [4.4, 4.66, 0.0]
2026-07-06 18:30 | WARNING  | robot_0 collided with obstacle_2 at state [3.23, 8.3, -0.44]
2026-07-06 18:30 | WARNING  | robot_0 collided with obstacle_6 at state [6.64, 6.11, -2.82]
2026-07-06 18:30 | WARNING  | robot_0 collided with obstacle_7 at state [7.24, 8.47, -2.27]
..............................................
Epoch 35. Evaluating scenarios
2026-07-06 18:30 | WARNING  | robot_0 collided with obstacle_2 at state [7.53, 6.74, 2.82]
2026-07-06 18:30 | WARNING  | robot_0 collided with obstacle_6 at state [1.88, 4.09, -0.87]
2026-07-06 18:30 | WARNING  | robot_0 collided with obstacle_2 at state [4.15, 5.77, -0.12]
2026-07-06 18:30 | WARNING  | robot_0 collided with obstacle_6 at state [4.06, 3.31, -2.65]
2026-07-06 18:30 | WARNING  | robot_0 collided with obstacle_2 at state [8.5, 3.89, 1.22]
2026-07-06 18:30 | WARNING  | robot_0 collided with obstacle_4 at state [6.17, 5.07, 0.46]
2026-07-06 18:30 | WARNING  | robot_0 collided with obstacle_7 at state [4.62, 2.03, 1.76]
2026-07-06 18:30 | WARNING  | robot_0 collided with obstacle_3 at state [7.84, 7.92, 3.06]
Average Reward: -69.10874290402143
Average Collision rate: 0.8
Average Goal rate: 0.0
..............................................
2026-07-06 18:30 | WARNING  | robot_0 collided with obstacle_6 at state [5.77, 5.49, 1.11]
2026-07-06 18:30 | WARNING  | robot_0 collided with obstacle_4 at state [6.04, 8.15, 3.06]
2026-07-06 18:30 | WARNING  | robot_0 collided with obstacle_7 at state [2.14, 5.55, -0.04]
2026-07-06 18:30 | WARNING  | robot_0 collided with obstacle_7 at state [1.83, 8.34, -1.23]
2026-07-06 18:31 | WARNING  | robot_0 collided with obstacle_2 at state [1.49, 4.8, -0.33]
2026-07-06 18:31 | WARNING  | robot_0 collided with obstacle_5 at state [3.22, 1.32, -0.01]
2026-07-06 18:31 | WARNING  | robot_0 collided with obstacle_4 at state [3.04, 2.13, 1.23]
2026-07-06 18:31 | WARNING  | robot_0 collided with obstacle_4 at state [4.96, 5.88, -2.58]
2026-07-06 18:31 | WARNING  | robot_0 collided with obstacle_7 at state [8.72, 4.59, 1.54]
2026-07-06 18:31 | WARNING  | robot_0 collided with obstacle_2 at state [1.75, 6.72, -0.42]
2026-07-06 18:31 | WARNING  | robot_0 collided with obstacle_6 at state [4.52, 7.19, -1.02]
--------------------------------------------------------------------------------------------
setting actor output action_std to min_action_std :  0.1
--------------------------------------------------------------------------------------------
2026-07-06 18:31 | WARNING  | robot_0 collided with obstacle_5 at state [6.62, 3.58, 1.99]
2026-07-06 18:31 | WARNING  | robot_0 collided with obstacle_4 at state [7.77, 8.09, 2.74]
2026-07-06 18:31 | WARNING  | robot_0 collided with obstacle_5 at state [3.76, 7.75, -0.21]
2026-07-06 18:31 | WARNING  | robot_0 collided with obstacle_6 at state [2.42, 4.37, 0.47]
2026-07-06 18:32 | WARNING  | robot_0 collided with obstacle_7 at state [5.33, 7.54, 0.07]
2026-07-06 18:32 | WARNING  | robot_0 collided with obstacle_1 at state [5.45, 5.55, 2.91]
2026-07-06 18:32 | WARNING  | robot_0 collided with obstacle_7 at state [2.82, 5.32, -1.24]
2026-07-06 18:32 | WARNING  | robot_0 collided with obstacle_4 at state [5.33, 3.38, 2.27]
2026-07-06 18:32 | WARNING  | robot_0 collided with obstacle_4 at state [4.25, 6.22, 2.57]
2026-07-06 18:32 | WARNING  | robot_0 collided with obstacle_8 at state [9.8, 1.67, 1.21]
2026-07-06 18:32 | WARNING  | robot_0 collided with obstacle_6 at state [6.43, 5.51, -0.79]
2026-07-06 18:32 | WARNING  | robot_0 collided with obstacle_7 at state [6.17, 2.27, 0.76]
--------------------------------------------------------------------------------------------
setting actor output action_std to min_action_std :  0.1
--------------------------------------------------------------------------------------------
2026-07-06 18:32 | WARNING  | robot_0 collided with obstacle_3 at state [6.73, 8.99, 2.71]
2026-07-06 18:33 | WARNING  | robot_0 collided with obstacle_2 at state [8.15, 7.95, -1.95]
2026-07-06 18:33 | WARNING  | robot_0 collided with obstacle_6 at state [2.78, 4.12, -1.16]
2026-07-06 18:33 | WARNING  | robot_0 collided with obstacle_7 at state [7.73, 3.05, 2.1]
2026-07-06 18:33 | WARNING  | robot_0 collided with obstacle_7 at state [4.53, 7.98, -2.16]
2026-07-06 18:33 | WARNING  | robot_0 collided with obstacle_7 at state [3.08, 3.46, -1.79]
--------------------------------------------------------------------------------------------
setting actor output action_std to min_action_std :  0.1
--------------------------------------------------------------------------------------------
2026-07-06 18:33 | WARNING  | robot_0 collided with obstacle_7 at state [6.46, 7.37, 3.09]
2026-07-06 18:33 | WARNING  | robot_0 collided with obstacle_7 at state [4.15, 7.13, -0.6]
2026-07-06 18:33 | WARNING  | robot_0 collided with obstacle_5 at state [2.77, 7.66, -1.52]
2026-07-06 18:34 | WARNING  | robot_0 collided with obstacle_6 at state [6.83, 7.07, 2.94]
..............................................
Epoch 36. Evaluating scenarios
2026-07-06 18:34 | WARNING  | robot_0 collided with obstacle_5 at state [2.44, 6.44, -2.31]
2026-07-06 18:34 | WARNING  | robot_0 collided with obstacle_7 at state [1.58, 2.99, -0.94]
2026-07-06 18:34 | WARNING  | robot_0 collided with obstacle_5 at state [4.55, 2.03, -0.32]
2026-07-06 18:34 | WARNING  | robot_0 collided with obstacle_2 at state [6.69, 3.73, 2.7]
2026-07-06 18:34 | WARNING  | robot_0 collided with obstacle_8 at state [0.19, 7.59, -1.97]
2026-07-06 18:34 | WARNING  | robot_0 collided with obstacle_1 at state [4.3, 8.71, -2.53]
2026-07-06 18:34 | WARNING  | robot_0 collided with obstacle_3 at state [4.1, 5.26, -0.63]
Average Reward: -39.60805460512371
Average Collision rate: 0.7
Average Goal rate: 0.1
..............................................
2026-07-06 18:34 | WARNING  | robot_0 collided with obstacle_4 at state [3.23, 2.33, 1.49]
2026-07-06 18:34 | WARNING  | robot_0 collided with obstacle_4 at state [3.46, 2.11, -2.33]
2026-07-06 18:34 | WARNING  | robot_0 collided with obstacle_5 at state [6.78, 2.81, 3.03]
2026-07-06 18:34 | WARNING  | robot_0 collided with obstacle_2 at state [7.36, 4.76, 1.12]
2026-07-06 18:34 | WARNING  | robot_0 collided with obstacle_8 at state [9.81, 7.31, 0.87]
2026-07-06 18:35 | WARNING  | robot_0 collided with obstacle_6 at state [6.71, 9.67, 2.71]
2026-07-06 18:35 | WARNING  | robot_0 collided with obstacle_3 at state [9.66, 4.15, 1.07]
2026-07-06 18:35 | WARNING  | robot_0 collided with obstacle_7 at state [7.3, 7.12, -1.37]
2026-07-06 18:35 | WARNING  | robot_0 collided with obstacle_6 at state [8.31, 2.53, 1.29]
--------------------------------------------------------------------------------------------
setting actor output action_std to min_action_std :  0.1
--------------------------------------------------------------------------------------------
2026-07-06 18:35 | WARNING  | robot_0 collided with obstacle_6 at state [1.77, 3.75, 0.11]
2026-07-06 18:35 | WARNING  | robot_0 collided with obstacle_6 at state [0.86, 4.07, -1.18]
2026-07-06 18:35 | WARNING  | robot_0 collided with obstacle_1 at state [1.84, 1.76, -0.62]
2026-07-06 18:35 | WARNING  | robot_0 collided with obstacle_1 at state [6.62, 1.56, 0.75]
2026-07-06 18:35 | WARNING  | robot_0 collided with obstacle_4 at state [5.49, 4.89, 1.8]
2026-07-06 18:35 | WARNING  | robot_0 collided with obstacle_4 at state [8.1, 4.57, 2.36]
2026-07-06 18:35 | WARNING  | robot_0 collided with obstacle_2 at state [7.52, 3.48, 3.07]
2026-07-06 18:35 | WARNING  | robot_0 collided with obstacle_6 at state [7.26, 9.74, 3.1]
2026-07-06 18:35 | WARNING  | robot_0 collided with obstacle_6 at state [3.59, 6.65, 0.35]
2026-07-06 18:36 | WARNING  | robot_0 collided with obstacle_2 at state [5.01, 7.92, 2.64]
--------------------------------------------------------------------------------------------
setting actor output action_std to min_action_std :  0.1
--------------------------------------------------------------------------------------------
2026-07-06 18:36 | WARNING  | robot_0 collided with obstacle_4 at state [4.91, 0.61, -0.34]
2026-07-06 18:36 | WARNING  | robot_0 collided with obstacle_2 at state [4.44, 4.77, -0.29]
2026-07-06 18:36 | WARNING  | robot_0 collided with obstacle_3 at state [4.54, 7.84, -0.17]
2026-07-06 18:36 | WARNING  | robot_0 collided with obstacle_6 at state [2.5, 6.11, 0.2]
2026-07-06 18:36 | WARNING  | robot_0 collided with obstacle_5 at state [1.34, 6.59, -1.0]
2026-07-06 18:36 | WARNING  | robot_0 collided with obstacle_3 at state [3.7, 5.38, -1.12]
2026-07-06 18:36 | WARNING  | robot_0 collided with obstacle_2 at state [4.35, 0.95, 0.4]
2026-07-06 18:36 | WARNING  | robot_0 collided with obstacle_2 at state [7.23, 4.71, -1.31]
2026-07-06 18:36 | WARNING  | robot_0 collided with obstacle_5 at state [5.32, 7.51, -2.55]
2026-07-06 18:36 | WARNING  | robot_0 collided with obstacle_5 at state [4.76, 2.78, 1.37]
--------------------------------------------------------------------------------------------
setting actor output action_std to min_action_std :  0.1
--------------------------------------------------------------------------------------------
2026-07-06 18:36 | WARNING  | robot_0 collided with obstacle_3 at state [7.45, 2.16, -0.29]
2026-07-06 18:36 | WARNING  | robot_0 collided with obstacle_2 at state [3.5, 6.32, 1.03]
2026-07-06 18:36 | WARNING  | robot_0 collided with obstacle_2 at state [1.22, 6.34, -0.9]
2026-07-06 18:36 | WARNING  | robot_0 collided with obstacle_6 at state [3.88, 7.57, -0.99]
..............................................
Epoch 37. Evaluating scenarios
2026-07-06 18:37 | WARNING  | robot_0 collided with obstacle_5 at state [8.29, 3.76, 2.15]
2026-07-06 18:37 | WARNING  | robot_0 collided with obstacle_4 at state [6.39, 7.9, -1.87]
2026-07-06 18:37 | WARNING  | robot_0 collided with obstacle_1 at state [0.89, 3.72, -1.16]
2026-07-06 18:37 | WARNING  | robot_0 collided with obstacle_4 at state [8.32, 1.05, 0.32]
2026-07-06 18:37 | WARNING  | robot_0 collided with obstacle_7 at state [7.51, 7.1, -3.01]
2026-07-06 18:37 | WARNING  | robot_0 collided with obstacle_5 at state [7.66, 6.48, 2.67]
2026-07-06 18:37 | WARNING  | robot_0 collided with obstacle_5 at state [5.0, 6.55, -1.78]
2026-07-06 18:37 | WARNING  | robot_0 collided with obstacle_2 at state [5.01, 4.44, 1.49]
Average Reward: -62.37606552045596
Average Collision rate: 0.8
Average Goal rate: 0.1
..............................................
2026-07-06 18:37 | WARNING  | robot_0 collided with obstacle_1 at state [7.62, 5.09, 1.67]
2026-07-06 18:37 | WARNING  | robot_0 collided with obstacle_1 at state [4.87, 8.52, -2.35]
2026-07-06 18:37 | WARNING  | robot_0 collided with obstacle_3 at state [4.65, 1.68, -0.5]
2026-07-06 18:37 | WARNING  | robot_0 collided with obstacle_3 at state [5.16, 5.12, 0.43]
2026-07-06 18:38 | WARNING  | robot_0 collided with obstacle_3 at state [2.8, 7.08, -2.1]
2026-07-06 18:38 | WARNING  | robot_0 collided with obstacle_1 at state [4.73, 1.82, 1.63]
2026-07-06 18:38 | WARNING  | robot_0 collided with obstacle_5 at state [7.04, 7.05, -0.96]
2026-07-06 18:38 | WARNING  | robot_0 collided with obstacle_5 at state [9.09, 4.96, -2.82]
2026-07-06 18:38 | WARNING  | robot_0 collided with obstacle_6 at state [8.32, 7.44, 2.6]
2026-07-06 18:38 | WARNING  | robot_0 collided with obstacle_3 at state [3.87, 3.27, 2.04]
2026-07-06 18:38 | WARNING  | robot_0 collided with obstacle_4 at state [5.32, 2.74, -0.73]
--------------------------------------------------------------------------------------------
setting actor output action_std to min_action_std :  0.1
--------------------------------------------------------------------------------------------
2026-07-06 18:38 | WARNING  | robot_0 collided with obstacle_2 at state [7.46, 7.22, -0.04]
2026-07-06 18:38 | WARNING  | robot_0 collided with obstacle_3 at state [4.9, 4.17, -0.96]
2026-07-06 18:38 | WARNING  | robot_0 collided with obstacle_2 at state [6.08, 2.95, 2.67]
2026-07-06 18:38 | WARNING  | robot_0 collided with obstacle_2 at state [1.24, 1.93, -1.03]
2026-07-06 18:38 | WARNING  | robot_0 collided with obstacle_3 at state [7.7, 4.91, 2.6]
2026-07-06 18:38 | WARNING  | robot_0 collided with obstacle_6 at state [4.73, 7.11, -0.15]
2026-07-06 18:38 | WARNING  | robot_0 collided with obstacle_3 at state [8.25, 6.7, 1.28]
2026-07-06 18:39 | WARNING  | robot_0 collided with obstacle_5 at state [5.77, 3.44, -2.58]
2026-07-06 18:39 | WARNING  | robot_0 collided with obstacle_6 at state [5.48, 5.07, 2.95]
--------------------------------------------------------------------------------------------
setting actor output action_std to min_action_std :  0.1
--------------------------------------------------------------------------------------------
2026-07-06 18:39 | WARNING  | robot_0 collided with obstacle_5 at state [7.55, 1.44, 1.07]
2026-07-06 18:39 | WARNING  | robot_0 collided with obstacle_1 at state [1.05, 7.06, -1.56]
2026-07-06 18:39 | WARNING  | robot_0 collided with obstacle_2 at state [7.26, 9.0, 3.06]
2026-07-06 18:39 | WARNING  | robot_0 collided with obstacle_5 at state [6.37, 1.53, 0.1]
2026-07-06 18:39 | WARNING  | robot_0 collided with obstacle_5 at state [2.56, 2.72, 0.82]
2026-07-06 18:39 | WARNING  | robot_0 collided with obstacle_2 at state [2.99, 3.77, -1.53]
2026-07-06 18:39 | WARNING  | robot_0 collided with obstacle_2 at state [3.01, 1.95, 1.22]
2026-07-06 18:40 | WARNING  | robot_0 collided with obstacle_3 at state [4.75, 4.38, 1.55]
2026-07-06 18:40 | WARNING  | robot_0 collided with obstacle_4 at state [5.86, 7.54, 3.11]
2026-07-06 18:40 | WARNING  | robot_0 collided with obstacle_7 at state [4.17, 8.48, -0.15]
2026-07-06 18:40 | WARNING  | robot_0 collided with obstacle_3 at state [6.53, 4.13, 2.18]
--------------------------------------------------------------------------------------------
setting actor output action_std to min_action_std :  0.1
--------------------------------------------------------------------------------------------
2026-07-06 18:40 | WARNING  | robot_0 collided with obstacle_2 at state [5.53, 4.69, -0.45]
2026-07-06 18:40 | WARNING  | robot_0 collided with obstacle_4 at state [5.12, 6.58, -2.57]
2026-07-06 18:40 | WARNING  | robot_0 collided with obstacle_7 at state [7.55, 4.33, 0.14]
2026-07-06 18:40 | WARNING  | robot_0 collided with obstacle_4 at state [6.41, 2.16, 0.19]
2026-07-06 18:40 | WARNING  | robot_0 collided with obstacle_4 at state [8.19, 5.73, 1.14]
..............................................
Epoch 38. Evaluating scenarios
2026-07-06 18:40 | WARNING  | robot_0 collided with obstacle_3 at state [2.41, 4.54, 1.14]
2026-07-06 18:40 | WARNING  | robot_0 collided with obstacle_1 at state [1.87, 7.36, -1.99]
2026-07-06 18:40 | WARNING  | robot_0 collided with obstacle_4 at state [2.65, 2.97, -0.05]
2026-07-06 18:40 | WARNING  | robot_0 collided with obstacle_3 at state [2.46, 2.76, 0.57]
Average Reward: 12.244669638179491
Average Collision rate: 0.4
Average Goal rate: 0.3
..............................................
2026-07-06 18:41 | WARNING  | robot_0 collided with obstacle_5 at state [0.72, 5.61, -1.77]
2026-07-06 18:41 | WARNING  | robot_0 collided with obstacle_2 at state [4.67, 2.87, -3.0]
2026-07-06 18:41 | WARNING  | robot_0 collided with obstacle_2 at state [5.74, 3.19, -0.16]
2026-07-06 18:41 | WARNING  | robot_0 collided with obstacle_6 at state [8.34, 1.84, 0.96]
2026-07-06 18:41 | WARNING  | robot_0 collided with obstacle_2 at state [3.85, 2.23, -0.25]
2026-07-06 18:41 | WARNING  | robot_0 collided with obstacle_4 at state [5.6, 7.75, -3.13]
2026-07-06 18:41 | WARNING  | robot_0 collided with obstacle_4 at state [1.35, 2.07, -1.1]
2026-07-06 18:41 | WARNING  | robot_0 collided with obstacle_3 at state [4.72, 5.51, -1.25]
2026-07-06 18:41 | WARNING  | robot_0 collided with obstacle_7 at state [5.79, 9.21, -2.56]
2026-07-06 18:41 | WARNING  | robot_0 collided with obstacle_4 at state [2.17, 5.57, 1.38]
2026-07-06 18:41 | WARNING  | robot_0 collided with obstacle_4 at state [2.27, 6.53, -0.91]
--------------------------------------------------------------------------------------------
setting actor output action_std to min_action_std :  0.1
--------------------------------------------------------------------------------------------
2026-07-06 18:42 | WARNING  | robot_0 collided with obstacle_4 at state [4.8, 5.6, -0.7]
2026-07-06 18:42 | WARNING  | robot_0 collided with obstacle_8 at state [9.82, 4.94, 0.63]
2026-07-06 18:42 | WARNING  | robot_0 collided with obstacle_3 at state [6.55, 1.93, 0.55]
2026-07-06 18:42 | WARNING  | robot_0 collided with obstacle_7 at state [3.04, 7.73, -1.94]
2026-07-06 18:42 | WARNING  | robot_0 collided with obstacle_3 at state [5.07, 3.94, 1.31]
2026-07-06 18:42 | WARNING  | robot_0 collided with obstacle_4 at state [8.93, 4.9, 2.5]
2026-07-06 18:42 | WARNING  | robot_0 collided with obstacle_5 at state [6.28, 6.01, -2.68]
2026-07-06 18:42 | WARNING  | robot_0 collided with obstacle_6 at state [6.49, 4.49, -2.38]
2026-07-06 18:42 | WARNING  | robot_0 collided with obstacle_4 at state [2.73, 3.6, -0.06]
2026-07-06 18:42 | WARNING  | robot_0 collided with obstacle_5 at state [7.35, 6.95, 0.59]
--------------------------------------------------------------------------------------------
setting actor output action_std to min_action_std :  0.1
--------------------------------------------------------------------------------------------
2026-07-06 18:42 | WARNING  | robot_0 collided with obstacle_2 at state [5.23, 3.74, -2.97]
2026-07-06 18:42 | WARNING  | robot_0 collided with obstacle_6 at state [4.74, 7.75, -2.6]
2026-07-06 18:42 | WARNING  | robot_0 collided with obstacle_7 at state [3.6, 1.72, 1.19]
2026-07-06 18:43 | WARNING  | robot_0 collided with obstacle_5 at state [6.03, 6.62, -0.57]
2026-07-06 18:43 | WARNING  | robot_0 collided with obstacle_2 at state [0.69, 7.46, -1.01]
2026-07-06 18:43 | WARNING  | robot_0 collided with obstacle_6 at state [6.83, 2.03, 2.59]
2026-07-06 18:43 | WARNING  | robot_0 collided with obstacle_7 at state [6.69, 3.39, -1.92]
2026-07-06 18:43 | WARNING  | robot_0 collided with obstacle_1 at state [7.49, 5.41, 2.82]
2026-07-06 18:43 | WARNING  | robot_0 collided with obstacle_1 at state [5.67, 3.5, 2.06]
2026-07-06 18:43 | WARNING  | robot_0 collided with obstacle_6 at state [6.28, 7.46, 0.84]
2026-07-06 18:43 | WARNING  | robot_0 collided with obstacle_4 at state [8.83, 3.3, 1.13]
2026-07-06 18:43 | WARNING  | robot_0 collided with obstacle_2 at state [7.42, 7.02, 3.06]
2026-07-06 18:43 | WARNING  | robot_0 collided with obstacle_5 at state [8.18, 3.51, 2.04]
--------------------------------------------------------------------------------------------
setting actor output action_std to min_action_std :  0.1
--------------------------------------------------------------------------------------------
2026-07-06 18:43 | WARNING  | robot_0 collided with obstacle_2 at state [7.66, 2.56, -1.07]
2026-07-06 18:43 | WARNING  | robot_0 collided with obstacle_1 at state [4.72, 3.71, -2.9]
2026-07-06 18:43 | WARNING  | robot_0 collided with obstacle_5 at state [4.67, 1.38, -0.31]
2026-07-06 18:43 | WARNING  | robot_0 collided with obstacle_2 at state [9.06, 4.52, 1.91]
2026-07-06 18:43 | WARNING  | robot_0 collided with obstacle_5 at state [7.98, 3.28, 0.93]
2026-07-06 18:43 | WARNING  | robot_0 collided with obstacle_2 at state [4.35, 8.78, -0.2]
..............................................
Epoch 39. Evaluating scenarios
2026-07-06 18:43 | WARNING  | robot_0 collided with obstacle_7 at state [4.19, 1.47, 1.35]
2026-07-06 18:43 | WARNING  | robot_0 collided with obstacle_3 at state [8.97, 5.18, 2.16]
2026-07-06 18:44 | WARNING  | robot_0 collided with obstacle_4 at state [2.77, 1.32, 0.37]
2026-07-06 18:44 | WARNING  | robot_0 collided with obstacle_6 at state [3.04, 1.69, 0.67]
2026-07-06 18:44 | WARNING  | robot_0 collided with obstacle_1 at state [6.58, 6.84, 0.99]
2026-07-06 18:44 | WARNING  | robot_0 collided with obstacle_3 at state [3.98, 8.49, -1.52]
2026-07-06 18:44 | WARNING  | robot_0 collided with obstacle_5 at state [2.54, 4.94, 0.96]
Average Reward: -51.40579320296074
Average Collision rate: 0.7
Average Goal rate: 0.1
..............................................
2026-07-06 18:44 | WARNING  | robot_0 collided with obstacle_2 at state [6.01, 2.5, 1.72]
2026-07-06 18:44 | WARNING  | robot_0 collided with obstacle_4 at state [5.12, 7.73, 3.07]
2026-07-06 18:44 | WARNING  | robot_0 collided with obstacle_8 at state [0.19, 8.91, -2.29]
2026-07-06 18:44 | WARNING  | robot_0 collided with obstacle_5 at state [1.96, 6.24, -1.42]
2026-07-06 18:44 | WARNING  | robot_0 collided with obstacle_7 at state [2.33, 8.37, -1.53]
2026-07-06 18:45 | WARNING  | robot_0 collided with obstacle_1 at state [7.46, 4.6, 1.04]
2026-07-06 18:45 | WARNING  | robot_0 collided with obstacle_6 at state [2.43, 2.98, -1.23]
2026-07-06 18:45 | WARNING  | robot_0 collided with obstacle_7 at state [6.37, 3.4, -2.58]
2026-07-06 18:45 | WARNING  | robot_0 collided with obstacle_4 at state [4.08, 4.16, 0.65]
--------------------------------------------------------------------------------------------
setting actor output action_std to min_action_std :  0.1
--------------------------------------------------------------------------------------------
2026-07-06 18:45 | WARNING  | robot_0 collided with obstacle_8 at state [6.76, 0.18, -1.36]
2026-07-06 18:45 | WARNING  | robot_0 collided with obstacle_4 at state [8.6, 7.09, 1.58]
2026-07-06 18:46 | WARNING  | robot_0 collided with obstacle_7 at state [4.46, 4.98, -0.21]
2026-07-06 18:46 | WARNING  | robot_0 collided with obstacle_4 at state [5.64, 4.8, 1.53]
2026-07-06 18:46 | WARNING  | robot_0 collided with obstacle_2 at state [3.41, 1.28, -2.57]
2026-07-06 18:46 | WARNING  | robot_0 collided with obstacle_1 at state [7.17, 2.62, 0.33]
2026-07-06 18:46 | WARNING  | robot_0 collided with obstacle_7 at state [6.99, 6.63, -2.53]
2026-07-06 18:46 | WARNING  | robot_0 collided with obstacle_1 at state [7.65, 1.17, 0.43]
2026-07-06 18:46 | WARNING  | robot_0 collided with obstacle_3 at state [3.42, 2.9, 1.02]
2026-07-06 18:46 | WARNING  | robot_0 collided with obstacle_4 at state [5.03, 6.8, 2.11]
--------------------------------------------------------------------------------------------
setting actor output action_std to min_action_std :  0.1
--------------------------------------------------------------------------------------------
2026-07-06 18:46 | WARNING  | robot_0 collided with obstacle_7 at state [8.01, 5.93, 2.57]
2026-07-06 18:46 | WARNING  | robot_0 collided with obstacle_6 at state [7.56, 8.88, -0.18]
2026-07-06 18:46 | WARNING  | robot_0 collided with obstacle_7 at state [3.37, 4.93, -0.41]
2026-07-06 18:46 | WARNING  | robot_0 collided with obstacle_4 at state [3.1, 4.74, 1.41]
2026-07-06 18:47 | WARNING  | robot_0 collided with obstacle_5 at state [7.17, 2.93, -2.69]
2026-07-06 18:47 | WARNING  | robot_0 collided with obstacle_3 at state [5.13, 2.84, 1.03]
2026-07-06 18:47 | WARNING  | robot_0 collided with obstacle_3 at state [1.26, 7.04, -1.66]
2026-07-06 18:47 | WARNING  | robot_0 collided with obstacle_5 at state [7.39, 6.42, -2.69]
2026-07-06 18:47 | WARNING  | robot_0 collided with obstacle_3 at state [7.76, 7.99, -2.72]
2026-07-06 18:47 | WARNING  | robot_0 collided with obstacle_4 at state [3.86, 2.9, 0.13]
2026-07-06 18:47 | WARNING  | robot_0 collided with obstacle_5 at state [2.97, 2.13, 0.62]
--------------------------------------------------------------------------------------------
setting actor output action_std to min_action_std :  0.1
--------------------------------------------------------------------------------------------
2026-07-06 18:47 | WARNING  | robot_0 collided with obstacle_4 at state [8.76, 3.96, 2.29]
2026-07-06 18:47 | WARNING  | robot_0 collided with obstacle_3 at state [4.58, 4.11, 0.0]
2026-07-06 18:47 | WARNING  | robot_0 collided with obstacle_4 at state [1.21, 6.76, -2.3]
2026-07-06 18:47 | WARNING  | robot_0 collided with obstacle_4 at state [8.22, 5.23, 1.92]
..............................................
Epoch 40. Evaluating scenarios
2026-07-06 18:48 | WARNING  | robot_0 collided with obstacle_7 at state [1.19, 3.28, 1.26]
2026-07-06 18:48 | WARNING  | robot_0 collided with obstacle_5 at state [4.05, 8.41, -1.86]
2026-07-06 18:48 | WARNING  | robot_0 collided with obstacle_5 at state [7.38, 2.91, 1.88]
2026-07-06 18:48 | WARNING  | robot_0 collided with obstacle_4 at state [6.57, 6.41, -1.9]
2026-07-06 18:48 | WARNING  | robot_0 collided with obstacle_5 at state [2.33, 7.53, -1.64]
2026-07-06 18:48 | WARNING  | robot_0 collided with obstacle_4 at state [3.43, 5.66, -0.54]
2026-07-06 18:48 | WARNING  | robot_0 collided with obstacle_5 at state [8.44, 7.37, 2.92]
Average Reward: -53.224803819492855
Average Collision rate: 0.7
Average Goal rate: 0.0
..............................................
2026-07-06 18:48 | WARNING  | robot_0 collided with obstacle_3 at state [7.84, 1.65, 0.2]
2026-07-06 18:48 | WARNING  | robot_0 collided with obstacle_4 at state [5.27, 8.27, 0.02]
2026-07-06 18:48 | WARNING  | robot_0 collided with obstacle_4 at state [1.46, 5.7, -0.28]
2026-07-06 18:48 | WARNING  | robot_0 collided with obstacle_2 at state [9.38, 5.52, 1.75]
2026-07-06 18:48 | WARNING  | robot_0 collided with obstacle_6 at state [7.0, 6.53, -1.67]
2026-07-06 18:49 | WARNING  | robot_0 collided with obstacle_2 at state [2.59, 7.77, -0.47]
2026-07-06 18:49 | WARNING  | robot_0 collided with obstacle_6 at state [7.94, 3.05, 1.62]
2026-07-06 18:49 | WARNING  | robot_0 collided with obstacle_3 at state [4.03, 4.02, 0.01]
2026-07-06 18:49 | WARNING  | robot_0 collided with obstacle_5 at state [4.16, 2.26, -2.44]
--------------------------------------------------------------------------------------------
setting actor output action_std to min_action_std :  0.1
--------------------------------------------------------------------------------------------
2026-07-06 18:49 | WARNING  | robot_0 collided with obstacle_7 at state [7.13, 1.99, 0.91]
2026-07-06 18:49 | WARNING  | robot_0 collided with obstacle_2 at state [1.92, 2.11, -2.08]
2026-07-06 18:49 | WARNING  | robot_0 collided with obstacle_6 at state [7.44, 2.95, 1.53]
2026-07-06 18:50 | WARNING  | robot_0 collided with obstacle_6 at state [7.2, 3.66, -2.22]
2026-07-06 18:50 | WARNING  | robot_0 collided with obstacle_4 at state [2.32, 4.84, -1.6]
2026-07-06 18:50 | WARNING  | robot_0 collided with obstacle_7 at state [8.32, 3.24, 0.34]
2026-07-06 18:50 | WARNING  | robot_0 collided with obstacle_2 at state [6.53, 6.02, 2.44]
2026-07-06 18:50 | WARNING  | robot_0 collided with obstacle_1 at state [4.94, 4.28, 1.28]
2026-07-06 18:50 | WARNING  | robot_0 collided with obstacle_6 at state [1.02, 3.3, -0.6]
--------------------------------------------------------------------------------------------
setting actor output action_std to min_action_std :  0.1
--------------------------------------------------------------------------------------------
2026-07-06 18:50 | WARNING  | robot_0 collided with obstacle_4 at state [6.0, 8.83, 0.2]
2026-07-06 18:50 | WARNING  | robot_0 collided with obstacle_3 at state [7.8, 6.72, -2.23]
2026-07-06 18:50 | WARNING  | robot_0 collided with obstacle_7 at state [6.59, 7.37, -0.07]
2026-07-06 18:50 | WARNING  | robot_0 collided with obstacle_6 at state [5.47, 5.28, -1.52]
2026-07-06 18:50 | WARNING  | robot_0 collided with obstacle_2 at state [5.93, 1.85, 0.97]
2026-07-06 18:50 | WARNING  | robot_0 collided with obstacle_8 at state [9.82, 1.37, 0.36]
2026-07-06 18:50 | WARNING  | robot_0 collided with obstacle_7 at state [6.05, 3.45, -2.06]
2026-07-06 18:50 | WARNING  | robot_0 collided with obstacle_3 at state [3.14, 5.56, -0.25]
2026-07-06 18:51 | WARNING  | robot_0 collided with obstacle_3 at state [0.69, 7.28, -1.5]
--------------------------------------------------------------------------------------------
setting actor output action_std to min_action_std :  0.1
--------------------------------------------------------------------------------------------
2026-07-06 18:51 | WARNING  | robot_0 collided with obstacle_2 at state [6.99, 7.48, -2.22]
2026-07-06 18:51 | WARNING  | robot_0 collided with obstacle_6 at state [3.49, 6.53, -0.04]
2026-07-06 18:51 | WARNING  | robot_0 collided with obstacle_4 at state [1.88, 4.41, -1.47]
2026-07-06 18:51 | WARNING  | robot_0 collided with obstacle_7 at state [7.07, 8.87, -1.44]
2026-07-06 18:51 | WARNING  | robot_0 collided with obstacle_2 at state [4.52, 5.01, -1.21]
..............................................
Epoch 41. Evaluating scenarios
2026-07-06 18:51 | WARNING  | robot_0 collided with obstacle_5 at state [7.31, 8.01, -2.45]
2026-07-06 18:51 | WARNING  | robot_0 collided with obstacle_1 at state [6.26, 2.77, -0.22]
2026-07-06 18:51 | WARNING  | robot_0 collided with obstacle_1 at state [6.15, 2.89, 0.67]
2026-07-06 18:51 | WARNING  | robot_0 collided with obstacle_6 at state [2.68, 6.76, -2.77]
2026-07-06 18:52 | WARNING  | robot_0 collided with obstacle_5 at state [7.57, 7.26, 3.12]
2026-07-06 18:52 | WARNING  | robot_0 collided with obstacle_2 at state [1.21, 8.7, 3.13]
2026-07-06 18:52 | WARNING  | robot_0 collided with obstacle_1 at state [8.72, 4.08, 1.6]
Average Reward: -61.440581845623036
Average Collision rate: 0.7
Average Goal rate: 0.1
..............................................
2026-07-06 18:52 | WARNING  | robot_0 collided with obstacle_7 at state [7.99, 2.7, 2.34]
2026-07-06 18:52 | WARNING  | robot_0 collided with obstacle_5 at state [8.59, 2.17, 1.39]
2026-07-06 18:52 | WARNING  | robot_0 collided with obstacle_7 at state [7.18, 3.49, -3.01]
2026-07-06 18:52 | WARNING  | robot_0 collided with obstacle_4 at state [4.66, 6.36, 0.3]
2026-07-06 18:52 | WARNING  | robot_0 collided with obstacle_4 at state [7.07, 6.04, 0.08]
2026-07-06 18:52 | WARNING  | robot_0 collided with obstacle_3 at state [6.09, 2.33, 0.92]
--------------------------------------------------------------------------------------------
setting actor output action_std to min_action_std :  0.1
--------------------------------------------------------------------------------------------
2026-07-06 18:53 | WARNING  | robot_0 collided with obstacle_5 at state [3.61, 8.47, -0.78]
2026-07-06 18:53 | WARNING  | robot_0 collided with obstacle_5 at state [7.39, 5.65, 2.91]
2026-07-06 18:53 | WARNING  | robot_0 collided with obstacle_6 at state [4.96, 4.15, 2.0]
2026-07-06 18:53 | WARNING  | robot_0 collided with obstacle_5 at state [7.0, 5.46, -1.64]
2026-07-06 18:53 | WARNING  | robot_0 collided with obstacle_5 at state [7.78, 8.09, 2.72]
2026-07-06 18:53 | WARNING  | robot_0 collided with obstacle_1 at state [5.53, 7.08, 0.21]
2026-07-06 18:53 | WARNING  | robot_0 collided with obstacle_4 at state [6.0, 7.46, -0.65]
2026-07-06 18:53 | WARNING  | robot_0 collided with obstacle_3 at state [0.28, 3.99, -1.62]
2026-07-06 18:54 | WARNING  | robot_0 collided with obstacle_4 at state [7.14, 4.77, 2.83]
--------------------------------------------------------------------------------------------
setting actor output action_std to min_action_std :  0.1
--------------------------------------------------------------------------------------------
2026-07-06 18:54 | WARNING  | robot_0 collided with obstacle_4 at state [4.85, 3.05, -0.1]
2026-07-06 18:54 | WARNING  | robot_0 collided with obstacle_7 at state [9.18, 4.55, 2.77]
2026-07-06 18:54 | WARNING  | robot_0 collided with obstacle_4 at state [7.41, 3.53, 0.85]
2026-07-06 18:54 | WARNING  | robot_0 collided with obstacle_7 at state [1.76, 1.17, -0.41]
2026-07-06 18:54 | WARNING  | robot_0 collided with obstacle_6 at state [6.92, 8.09, 2.53]
2026-07-06 18:54 | WARNING  | robot_0 collided with obstacle_7 at state [5.54, 7.25, 2.98]
2026-07-06 18:54 | WARNING  | robot_0 collided with obstacle_5 at state [7.59, 5.3, -2.9]
2026-07-06 18:54 | WARNING  | robot_0 collided with obstacle_5 at state [5.46, 8.59, -0.04]
2026-07-06 18:54 | WARNING  | robot_0 collided with obstacle_3 at state [8.45, 2.41, -1.21]
2026-07-06 18:54 | WARNING  | robot_0 collided with obstacle_5 at state [4.51, 7.26, 0.22]
--------------------------------------------------------------------------------------------
setting actor output action_std to min_action_std :  0.1
--------------------------------------------------------------------------------------------
2026-07-06 18:54 | WARNING  | robot_0 collided with obstacle_6 at state [8.33, 3.87, 1.27]
2026-07-06 18:54 | WARNING  | robot_0 collided with obstacle_3 at state [5.34, 3.96, 0.87]
2026-07-06 18:54 | WARNING  | robot_0 collided with obstacle_5 at state [7.55, 6.07, -1.53]
2026-07-06 18:54 | WARNING  | robot_0 collided with obstacle_3 at state [7.59, 5.91, -1.35]
2026-07-06 18:55 | WARNING  | robot_0 collided with obstacle_4 at state [2.97, 2.5, 1.39]
2026-07-06 18:55 | WARNING  | robot_0 collided with obstacle_7 at state [4.67, 2.58, 0.73]
2026-07-06 18:55 | WARNING  | robot_0 collided with obstacle_4 at state [3.86, 7.33, 0.14]
..............................................
Epoch 42. Evaluating scenarios
2026-07-06 18:55 | WARNING  | robot_0 collided with obstacle_4 at state [4.93, 7.36, -0.98]
2026-07-06 18:55 | WARNING  | robot_0 collided with obstacle_2 at state [3.65, 6.79, -0.99]
2026-07-06 18:55 | WARNING  | robot_0 collided with obstacle_3 at state [9.01, 5.11, 1.73]
Average Reward: 32.97319216441324
Average Collision rate: 0.3
Average Goal rate: 0.4
..............................................
2026-07-06 18:55 | WARNING  | robot_0 collided with obstacle_1 at state [5.02, 1.23, -0.06]
2026-07-06 18:55 | WARNING  | robot_0 collided with obstacle_4 at state [6.85, 3.75, 1.1]
2026-07-06 18:56 | WARNING  | robot_0 collided with obstacle_6 at state [6.72, 8.49, -2.65]
2026-07-06 18:56 | WARNING  | robot_0 collided with obstacle_8 at state [0.19, 8.19, -2.21]
2026-07-06 18:56 | WARNING  | robot_0 collided with obstacle_5 at state [8.48, 2.26, -0.02]
2026-07-06 18:56 | WARNING  | robot_0 collided with obstacle_6 at state [6.86, 6.96, 2.57]
2026-07-06 18:56 | WARNING  | robot_0 collided with obstacle_4 at state [6.86, 7.92, -2.68]
2026-07-06 18:56 | WARNING  | robot_0 collided with obstacle_2 at state [6.23, 5.58, -0.01]
2026-07-06 18:56 | WARNING  | robot_0 collided with obstacle_2 at state [2.68, 5.88, -0.74]
2026-07-06 18:56 | WARNING  | robot_0 collided with obstacle_6 at state [4.01, 1.38, 0.83]
2026-07-06 18:56 | WARNING  | robot_0 collided with obstacle_4 at state [6.04, 2.9, 2.38]
--------------------------------------------------------------------------------------------
setting actor output action_std to min_action_std :  0.1
--------------------------------------------------------------------------------------------
2026-07-06 18:56 | WARNING  | robot_0 collided with obstacle_2 at state [2.34, 5.73, -0.14]
2026-07-06 18:56 | WARNING  | robot_0 collided with obstacle_2 at state [6.61, 5.53, -0.98]
2026-07-06 18:56 | WARNING  | robot_0 collided with obstacle_3 at state [3.99, 5.78, -0.94]
2026-07-06 18:56 | WARNING  | robot_0 collided with obstacle_2 at state [5.03, 7.42, 2.64]
2026-07-06 18:57 | WARNING  | robot_0 collided with obstacle_6 at state [7.94, 1.34, 0.81]
2026-07-06 18:57 | WARNING  | robot_0 collided with obstacle_7 at state [8.36, 1.16, 0.43]
2026-07-06 18:57 | WARNING  | robot_0 collided with obstacle_1 at state [3.97, 3.32, 0.33]
2026-07-06 18:57 | WARNING  | robot_0 collided with obstacle_2 at state [7.78, 1.81, 0.76]
--------------------------------------------------------------------------------------------
setting actor output action_std to min_action_std :  0.1
--------------------------------------------------------------------------------------------
2026-07-06 18:57 | WARNING  | robot_0 collided with obstacle_1 at state [2.93, 1.24, 0.8]
2026-07-06 18:57 | WARNING  | robot_0 collided with obstacle_7 at state [6.27, 4.46, 0.67]
2026-07-06 18:57 | WARNING  | robot_0 collided with obstacle_4 at state [5.16, 3.62, 0.68]
2026-07-06 18:57 | WARNING  | robot_0 collided with obstacle_3 at state [3.78, 3.18, 0.36]
2026-07-06 18:57 | WARNING  | robot_0 collided with obstacle_8 at state [9.48, 9.81, 2.67]
2026-07-06 18:57 | WARNING  | robot_0 collided with obstacle_4 at state [5.14, 6.93, -1.86]
2026-07-06 18:57 | WARNING  | robot_0 collided with obstacle_6 at state [8.02, 5.8, -2.9]
2026-07-06 18:57 | WARNING  | robot_0 collided with obstacle_5 at state [5.3, 4.81, -2.45]
2026-07-06 18:57 | WARNING  | robot_0 collided with obstacle_7 at state [4.49, 6.75, -2.47]
2026-07-06 18:58 | WARNING  | robot_0 collided with obstacle_7 at state [3.07, 3.79, -0.55]
2026-07-06 18:58 | WARNING  | robot_0 collided with obstacle_4 at state [2.28, 2.9, 0.53]
2026-07-06 18:58 | WARNING  | robot_0 collided with obstacle_5 at state [2.81, 0.73, 0.69]
--------------------------------------------------------------------------------------------
setting actor output action_std to min_action_std :  0.1
--------------------------------------------------------------------------------------------
2026-07-06 18:58 | WARNING  | robot_0 collided with obstacle_3 at state [7.81, 6.54, 2.86]
2026-07-06 18:58 | WARNING  | robot_0 collided with obstacle_4 at state [2.91, 5.7, -0.37]
2026-07-06 18:58 | WARNING  | robot_0 collided with obstacle_1 at state [4.64, 2.85, 1.65]
2026-07-06 18:58 | WARNING  | robot_0 collided with obstacle_2 at state [4.8, 4.68, 0.8]
2026-07-06 18:58 | WARNING  | robot_0 collided with obstacle_1 at state [4.76, 6.47, -1.33]
2026-07-06 18:58 | WARNING  | robot_0 collided with obstacle_3 at state [6.23, 3.31, -3.12]
..............................................
Epoch 43. Evaluating scenarios
2026-07-06 18:58 | WARNING  | robot_0 collided with obstacle_6 at state [8.32, 1.7, 0.7]
2026-07-06 18:58 | WARNING  | robot_0 collided with obstacle_1 at state [7.45, 5.5, -0.87]
2026-07-06 18:58 | WARNING  | robot_0 collided with obstacle_1 at state [5.89, 7.96, 2.42]
2026-07-06 18:59 | WARNING  | robot_0 collided with obstacle_7 at state [3.12, 6.8, -0.72]
2026-07-06 18:59 | WARNING  | robot_0 collided with obstacle_6 at state [5.48, 7.39, -0.72]
2026-07-06 18:59 | WARNING  | robot_0 collided with obstacle_7 at state [3.84, 1.11, 1.75]
Average Reward: -23.629604242608043
Average Collision rate: 0.6
Average Goal rate: 0.3
..............................................
2026-07-06 18:59 | WARNING  | robot_0 collided with obstacle_4 at state [5.32, 5.46, -0.64]
2026-07-06 18:59 | WARNING  | robot_0 collided with obstacle_4 at state [3.8, 3.75, -0.35]
2026-07-06 18:59 | WARNING  | robot_0 collided with obstacle_5 at state [6.69, 6.5, -1.02]
2026-07-06 18:59 | WARNING  | robot_0 collided with obstacle_3 at state [5.47, 3.88, 0.29]
2026-07-06 18:59 | WARNING  | robot_0 collided with obstacle_2 at state [7.88, 6.07, 2.6]
2026-07-06 18:59 | WARNING  | robot_0 collided with obstacle_5 at state [2.28, 6.84, -1.13]
2026-07-06 18:59 | WARNING  | robot_0 collided with obstacle_7 at state [3.46, 6.28, -0.41]
--------------------------------------------------------------------------------------------
setting actor output action_std to min_action_std :  0.1
--------------------------------------------------------------------------------------------
2026-07-06 18:59 | WARNING  | robot_0 collided with obstacle_2 at state [4.24, 3.04, 1.02]
2026-07-06 19:00 | WARNING  | robot_0 collided with obstacle_4 at state [3.99, 5.08, 2.66]
2026-07-06 19:00 | WARNING  | robot_0 collided with obstacle_4 at state [4.71, 1.28, 0.4]
2026-07-06 19:00 | WARNING  | robot_0 collided with obstacle_2 at state [5.53, 2.23, -3.08]
2026-07-06 19:00 | WARNING  | robot_0 collided with obstacle_2 at state [3.92, 6.29, 1.79]
2026-07-06 19:00 | WARNING  | robot_0 collided with obstacle_1 at state [5.59, 1.29, 0.68]
2026-07-06 19:00 | WARNING  | robot_0 collided with obstacle_2 at state [3.51, 5.27, -2.18]
2026-07-06 19:00 | WARNING  | robot_0 collided with obstacle_2 at state [4.41, 4.81, -2.84]
2026-07-06 19:00 | WARNING  | robot_0 collided with obstacle_6 at state [5.57, 9.68, -3.13]
2026-07-06 19:00 | WARNING  | robot_0 collided with obstacle_5 at state [3.75, 4.53, 2.09]
--------------------------------------------------------------------------------------------
setting actor output action_std to min_action_std :  0.1
--------------------------------------------------------------------------------------------
2026-07-06 19:01 | WARNING  | robot_0 collided with obstacle_4 at state [5.0, 4.61, -2.15]
2026-07-06 19:01 | WARNING  | robot_0 collided with obstacle_6 at state [6.56, 2.19, 1.53]
2026-07-06 19:01 | WARNING  | robot_0 collided with obstacle_7 at state [8.51, 4.86, 1.64]
2026-07-06 19:01 | WARNING  | robot_0 collided with obstacle_4 at state [8.26, 5.83, 1.23]
2026-07-06 19:01 | WARNING  | robot_0 collided with obstacle_4 at state [0.59, 7.68, -1.88]
2026-07-06 19:02 | WARNING  | robot_0 collided with obstacle_7 at state [6.59, 8.78, 2.85]
--------------------------------------------------------------------------------------------
setting actor output action_std to min_action_std :  0.1
--------------------------------------------------------------------------------------------
2026-07-06 19:02 | WARNING  | robot_0 collided with obstacle_3 at state [5.22, 4.89, 2.71]
2026-07-06 19:02 | WARNING  | robot_0 collided with obstacle_8 at state [9.8, 3.26, 1.51]
2026-07-06 19:02 | WARNING  | robot_0 collided with obstacle_7 at state [5.54, 0.94, -3.06]
2026-07-06 19:02 | WARNING  | robot_0 collided with obstacle_7 at state [4.1, 2.1, 0.21]
2026-07-06 19:02 | WARNING  | robot_0 collided with obstacle_7 at state [7.6, 8.34, 2.72]
2026-07-06 19:02 | WARNING  | robot_0 collided with obstacle_7 at state [7.89, 6.25, -0.08]
2026-07-06 19:02 | WARNING  | robot_0 collided with obstacle_1 at state [2.42, 4.08, -0.16]
..............................................
Epoch 44. Evaluating scenarios
2026-07-06 19:02 | WARNING  | robot_0 collided with obstacle_6 at state [8.7, 5.14, 2.73]
2026-07-06 19:02 | WARNING  | robot_0 collided with obstacle_3 at state [2.47, 6.06, -2.1]
2026-07-06 19:02 | WARNING  | robot_0 collided with obstacle_2 at state [7.53, 7.88, -1.75]
2026-07-06 19:02 | WARNING  | robot_0 collided with obstacle_1 at state [5.17, 3.12, 1.12]
2026-07-06 19:02 | WARNING  | robot_0 collided with obstacle_5 at state [6.53, 5.0, -0.6]
Average Reward: 3.159704630849157
Average Collision rate: 0.5
Average Goal rate: 0.4
..............................................
2026-07-06 19:02 | WARNING  | robot_0 collided with obstacle_4 at state [3.89, 5.04, 1.78]
2026-07-06 19:02 | WARNING  | robot_0 collided with obstacle_3 at state [6.35, 0.95, -0.42]
2026-07-06 19:02 | WARNING  | robot_0 collided with obstacle_7 at state [1.49, 6.01, -0.63]
2026-07-06 19:02 | WARNING  | robot_0 collided with obstacle_3 at state [3.77, 5.92, -2.01]
2026-07-06 19:03 | WARNING  | robot_0 collided with obstacle_1 at state [2.75, 1.21, -0.45]
2026-07-06 19:03 | WARNING  | robot_0 collided with obstacle_7 at state [6.44, 3.56, 0.72]
2026-07-06 19:03 | WARNING  | robot_0 collided with obstacle_6 at state [1.84, 6.34, -1.38]
2026-07-06 19:03 | WARNING  | robot_0 collided with obstacle_2 at state [0.54, 7.12, -1.84]
2026-07-06 19:03 | WARNING  | robot_0 collided with obstacle_7 at state [7.79, 4.39, -1.49]
2026-07-06 19:03 | WARNING  | robot_0 collided with obstacle_4 at state [5.56, 6.53, -2.08]
2026-07-06 19:03 | WARNING  | robot_0 collided with obstacle_5 at state [6.98, 2.26, 0.71]
--------------------------------------------------------------------------------------------
setting actor output action_std to min_action_std :  0.1
--------------------------------------------------------------------------------------------
2026-07-06 19:03 | WARNING  | robot_0 collided with obstacle_4 at state [6.31, 7.01, -1.93]
2026-07-06 19:03 | WARNING  | robot_0 collided with obstacle_4 at state [7.03, 4.33, 1.42]
2026-07-06 19:03 | WARNING  | robot_0 collided with obstacle_7 at state [6.28, 7.29, -0.02]
2026-07-06 19:03 | WARNING  | robot_0 collided with obstacle_3 at state [5.3, 2.41, 0.35]
2026-07-06 19:03 | WARNING  | robot_0 collided with obstacle_3 at state [1.81, 3.87, -1.38]
2026-07-06 19:03 | WARNING  | robot_0 collided with obstacle_4 at state [6.62, 6.68, -1.89]
2026-07-06 19:03 | WARNING  | robot_0 collided with obstacle_2 at state [5.55, 4.6, 1.26]
2026-07-06 19:04 | WARNING  | robot_0 collided with obstacle_4 at state [5.74, 7.25, 0.67]
2026-07-06 19:04 | WARNING  | robot_0 collided with obstacle_2 at state [6.07, 7.62, -0.98]
2026-07-06 19:04 | WARNING  | robot_0 collided with obstacle_6 at state [7.37, 4.2, 2.8]
2026-07-06 19:04 | WARNING  | robot_0 collided with obstacle_4 at state [3.77, 6.53, -1.52]
2026-07-06 19:04 | WARNING  | robot_0 collided with obstacle_2 at state [7.55, 8.17, 3.0]
2026-07-06 19:04 | WARNING  | robot_0 collided with obstacle_3 at state [1.64, 4.73, -0.76]
2026-07-06 19:04 | WARNING  | robot_0 collided with obstacle_6 at state [9.24, 5.93, 1.92]
--------------------------------------------------------------------------------------------
setting actor output action_std to min_action_std :  0.1
--------------------------------------------------------------------------------------------
2026-07-06 19:04 | WARNING  | robot_0 collided with obstacle_1 at state [7.67, 3.76, 1.79]
2026-07-06 19:04 | WARNING  | robot_0 collided with obstacle_5 at state [0.81, 7.17, -1.05]
2026-07-06 19:04 | WARNING  | robot_0 collided with obstacle_1 at state [4.17, 4.65, 0.05]
2026-07-06 19:04 | WARNING  | robot_0 collided with obstacle_6 at state [8.35, 3.27, -1.6]
2026-07-06 19:04 | WARNING  | robot_0 collided with obstacle_3 at state [5.63, 3.06, 2.24]
2026-07-06 19:04 | WARNING  | robot_0 collided with obstacle_2 at state [1.83, 3.27, 1.53]
2026-07-06 19:04 | WARNING  | robot_0 collided with obstacle_2 at state [2.34, 2.68, -0.24]
2026-07-06 19:05 | WARNING  | robot_0 collided with obstacle_2 at state [7.37, 4.64, -1.68]
2026-07-06 19:05 | WARNING  | robot_0 collided with obstacle_6 at state [4.52, 7.05, -0.58]
2026-07-06 19:05 | WARNING  | robot_0 collided with obstacle_2 at state [4.92, 3.74, -2.54]
--------------------------------------------------------------------------------------------
setting actor output action_std to min_action_std :  0.1
--------------------------------------------------------------------------------------------
2026-07-06 19:05 | WARNING  | robot_0 collided with obstacle_3 at state [7.06, 4.84, 1.99]
2026-07-06 19:05 | WARNING  | robot_0 collided with obstacle_4 at state [2.98, 4.56, -1.51]
2026-07-06 19:05 | WARNING  | robot_0 collided with obstacle_2 at state [7.95, 5.86, -1.52]
2026-07-06 19:05 | WARNING  | robot_0 collided with obstacle_3 at state [6.67, 7.14, -0.99]
..............................................
Epoch 45. Evaluating scenarios
2026-07-06 19:05 | WARNING  | robot_0 collided with obstacle_4 at state [5.59, 7.29, 2.86]
2026-07-06 19:05 | WARNING  | robot_0 collided with obstacle_3 at state [8.24, 8.01, 2.55]
2026-07-06 19:06 | WARNING  | robot_0 collided with obstacle_7 at state [2.41, 8.1, -2.04]
2026-07-06 19:06 | WARNING  | robot_0 collided with obstacle_7 at state [6.03, 1.85, 1.06]
2026-07-06 19:06 | WARNING  | robot_0 collided with obstacle_2 at state [4.22, 3.81, -0.99]
2026-07-06 19:06 | WARNING  | robot_0 collided with obstacle_2 at state [7.59, 3.52, 2.78]
Average Reward: -27.48765633185689
Average Collision rate: 0.6
Average Goal rate: 0.1
..............................................
2026-07-06 19:06 | WARNING  | robot_0 collided with obstacle_7 at state [6.54, 6.42, -1.71]
2026-07-06 19:06 | WARNING  | robot_0 collided with obstacle_6 at state [6.45, 2.0, 1.2]
2026-07-06 19:06 | WARNING  | robot_0 collided with obstacle_4 at state [5.12, 7.89, -0.97]
2026-07-06 19:06 | WARNING  | robot_0 collided with obstacle_4 at state [4.95, 6.2, -2.74]
2026-07-06 19:06 | WARNING  | robot_0 collided with obstacle_3 at state [5.72, 2.67, 1.43]
2026-07-06 19:06 | WARNING  | robot_0 collided with obstacle_4 at state [5.13, 6.63, -1.9]
2026-07-06 19:07 | WARNING  | robot_0 collided with obstacle_3 at state [6.48, 2.36, 1.33]
2026-07-06 19:07 | WARNING  | robot_0 collided with obstacle_2 at state [3.77, 9.48, 2.53]
--------------------------------------------------------------------------------------------
setting actor output action_std to min_action_std :  0.1
--------------------------------------------------------------------------------------------
2026-07-06 19:07 | WARNING  | robot_0 collided with obstacle_1 at state [4.98, 5.29, 0.79]
2026-07-06 19:07 | WARNING  | robot_0 collided with obstacle_4 at state [6.16, 3.41, 1.21]
2026-07-06 19:07 | WARNING  | robot_0 collided with obstacle_4 at state [5.87, 5.4, -0.62]
2026-07-06 19:07 | WARNING  | robot_0 collided with obstacle_4 at state [7.86, 3.85, 2.4]
2026-07-06 19:07 | WARNING  | robot_0 collided with obstacle_1 at state [2.52, 4.27, -0.99]
2026-07-06 19:07 | WARNING  | robot_0 collided with obstacle_6 at state [3.07, 5.37, 0.94]
2026-07-06 19:07 | WARNING  | robot_0 collided with obstacle_5 at state [6.92, 6.6, -2.19]
2026-07-06 19:07 | WARNING  | robot_0 collided with obstacle_6 at state [2.77, 3.03, 1.09]
2026-07-06 19:07 | WARNING  | robot_0 collided with obstacle_5 at state [5.4, 4.86, 0.72]
2026-07-06 19:08 | WARNING  | robot_0 collided with obstacle_5 at state [7.73, 7.21, -1.76]
2026-07-06 19:08 | WARNING  | robot_0 collided with obstacle_5 at state [8.39, 3.84, 1.37]
--------------------------------------------------------------------------------------------
setting actor output action_std to min_action_std :  0.1
--------------------------------------------------------------------------------------------
2026-07-06 19:08 | WARNING  | robot_0 collided with obstacle_7 at state [2.73, 1.25, 0.01]
2026-07-06 19:08 | WARNING  | robot_0 collided with obstacle_2 at state [1.74, 4.68, 0.57]
2026-07-06 19:08 | WARNING  | robot_0 collided with obstacle_8 at state [9.83, 8.36, 0.69]
2026-07-06 19:08 | WARNING  | robot_0 collided with obstacle_1 at state [5.19, 7.46, 2.99]
2026-07-06 19:08 | WARNING  | robot_0 collided with obstacle_7 at state [5.39, 8.54, -0.27]
2026-07-06 19:08 | WARNING  | robot_0 collided with obstacle_5 at state [8.04, 8.67, 2.96]
2026-07-06 19:08 | WARNING  | robot_0 collided with obstacle_6 at state [7.78, 5.99, -1.88]
2026-07-06 19:08 | WARNING  | robot_0 collided with obstacle_1 at state [7.98, 6.5, -3.13]
2026-07-06 19:08 | WARNING  | robot_0 collided with obstacle_3 at state [4.5, 6.07, 3.04]
2026-07-06 19:08 | WARNING  | robot_0 collided with obstacle_4 at state [8.32, 5.41, 1.62]
2026-07-06 19:08 | WARNING  | robot_0 collided with obstacle_7 at state [3.48, 1.04, -0.33]
--------------------------------------------------------------------------------------------
setting actor output action_std to min_action_std :  0.1
--------------------------------------------------------------------------------------------
2026-07-06 19:08 | WARNING  | robot_0 collided with obstacle_1 at state [2.77, 6.81, -2.07]
2026-07-06 19:08 | WARNING  | robot_0 collided with obstacle_6 at state [7.46, 6.2, -2.16]
2026-07-06 19:08 | WARNING  | robot_0 collided with obstacle_7 at state [4.82, 3.92, -2.79]
2026-07-06 19:08 | WARNING  | robot_0 collided with obstacle_5 at state [1.28, 4.73, -0.84]
2026-07-06 19:09 | WARNING  | robot_0 collided with obstacle_2 at state [1.6, 1.88, -1.02]
2026-07-06 19:09 | WARNING  | robot_0 collided with obstacle_2 at state [1.95, 2.24, -0.53]
..............................................
Epoch 46. Evaluating scenarios
2026-07-06 19:09 | WARNING  | robot_0 collided with obstacle_7 at state [1.63, 6.18, -1.71]
2026-07-06 19:09 | WARNING  | robot_0 collided with obstacle_7 at state [5.16, 6.71, -2.41]
2026-07-06 19:09 | WARNING  | robot_0 collided with obstacle_3 at state [7.39, 2.56, -1.08]
2026-07-06 19:09 | WARNING  | robot_0 collided with obstacle_2 at state [3.13, 8.81, 3.02]
2026-07-06 19:09 | WARNING  | robot_0 collided with obstacle_7 at state [6.29, 2.33, 1.65]
Average Reward: -2.5353656489906182
Average Collision rate: 0.5
Average Goal rate: 0.3
..............................................
2026-07-06 19:09 | WARNING  | robot_0 collided with obstacle_8 at state [2.12, 0.19, -0.45]
2026-07-06 19:09 | WARNING  | robot_0 collided with obstacle_2 at state [4.95, 7.93, 0.19]
2026-07-06 19:09 | WARNING  | robot_0 collided with obstacle_3 at state [4.07, 6.33, -2.56]
2026-07-06 19:09 | WARNING  | robot_0 collided with obstacle_7 at state [6.47, 1.13, 0.13]
2026-07-06 19:09 | WARNING  | robot_0 collided with obstacle_3 at state [5.5, 3.44, 2.96]
2026-07-06 19:10 | WARNING  | robot_0 collided with obstacle_2 at state [6.86, 4.65, 1.02]
2026-07-06 19:10 | WARNING  | robot_0 collided with obstacle_5 at state [1.65, 5.33, 0.11]
2026-07-06 19:10 | WARNING  | robot_0 collided with obstacle_5 at state [1.64, 7.94, -2.22]
2026-07-06 19:10 | WARNING  | robot_0 collided with obstacle_4 at state [1.85, 1.73, -0.33]
2026-07-06 19:10 | WARNING  | robot_0 collided with obstacle_2 at state [4.99, 2.43, 2.6]
2026-07-06 19:10 | WARNING  | robot_0 collided with obstacle_7 at state [8.04, 7.07, 2.83]
--------------------------------------------------------------------------------------------
setting actor output action_std to min_action_std :  0.1
--------------------------------------------------------------------------------------------
2026-07-06 19:10 | WARNING  | robot_0 collided with obstacle_4 at state [9.1, 6.87, 2.09]
2026-07-06 19:10 | WARNING  | robot_0 collided with obstacle_3 at state [6.04, 8.28, -1.73]
2026-07-06 19:10 | WARNING  | robot_0 collided with obstacle_2 at state [7.39, 4.12, -1.54]
2026-07-06 19:10 | WARNING  | robot_0 collided with obstacle_4 at state [7.99, 4.62, 2.2]
2026-07-06 19:11 | WARNING  | robot_0 collided with obstacle_7 at state [7.34, 8.02, -2.77]
2026-07-06 19:11 | WARNING  | robot_0 collided with obstacle_6 at state [4.21, 5.82, -2.28]
2026-07-06 19:11 | WARNING  | robot_0 collided with obstacle_3 at state [8.45, 8.3, 2.91]
2026-07-06 19:11 | WARNING  | robot_0 collided with obstacle_4 at state [5.35, 7.51, -1.77]
--------------------------------------------------------------------------------------------
setting actor output action_std to min_action_std :  0.1
--------------------------------------------------------------------------------------------
2026-07-06 19:11 | WARNING  | robot_0 collided with obstacle_7 at state [3.19, 5.82, -0.81]
2026-07-06 19:12 | WARNING  | robot_0 collided with obstacle_4 at state [8.61, 6.67, 1.85]
2026-07-06 19:12 | WARNING  | robot_0 collided with obstacle_7 at state [3.41, 3.65, -0.49]
2026-07-06 19:12 | WARNING  | robot_0 collided with obstacle_4 at state [4.53, 3.08, 1.77]
2026-07-06 19:12 | WARNING  | robot_0 collided with obstacle_7 at state [8.02, 4.72, 2.63]
2026-07-06 19:12 | WARNING  | robot_0 collided with obstacle_6 at state [8.83, 8.75, 1.44]
2026-07-06 19:12 | WARNING  | robot_0 collided with obstacle_4 at state [2.97, 6.82, -0.34]
2026-07-06 19:12 | WARNING  | robot_0 collided with obstacle_5 at state [4.62, 5.12, 0.36]
2026-07-06 19:12 | WARNING  | robot_0 collided with obstacle_2 at state [5.93, 4.04, 0.91]
2026-07-06 19:12 | WARNING  | robot_0 collided with obstacle_6 at state [4.45, 4.74, -1.61]
2026-07-06 19:12 | WARNING  | robot_0 collided with obstacle_3 at state [7.74, 7.85, -2.77]
2026-07-06 19:12 | WARNING  | robot_0 collided with obstacle_1 at state [8.01, 1.69, 1.34]
--------------------------------------------------------------------------------------------
setting actor output action_std to min_action_std :  0.1
--------------------------------------------------------------------------------------------
2026-07-06 19:12 | WARNING  | robot_0 collided with obstacle_2 at state [9.08, 3.49, 1.12]
2026-07-06 19:12 | WARNING  | robot_0 collided with obstacle_1 at state [3.07, 6.28, -0.51]
2026-07-06 19:12 | WARNING  | robot_0 collided with obstacle_1 at state [5.41, 7.47, 0.38]
2026-07-06 19:13 | WARNING  | robot_0 collided with obstacle_2 at state [2.69, 9.41, -2.97]
2026-07-06 19:13 | WARNING  | robot_0 collided with obstacle_3 at state [2.54, 5.86, -0.69]
2026-07-06 19:13 | WARNING  | robot_0 collided with obstacle_1 at state [8.43, 2.51, 1.06]
..............................................
Epoch 47. Evaluating scenarios
2026-07-06 19:13 | WARNING  | robot_0 collided with obstacle_3 at state [8.7, 6.41, 1.47]
2026-07-06 19:13 | WARNING  | robot_0 collided with obstacle_4 at state [8.79, 2.69, 0.63]
2026-07-06 19:13 | WARNING  | robot_0 collided with obstacle_7 at state [9.42, 3.89, 2.93]
2026-07-06 19:13 | WARNING  | robot_0 collided with obstacle_2 at state [2.56, 6.26, -0.3]
2026-07-06 19:13 | WARNING  | robot_0 collided with obstacle_4 at state [4.72, 6.31, 0.33]
Average Reward: 4.582615671279498
Average Collision rate: 0.5
Average Goal rate: 0.4
..............................................
2026-07-06 19:13 | WARNING  | robot_0 collided with obstacle_1 at state [8.61, 2.35, 1.8]
2026-07-06 19:13 | WARNING  | robot_0 collided with obstacle_6 at state [3.07, 1.81, -0.37]
2026-07-06 19:13 | WARNING  | robot_0 collided with obstacle_6 at state [7.04, 1.76, 0.47]
2026-07-06 19:14 | WARNING  | robot_0 collided with obstacle_6 at state [7.3, 2.0, 0.11]
2026-07-06 19:14 | WARNING  | robot_0 collided with obstacle_3 at state [4.13, 7.18, 1.27]
2026-07-06 19:14 | WARNING  | robot_0 collided with obstacle_3 at state [7.91, 1.67, 1.58]
2026-07-06 19:14 | WARNING  | robot_0 collided with obstacle_6 at state [3.55, 1.51, -0.13]
2026-07-06 19:14 | WARNING  | robot_0 collided with obstacle_6 at state [4.24, 1.82, 0.75]
--------------------------------------------------------------------------------------------
setting actor output action_std to min_action_std :  0.1
--------------------------------------------------------------------------------------------
2026-07-06 19:14 | WARNING  | robot_0 collided with obstacle_1 at state [8.18, 4.84, 1.91]
2026-07-06 19:15 | WARNING  | robot_0 collided with obstacle_7 at state [5.0, 2.09, 0.93]
2026-07-06 19:15 | WARNING  | robot_0 collided with obstacle_7 at state [5.85, 2.17, 2.95]
2026-07-06 19:15 | WARNING  | robot_0 collided with obstacle_5 at state [2.85, 7.56, -0.09]
2026-07-06 19:15 | WARNING  | robot_0 collided with obstacle_2 at state [1.19, 6.17, -1.91]
2026-07-06 19:15 | WARNING  | robot_0 collided with obstacle_8 at state [0.2, 1.24, -1.78]
2026-07-06 19:15 | WARNING  | robot_0 collided with obstacle_2 at state [0.48, 6.27, -1.85]
2026-07-06 19:15 | WARNING  | robot_0 collided with obstacle_6 at state [4.82, 8.27, -2.65]
--------------------------------------------------------------------------------------------
setting actor output action_std to min_action_std :  0.1
--------------------------------------------------------------------------------------------
2026-07-06 19:15 | WARNING  | robot_0 collided with obstacle_3 at state [5.84, 8.5, -2.58]
2026-07-06 19:15 | WARNING  | robot_0 collided with obstacle_3 at state [5.97, 5.28, 1.56]
2026-07-06 19:15 | WARNING  | robot_0 collided with obstacle_1 at state [3.49, 7.25, -0.58]
2026-07-06 19:15 | WARNING  | robot_0 collided with obstacle_1 at state [4.97, 6.58, -1.03]
2026-07-06 19:16 | WARNING  | robot_0 collided with obstacle_2 at state [6.5, 7.89, -0.96]
2026-07-06 19:16 | WARNING  | robot_0 collided with obstacle_2 at state [6.63, 9.23, -2.81]
2026-07-06 19:16 | WARNING  | robot_0 collided with obstacle_4 at state [5.19, 3.7, 1.01]
2026-07-06 19:16 | WARNING  | robot_0 collided with obstacle_2 at state [6.97, 2.99, 1.34]
--------------------------------------------------------------------------------------------
setting actor output action_std to min_action_std :  0.1
--------------------------------------------------------------------------------------------
2026-07-06 19:16 | WARNING  | robot_0 collided with obstacle_2 at state [2.47, 8.81, -2.92]
2026-07-06 19:16 | WARNING  | robot_0 collided with obstacle_5 at state [8.19, 4.71, 1.75]
2026-07-06 19:16 | WARNING  | robot_0 collided with obstacle_1 at state [3.03, 6.39, -1.08]
2026-07-06 19:16 | WARNING  | robot_0 collided with obstacle_2 at state [8.96, 2.28, 0.8]
2026-07-06 19:16 | WARNING  | robot_0 collided with obstacle_7 at state [5.95, 6.8, -1.42]
2026-07-06 19:16 | WARNING  | robot_0 collided with obstacle_3 at state [1.19, 3.16, -0.54]
..............................................
Epoch 48. Evaluating scenarios
2026-07-06 19:16 | WARNING  | robot_0 collided with obstacle_4 at state [2.92, 0.75, -0.52]
2026-07-06 19:17 | WARNING  | robot_0 collided with obstacle_1 at state [3.26, 2.99, -0.5]
2026-07-06 19:17 | WARNING  | robot_0 collided with obstacle_2 at state [5.85, 8.26, -2.99]
2026-07-06 19:17 | WARNING  | robot_0 collided with obstacle_3 at state [7.72, 8.71, 1.79]
2026-07-06 19:17 | WARNING  | robot_0 collided with obstacle_7 at state [8.24, 6.51, 2.4]
2026-07-06 19:17 | WARNING  | robot_0 collided with obstacle_6 at state [6.08, 4.29, -1.26]
2026-07-06 19:17 | WARNING  | robot_0 collided with obstacle_4 at state [7.27, 2.87, -1.91]
Average Reward: -27.20238299757391
Average Collision rate: 0.7
Average Goal rate: 0.3
..............................................
2026-07-06 19:17 | WARNING  | robot_0 collided with obstacle_2 at state [6.11, 4.63, -1.53]
2026-07-06 19:17 | WARNING  | robot_0 collided with obstacle_2 at state [8.16, 5.2, -1.7]
2026-07-06 19:17 | WARNING  | robot_0 collided with obstacle_2 at state [8.43, 1.7, 0.47]
2026-07-06 19:17 | WARNING  | robot_0 collided with obstacle_4 at state [3.3, 8.02, 0.0]
2026-07-06 19:18 | WARNING  | robot_0 collided with obstacle_7 at state [5.75, 4.46, -0.9]
2026-07-06 19:18 | WARNING  | robot_0 collided with obstacle_1 at state [6.79, 3.27, 1.45]
2026-07-06 19:18 | WARNING  | robot_0 collided with obstacle_5 at state [5.7, 2.18, 0.98]
2026-07-06 19:18 | WARNING  | robot_0 collided with obstacle_3 at state [8.1, 7.06, -0.26]
--------------------------------------------------------------------------------------------
setting actor output action_std to min_action_std :  0.1
--------------------------------------------------------------------------------------------
2026-07-06 19:18 | WARNING  | robot_0 collided with obstacle_4 at state [4.35, 8.2, -0.51]
2026-07-06 19:18 | WARNING  | robot_0 collided with obstacle_6 at state [3.37, 2.97, 0.43]
2026-07-06 19:18 | WARNING  | robot_0 collided with obstacle_7 at state [6.15, 5.81, -0.97]
2026-07-06 19:18 | WARNING  | robot_0 collided with obstacle_4 at state [3.78, 2.53, 0.68]
2026-07-06 19:18 | WARNING  | robot_0 collided with obstacle_1 at state [2.12, 3.2, -0.38]
2026-07-06 19:18 | WARNING  | robot_0 collided with obstacle_2 at state [2.24, 9.21, -1.61]
2026-07-06 19:18 | WARNING  | robot_0 collided with obstacle_1 at state [2.53, 4.43, 2.15]
2026-07-06 19:19 | WARNING  | robot_0 collided with obstacle_2 at state [4.82, 4.52, -0.12]
2026-07-06 19:19 | WARNING  | robot_0 collided with obstacle_5 at state [1.97, 3.77, 1.53]
--------------------------------------------------------------------------------------------
setting actor output action_std to min_action_std :  0.1
--------------------------------------------------------------------------------------------
2026-07-06 19:19 | WARNING  | robot_0 collided with obstacle_5 at state [9.53, 6.61, 2.47]
2026-07-06 19:19 | WARNING  | robot_0 collided with obstacle_7 at state [5.92, 2.68, 1.18]
2026-07-06 19:19 | WARNING  | robot_0 collided with obstacle_5 at state [2.93, 3.15, 1.86]
2026-07-06 19:19 | WARNING  | robot_0 collided with obstacle_3 at state [8.0, 6.1, 2.35]
2026-07-06 19:19 | WARNING  | robot_0 collided with obstacle_2 at state [7.92, 5.88, -2.11]
2026-07-06 19:19 | WARNING  | robot_0 collided with obstacle_3 at state [6.71, 3.14, 1.27]
2026-07-06 19:19 | WARNING  | robot_0 collided with obstacle_3 at state [5.72, 6.03, -2.3]
2026-07-06 19:19 | WARNING  | robot_0 collided with obstacle_2 at state [8.26, 3.75, 2.68]
2026-07-06 19:19 | WARNING  | robot_0 collided with obstacle_8 at state [9.19, 9.81, -3.1]
2026-07-06 19:19 | WARNING  | robot_0 collided with obstacle_2 at state [2.42, 5.2, -0.03]
2026-07-06 19:20 | WARNING  | robot_0 collided with obstacle_5 at state [6.14, 2.83, 1.54]
--------------------------------------------------------------------------------------------
setting actor output action_std to min_action_std :  0.1
--------------------------------------------------------------------------------------------
2026-07-06 19:20 | WARNING  | robot_0 collided with obstacle_2 at state [6.96, 5.12, -0.8]
2026-07-06 19:20 | WARNING  | robot_0 collided with obstacle_3 at state [4.13, 5.75, 0.5]
2026-07-06 19:20 | WARNING  | robot_0 collided with obstacle_6 at state [8.67, 2.26, 2.28]
2026-07-06 19:20 | WARNING  | robot_0 collided with obstacle_6 at state [2.5, 7.61, -1.57]
2026-07-06 19:20 | WARNING  | robot_0 collided with obstacle_5 at state [6.35, 7.36, -0.61]
2026-07-06 19:20 | WARNING  | robot_0 collided with obstacle_2 at state [4.1, 9.32, 3.06]
2026-07-06 19:20 | WARNING  | robot_0 collided with obstacle_2 at state [7.3, 7.09, 2.6]
..............................................
Epoch 49. Evaluating scenarios
2026-07-06 19:20 | WARNING  | robot_0 collided with obstacle_3 at state [5.45, 1.93, 0.63]
2026-07-06 19:20 | WARNING  | robot_0 collided with obstacle_2 at state [5.24, 2.96, 0.95]
2026-07-06 19:20 | WARNING  | robot_0 collided with obstacle_5 at state [6.14, 7.7, -3.01]
2026-07-06 19:20 | WARNING  | robot_0 collided with obstacle_1 at state [2.93, 5.76, -0.6]
2026-07-06 19:20 | WARNING  | robot_0 collided with obstacle_7 at state [5.07, 8.73, -1.69]
Average Reward: -8.626761911244007
Average Collision rate: 0.5
Average Goal rate: 0.1
..............................................
2026-07-06 19:21 | WARNING  | robot_0 collided with obstacle_2 at state [2.79, 0.81, -0.68]
2026-07-06 19:21 | WARNING  | robot_0 collided with obstacle_3 at state [7.8, 8.22, 2.19]
2026-07-06 19:21 | WARNING  | robot_0 collided with obstacle_8 at state [1.19, 0.18, -0.81]
2026-07-06 19:21 | WARNING  | robot_0 collided with obstacle_7 at state [4.28, 5.91, -0.52]
2026-07-06 19:21 | WARNING  | robot_0 collided with obstacle_1 at state [6.58, 7.74, -2.26]
2026-07-06 19:21 | WARNING  | robot_0 collided with obstacle_2 at state [4.57, 1.82, 1.18]
2026-07-06 19:21 | WARNING  | robot_0 collided with obstacle_1 at state [4.23, 7.13, 3.0]
2026-07-06 19:21 | WARNING  | robot_0 collided with obstacle_7 at state [2.24, 2.68, -0.76]
2026-07-06 19:21 | WARNING  | robot_0 collided with obstacle_5 at state [7.46, 9.21, -2.72]
--------------------------------------------------------------------------------------------
setting actor output action_std to min_action_std :  0.1
--------------------------------------------------------------------------------------------
2026-07-06 19:21 | WARNING  | robot_0 collided with obstacle_6 at state [1.91, 1.77, 0.05]
2026-07-06 19:21 | WARNING  | robot_0 collided with obstacle_7 at state [7.86, 6.31, -1.17]
2026-07-06 19:21 | WARNING  | robot_0 collided with obstacle_6 at state [5.73, 6.28, -2.84]
2026-07-06 19:21 | WARNING  | robot_0 collided with obstacle_7 at state [2.06, 5.8, -1.8]
2026-07-06 19:21 | WARNING  | robot_0 collided with obstacle_7 at state [7.6, 8.39, 2.31]
2026-07-06 19:21 | WARNING  | robot_0 collided with obstacle_3 at state [8.91, 2.57, 2.74]
2026-07-06 19:21 | WARNING  | robot_0 collided with obstacle_2 at state [3.94, 4.19, 0.53]
2026-07-06 19:22 | WARNING  | robot_0 collided with obstacle_3 at state [5.99, 1.99, 1.09]
2026-07-06 19:22 | WARNING  | robot_0 collided with obstacle_6 at state [8.76, 3.71, 1.67]
2026-07-06 19:22 | WARNING  | robot_0 collided with obstacle_2 at state [8.92, 3.49, 1.12]
2026-07-06 19:22 | WARNING  | robot_0 collided with obstacle_4 at state [7.25, 8.03, -0.18]
--------------------------------------------------------------------------------------------
setting actor output action_std to min_action_std :  0.1
--------------------------------------------------------------------------------------------
2026-07-06 19:22 | WARNING  | robot_0 collided with obstacle_4 at state [6.0, 1.9, 0.56]
2026-07-06 19:22 | WARNING  | robot_0 collided with obstacle_7 at state [2.21, 5.13, 1.47]
2026-07-06 19:22 | WARNING  | robot_0 collided with obstacle_2 at state [2.93, 4.38, 1.95]
2026-07-06 19:22 | WARNING  | robot_0 collided with obstacle_2 at state [8.22, 6.75, -1.53]
2026-07-06 19:22 | WARNING  | robot_0 collided with obstacle_7 at state [5.89, 4.75, 1.66]
2026-07-06 19:22 | WARNING  | robot_0 collided with obstacle_4 at state [6.53, 7.29, -1.72]
2026-07-06 19:23 | WARNING  | robot_0 collided with obstacle_7 at state [6.75, 2.64, 1.08]
2026-07-06 19:23 | WARNING  | robot_0 collided with obstacle_1 at state [2.3, 8.39, -2.73]
2026-07-06 19:23 | WARNING  | robot_0 collided with obstacle_7 at state [6.17, 2.99, 0.7]
2026-07-06 19:23 | WARNING  | robot_0 collided with obstacle_7 at state [5.55, 3.8, 2.15]
2026-07-06 19:23 | WARNING  | robot_0 collided with obstacle_7 at state [5.68, 4.39, -0.16]
--------------------------------------------------------------------------------------------
setting actor output action_std to min_action_std :  0.1
--------------------------------------------------------------------------------------------
2026-07-06 19:23 | WARNING  | robot_0 collided with obstacle_3 at state [6.39, 3.48, 1.54]
2026-07-06 19:23 | WARNING  | robot_0 collided with obstacle_6 at state [0.61, 6.78, -1.63]
2026-07-06 19:23 | WARNING  | robot_0 collided with obstacle_7 at state [4.73, 9.56, 3.08]
2026-07-06 19:23 | WARNING  | robot_0 collided with obstacle_4 at state [1.89, 1.6, -1.44]
2026-07-06 19:23 | WARNING  | robot_0 collided with obstacle_5 at state [5.43, 7.26, 0.98]
..............................................
Epoch 50. Evaluating scenarios
2026-07-06 19:23 | WARNING  | robot_0 collided with obstacle_7 at state [7.78, 8.89, 2.92]
2026-07-06 19:23 | WARNING  | robot_0 collided with obstacle_6 at state [1.13, 3.0, -1.58]
2026-07-06 19:23 | WARNING  | robot_0 collided with obstacle_2 at state [9.61, 2.35, 1.77]
2026-07-06 19:24 | WARNING  | robot_0 collided with obstacle_2 at state [2.04, 4.73, 0.74]
2026-07-06 19:24 | WARNING  | robot_0 collided with obstacle_2 at state [3.22, 6.86, 0.13]
2026-07-06 19:24 | WARNING  | robot_0 collided with obstacle_8 at state [9.81, 3.02, 1.37]
Average Reward: -6.911050839209284
Average Collision rate: 0.6
Average Goal rate: 0.3
..............................................
2026-07-06 19:24 | WARNING  | robot_0 collided with obstacle_5 at state [4.2, 5.22, -0.19]
2026-07-06 19:24 | WARNING  | robot_0 collided with obstacle_5 at state [2.13, 2.08, -0.07]
2026-07-06 19:24 | WARNING  | robot_0 collided with obstacle_6 at state [7.81, 5.74, -2.5]
2026-07-06 19:24 | WARNING  | robot_0 collided with obstacle_4 at state [4.49, 3.24, 0.2]
2026-07-06 19:24 | WARNING  | robot_0 collided with obstacle_7 at state [2.28, 6.03, -0.07]
2026-07-06 19:25 | WARNING  | robot_0 collided with obstacle_1 at state [4.44, 1.53, -0.35]
2026-07-06 19:25 | WARNING  | robot_0 collided with obstacle_3 at state [8.35, 8.32, 2.99]
2026-07-06 19:25 | WARNING  | robot_0 collided with obstacle_5 at state [7.38, 8.21, -3.11]
2026-07-06 19:25 | WARNING  | robot_0 collided with obstacle_3 at state [1.07, 5.63, -1.36]
2026-07-06 19:25 | WARNING  | robot_0 collided with obstacle_6 at state [3.1, 8.26, 0.13]
2026-07-06 19:25 | WARNING  | robot_0 collided with obstacle_6 at state [2.3, 7.18, -0.5]
--------------------------------------------------------------------------------------------
setting actor output action_std to min_action_std :  0.1
--------------------------------------------------------------------------------------------
2026-07-06 19:25 | WARNING  | robot_0 collided with obstacle_7 at state [6.72, 2.16, 1.45]
2026-07-06 19:25 | WARNING  | robot_0 collided with obstacle_2 at state [3.22, 1.1, 0.2]
2026-07-06 19:25 | WARNING  | robot_0 collided with obstacle_7 at state [7.7, 6.5, 2.14]
2026-07-06 19:25 | WARNING  | robot_0 collided with obstacle_2 at state [5.13, 0.81, 0.25]
2026-07-06 19:25 | WARNING  | robot_0 collided with obstacle_3 at state [4.94, 5.46, -1.82]
2026-07-06 19:25 | WARNING  | robot_0 collided with obstacle_3 at state [8.0, 7.49, 2.9]
2026-07-06 19:25 | WARNING  | robot_0 collided with obstacle_7 at state [1.07, 3.37, -1.37]
2026-07-06 19:25 | WARNING  | robot_0 collided with obstacle_8 at state [9.82, 9.02, 0.64]
2026-07-06 19:25 | WARNING  | robot_0 collided with obstacle_6 at state [1.64, 3.53, 1.33]
2026-07-06 19:26 | WARNING  | robot_0 collided with obstacle_5 at state [0.95, 8.13, -1.74]
2026-07-06 19:26 | WARNING  | robot_0 collided with obstacle_6 at state [4.64, 4.09, 0.97]
2026-07-06 19:26 | WARNING  | robot_0 collided with obstacle_2 at state [8.37, 6.2, -2.24]
--------------------------------------------------------------------------------------------
setting actor output action_std to min_action_std :  0.1
--------------------------------------------------------------------------------------------
2026-07-06 19:26 | WARNING  | robot_0 collided with obstacle_2 at state [5.08, 6.08, -0.29]
2026-07-06 19:26 | WARNING  | robot_0 collided with obstacle_6 at state [6.34, 2.13, 3.0]
2026-07-06 19:26 | WARNING  | robot_0 collided with obstacle_5 at state [5.71, 2.26, 2.98]
2026-07-06 19:26 | WARNING  | robot_0 collided with obstacle_8 at state [9.16, 9.84, 1.13]
2026-07-06 19:26 | WARNING  | robot_0 collided with obstacle_4 at state [3.96, 7.96, 2.84]
2026-07-06 19:26 | WARNING  | robot_0 collided with obstacle_3 at state [5.51, 5.7, -1.76]
2026-07-06 19:26 | WARNING  | robot_0 collided with obstacle_5 at state [7.56, 7.68, 2.43]
2026-07-06 19:26 | WARNING  | robot_0 collided with obstacle_5 at state [3.17, 2.28, -0.02]
2026-07-06 19:26 | WARNING  | robot_0 collided with obstacle_3 at state [6.4, 4.45, -1.36]
2026-07-06 19:26 | WARNING  | robot_0 collided with obstacle_1 at state [6.35, 4.49, -1.61]
2026-07-06 19:27 | WARNING  | robot_0 collided with obstacle_6 at state [4.33, 7.82, -0.91]
2026-07-06 19:27 | WARNING  | robot_0 collided with obstacle_2 at state [6.97, 3.49, -1.42]
--------------------------------------------------------------------------------------------
setting actor output action_std to min_action_std :  0.1
--------------------------------------------------------------------------------------------
2026-07-06 19:27 | WARNING  | robot_0 collided with obstacle_2 at state [6.19, 8.23, 0.05]
2026-07-06 19:27 | WARNING  | robot_0 collided with obstacle_4 at state [4.28, 8.42, 0.55]
2026-07-06 19:27 | WARNING  | robot_0 collided with obstacle_1 at state [4.58, 5.97, 0.51]
2026-07-06 19:27 | WARNING  | robot_0 collided with obstacle_7 at state [7.78, 1.86, -2.23]
2026-07-06 19:27 | WARNING  | robot_0 collided with obstacle_4 at state [5.86, 3.66, 0.75]
..............................................
Epoch 51. Evaluating scenarios
2026-07-06 19:27 | WARNING  | robot_0 collided with obstacle_2 at state [5.7, 7.03, -1.21]
2026-07-06 19:27 | WARNING  | robot_0 collided with obstacle_7 at state [4.02, 5.4, -2.27]
2026-07-06 19:27 | WARNING  | robot_0 collided with obstacle_1 at state [3.54, 5.14, -0.27]
2026-07-06 19:27 | WARNING  | robot_0 collided with obstacle_3 at state [5.65, 6.31, -0.31]
2026-07-06 19:27 | WARNING  | robot_0 collided with obstacle_6 at state [7.09, 7.59, -2.68]
2026-07-06 19:27 | WARNING  | robot_0 collided with obstacle_2 at state [5.6, 5.01, 1.16]
2026-07-06 19:27 | WARNING  | robot_0 collided with obstacle_3 at state [7.05, 5.82, -3.13]
2026-07-06 19:28 | WARNING  | robot_0 collided with obstacle_1 at state [1.13, 6.5, -1.57]
Average Reward: -59.498864344242136
Average Collision rate: 0.8
Average Goal rate: 0.1
..............................................
2026-07-06 19:28 | WARNING  | robot_0 collided with obstacle_5 at state [3.4, 7.29, -1.59]
2026-07-06 19:28 | WARNING  | robot_0 collided with obstacle_7 at state [1.34, 4.82, 1.58]
2026-07-06 19:28 | WARNING  | robot_0 collided with obstacle_3 at state [1.57, 4.99, 0.42]
2026-07-06 19:28 | WARNING  | robot_0 collided with obstacle_6 at state [6.89, 6.57, 0.31]
2026-07-06 19:28 | WARNING  | robot_0 collided with obstacle_3 at state [7.08, 5.03, -0.52]
2026-07-06 19:28 | WARNING  | robot_0 collided with obstacle_5 at state [3.11, 1.5, 1.21]
2026-07-06 19:28 | WARNING  | robot_0 collided with obstacle_8 at state [9.85, 3.0, 0.62]
--------------------------------------------------------------------------------------------
setting actor output action_std to min_action_std :  0.1
--------------------------------------------------------------------------------------------
2026-07-06 19:28 | WARNING  | robot_0 collided with obstacle_1 at state [6.56, 4.89, 0.14]
2026-07-06 19:28 | WARNING  | robot_0 collided with obstacle_7 at state [8.67, 4.92, 2.45]
2026-07-06 19:29 | WARNING  | robot_0 collided with obstacle_6 at state [2.73, 4.21, 0.85]
2026-07-06 19:29 | WARNING  | robot_0 collided with obstacle_7 at state [7.57, 8.23, 2.45]
2026-07-06 19:29 | WARNING  | robot_0 collided with obstacle_6 at state [5.94, 8.3, -2.51]
2026-07-06 19:29 | WARNING  | robot_0 collided with obstacle_2 at state [6.12, 7.79, -2.62]
2026-07-06 19:29 | WARNING  | robot_0 collided with obstacle_5 at state [4.99, 8.64, -2.38]
2026-07-06 19:29 | WARNING  | robot_0 collided with obstacle_2 at state [9.28, 8.77, 1.76]
2026-07-06 19:29 | WARNING  | robot_0 collided with obstacle_7 at state [7.68, 2.01, 1.09]
2026-07-06 19:29 | WARNING  | robot_0 collided with obstacle_7 at state [6.2, 1.63, 0.41]
2026-07-06 19:29 | WARNING  | robot_0 collided with obstacle_2 at state [6.02, 5.01, 2.35]
--------------------------------------------------------------------------------------------
setting actor output action_std to min_action_std :  0.1
--------------------------------------------------------------------------------------------
2026-07-06 19:29 | WARNING  | robot_0 collided with obstacle_5 at state [8.67, 7.89, 2.02]
2026-07-06 19:29 | WARNING  | robot_0 collided with obstacle_4 at state [3.45, 2.03, 0.24]
2026-07-06 19:30 | WARNING  | robot_0 collided with obstacle_1 at state [2.79, 5.29, 1.43]
2026-07-06 19:30 | WARNING  | robot_0 collided with obstacle_5 at state [2.86, 6.49, -0.21]
2026-07-06 19:30 | WARNING  | robot_0 collided with obstacle_2 at state [8.94, 7.16, -1.21]
2026-07-06 19:30 | WARNING  | robot_0 collided with obstacle_3 at state [8.6, 4.22, 1.44]
2026-07-06 19:30 | WARNING  | robot_0 collided with obstacle_1 at state [4.26, 1.54, -0.12]
2026-07-06 19:30 | WARNING  | robot_0 collided with obstacle_4 at state [5.8, 6.72, -0.06]
2026-07-06 19:30 | WARNING  | robot_0 collided with obstacle_1 at state [6.3, 4.76, 1.59]
2026-07-06 19:30 | WARNING  | robot_0 collided with obstacle_7 at state [3.4, 4.1, 0.18]
2026-07-06 19:30 | WARNING  | robot_0 collided with obstacle_8 at state [9.81, 3.37, 1.51]
2026-07-06 19:30 | WARNING  | robot_0 collided with obstacle_7 at state [2.23, 3.01, 0.99]
2026-07-06 19:30 | WARNING  | robot_0 collided with obstacle_4 at state [5.68, 7.61, -2.56]
2026-07-06 19:30 | WARNING  | robot_0 collided with obstacle_4 at state [6.18, 3.99, 2.51]
--------------------------------------------------------------------------------------------
setting actor output action_std to min_action_std :  0.1
--------------------------------------------------------------------------------------------
2026-07-06 19:30 | WARNING  | robot_0 collided with obstacle_4 at state [5.88, 1.23, 0.65]
2026-07-06 19:30 | WARNING  | robot_0 collided with obstacle_4 at state [3.03, 6.57, -0.99]
2026-07-06 19:30 | WARNING  | robot_0 collided with obstacle_1 at state [2.7, 3.6, -1.36]
2026-07-06 19:30 | WARNING  | robot_0 collided with obstacle_5 at state [8.48, 5.28, -2.13]
2026-07-06 19:30 | WARNING  | robot_0 collided with obstacle_6 at state [2.32, 4.73, 1.33]
2026-07-06 19:30 | WARNING  | robot_0 collided with obstacle_2 at state [7.91, 2.74, 1.51]
..............................................
Epoch 52. Evaluating scenarios
2026-07-06 19:30 | WARNING  | robot_0 collided with obstacle_2 at state [7.18, 4.41, 0.0]
2026-07-06 19:30 | WARNING  | robot_0 collided with obstacle_1 at state [6.12, 1.22, 2.3]
2026-07-06 19:30 | WARNING  | robot_0 collided with obstacle_3 at state [2.84, 6.69, -1.58]
2026-07-06 19:31 | WARNING  | robot_0 collided with obstacle_7 at state [4.99, 7.86, -2.53]
2026-07-06 19:31 | WARNING  | robot_0 collided with obstacle_2 at state [7.35, 4.69, -3.02]
2026-07-06 19:31 | WARNING  | robot_0 collided with obstacle_6 at state [7.87, 5.21, -2.47]
2026-07-06 19:31 | WARNING  | robot_0 collided with obstacle_1 at state [7.02, 7.17, 3.11]
Average Reward: -21.088775653047
Average Collision rate: 0.6
Average Goal rate: 0.3
..............................................
2026-07-06 19:31 | WARNING  | robot_0 collided with obstacle_7 at state [1.38, 7.24, -2.49]
2026-07-06 19:31 | WARNING  | robot_0 collided with obstacle_4 at state [7.53, 8.2, -2.71]
2026-07-06 19:31 | WARNING  | robot_0 collided with obstacle_7 at state [2.1, 6.99, -0.71]
2026-07-06 19:31 | WARNING  | robot_0 collided with obstacle_7 at state [8.59, 4.82, 2.17]
2026-07-06 19:31 | WARNING  | robot_0 collided with obstacle_3 at state [7.33, 0.56, 0.21]
2026-07-06 19:31 | WARNING  | robot_0 collided with obstacle_5 at state [4.43, 4.41, -2.04]
2026-07-06 19:31 | WARNING  | robot_0 collided with obstacle_4 at state [7.68, 3.81, -1.89]
2026-07-06 19:31 | WARNING  | robot_0 collided with obstacle_6 at state [3.79, 8.98, 3.1]
2026-07-06 19:31 | WARNING  | robot_0 collided with obstacle_4 at state [8.71, 4.34, 2.74]
2026-07-06 19:31 | WARNING  | robot_0 collided with obstacle_6 at state [3.05, 5.37, 0.29]
2026-07-06 19:31 | WARNING  | robot_0 collided with obstacle_5 at state [2.52, 2.33, -0.51]
2026-07-06 19:32 | WARNING  | robot_0 collided with obstacle_7 at state [1.83, 4.08, -1.55]
--------------------------------------------------------------------------------------------
setting actor output action_std to min_action_std :  0.1
--------------------------------------------------------------------------------------------
2026-07-06 19:32 | WARNING  | robot_0 collided with obstacle_6 at state [3.06, 8.49, -3.08]
2026-07-06 19:32 | WARNING  | robot_0 collided with obstacle_6 at state [2.23, 8.81, -1.12]
2026-07-06 19:32 | WARNING  | robot_0 collided with obstacle_6 at state [1.89, 7.29, -1.21]
2026-07-06 19:32 | WARNING  | robot_0 collided with obstacle_8 at state [9.81, 2.4, 1.46]
2026-07-06 19:32 | WARNING  | robot_0 collided with obstacle_1 at state [6.16, 6.19, 2.75]
2026-07-06 19:32 | WARNING  | robot_0 collided with obstacle_3 at state [7.2, 6.8, 0.34]
2026-07-06 19:32 | WARNING  | robot_0 collided with obstacle_8 at state [6.73, 9.82, 2.91]
2026-07-06 19:32 | WARNING  | robot_0 collided with obstacle_7 at state [1.63, 8.38, -2.22]
2026-07-06 19:33 | WARNING  | robot_0 collided with obstacle_2 at state [6.48, 3.74, -2.4]
--------------------------------------------------------------------------------------------
setting actor output action_std to min_action_std :  0.1
--------------------------------------------------------------------------------------------
2026-07-06 19:33 | WARNING  | robot_0 collided with obstacle_5 at state [7.17, 6.05, -2.01]
2026-07-06 19:33 | WARNING  | robot_0 collided with obstacle_4 at state [8.91, 2.47, 0.83]
2026-07-06 19:33 | WARNING  | robot_0 collided with obstacle_5 at state [2.64, 1.23, -2.93]
2026-07-06 19:33 | WARNING  | robot_0 collided with obstacle_7 at state [2.43, 0.93, 0.46]
2026-07-06 19:33 | WARNING  | robot_0 collided with obstacle_3 at state [4.38, 3.32, 1.54]
2026-07-06 19:33 | WARNING  | robot_0 collided with obstacle_2 at state [6.98, 7.03, -1.38]
--------------------------------------------------------------------------------------------
setting actor output action_std to min_action_std :  0.1
--------------------------------------------------------------------------------------------
2026-07-06 19:33 | WARNING  | robot_0 collided with obstacle_6 at state [3.4, 5.97, -2.23]
2026-07-06 19:33 | WARNING  | robot_0 collided with obstacle_5 at state [4.99, 1.59, 1.19]
2026-07-06 19:33 | WARNING  | robot_0 collided with obstacle_5 at state [6.71, 3.57, 1.62]
2026-07-06 19:33 | WARNING  | robot_0 collided with obstacle_3 at state [2.96, 5.24, 2.9]
2026-07-06 19:34 | WARNING  | robot_0 collided with obstacle_7 at state [6.24, 5.14, -0.92]
2026-07-06 19:34 | WARNING  | robot_0 collided with obstacle_7 at state [6.59, 2.05, 2.04]
2026-07-06 19:34 | WARNING  | robot_0 collided with obstacle_5 at state [0.47, 5.15, -1.62]
..............................................
Epoch 53. Evaluating scenarios
2026-07-06 19:34 | WARNING  | robot_0 collided with obstacle_4 at state [8.95, 7.56, 1.96]
2026-07-06 19:34 | WARNING  | robot_0 collided with obstacle_6 at state [8.91, 5.78, -1.9]
2026-07-06 19:34 | WARNING  | robot_0 collided with obstacle_1 at state [7.01, 3.26, -0.8]
2026-07-06 19:34 | WARNING  | robot_0 collided with obstacle_3 at state [4.6, 8.5, -0.98]
2026-07-06 19:34 | WARNING  | robot_0 collided with obstacle_2 at state [6.24, 4.84, -0.39]
2026-07-06 19:34 | WARNING  | robot_0 collided with obstacle_7 at state [6.96, 4.99, 1.7]
2026-07-06 19:34 | WARNING  | robot_0 collided with obstacle_3 at state [3.65, 5.85, -0.46]
2026-07-06 19:34 | WARNING  | robot_0 collided with obstacle_4 at state [2.89, 3.66, -0.01]
2026-07-06 19:34 | WARNING  | robot_0 collided with obstacle_4 at state [6.05, 3.25, -1.81]
Average Reward: -80.61101980120449
Average Collision rate: 0.9
Average Goal rate: 0.1
..............................................
2026-07-06 19:34 | WARNING  | robot_0 collided with obstacle_8 at state [9.82, 8.46, -0.55]
2026-07-06 19:34 | WARNING  | robot_0 collided with obstacle_6 at state [8.96, 2.07, 0.94]
2026-07-06 19:34 | WARNING  | robot_0 collided with obstacle_2 at state [2.92, 0.39, 0.01]
2026-07-06 19:34 | WARNING  | robot_0 collided with obstacle_6 at state [8.59, 7.63, 1.76]
2026-07-06 19:34 | WARNING  | robot_0 collided with obstacle_3 at state [2.49, 4.44, 0.02]
2026-07-06 19:34 | WARNING  | robot_0 collided with obstacle_2 at state [3.64, 7.23, 0.09]
2026-07-06 19:34 | WARNING  | robot_0 collided with obstacle_3 at state [4.24, 1.48, -2.49]
2026-07-06 19:34 | WARNING  | robot_0 collided with obstacle_4 at state [4.78, 1.75, 0.68]
2026-07-06 19:35 | WARNING  | robot_0 collided with obstacle_4 at state [4.26, 4.72, 0.93]
--------------------------------------------------------------------------------------------
setting actor output action_std to min_action_std :  0.1
--------------------------------------------------------------------------------------------
2026-07-06 19:35 | WARNING  | robot_0 collided with obstacle_7 at state [6.58, 6.84, -0.27]
2026-07-06 19:35 | WARNING  | robot_0 collided with obstacle_1 at state [3.69, 7.65, -2.34]
2026-07-06 19:35 | WARNING  | robot_0 collided with obstacle_3 at state [9.41, 4.08, 2.18]
2026-07-06 19:35 | WARNING  | robot_0 collided with obstacle_2 at state [2.49, 4.54, -0.5]
2026-07-06 19:35 | WARNING  | robot_0 collided with obstacle_7 at state [3.62, 8.08, -2.03]
2026-07-06 19:35 | WARNING  | robot_0 collided with obstacle_1 at state [6.97, 8.65, 2.87]
2026-07-06 19:35 | WARNING  | robot_0 collided with obstacle_7 at state [3.83, 1.86, 0.56]
2026-07-06 19:35 | WARNING  | robot_0 collided with obstacle_3 at state [6.78, 6.13, 1.1]
2026-07-06 19:36 | WARNING  | robot_0 collided with obstacle_5 at state [2.74, 8.6, -1.53]
--------------------------------------------------------------------------------------------
setting actor output action_std to min_action_std :  0.1
--------------------------------------------------------------------------------------------
2026-07-06 19:36 | WARNING  | robot_0 collided with obstacle_1 at state [4.76, 2.29, -0.64]
2026-07-06 19:36 | WARNING  | robot_0 collided with obstacle_2 at state [8.99, 2.54, 1.11]
2026-07-06 19:36 | WARNING  | robot_0 collided with obstacle_7 at state [1.26, 7.96, -2.04]
2026-07-06 19:36 | WARNING  | robot_0 collided with obstacle_5 at state [2.49, 3.18, 0.05]
2026-07-06 19:36 | WARNING  | robot_0 collided with obstacle_4 at state [7.54, 5.45, 0.75]
2026-07-06 19:36 | WARNING  | robot_0 collided with obstacle_4 at state [7.04, 6.82, -1.44]
2026-07-06 19:36 | WARNING  | robot_0 collided with obstacle_4 at state [2.05, 8.68, -2.42]
2026-07-06 19:37 | WARNING  | robot_0 collided with obstacle_1 at state [3.5, 2.92, 2.67]
2026-07-06 19:37 | WARNING  | robot_0 collided with obstacle_2 at state [6.85, 6.16, 0.37]
--------------------------------------------------------------------------------------------
setting actor output action_std to min_action_std :  0.1
--------------------------------------------------------------------------------------------
2026-07-06 19:37 | WARNING  | robot_0 collided with obstacle_6 at state [3.23, 4.97, -1.34]
2026-07-06 19:37 | WARNING  | robot_0 collided with obstacle_4 at state [5.86, 7.82, 2.13]
2026-07-06 19:37 | WARNING  | robot_0 collided with obstacle_4 at state [1.22, 5.95, -0.85]
..............................................
Epoch 54. Evaluating scenarios
2026-07-06 19:37 | WARNING  | robot_0 collided with obstacle_6 at state [5.2, 5.45, -1.65]
2026-07-06 19:37 | WARNING  | robot_0 collided with obstacle_6 at state [8.56, 1.58, -0.05]
2026-07-06 19:37 | WARNING  | robot_0 collided with obstacle_4 at state [4.9, 7.71, -0.74]
2026-07-06 19:38 | WARNING  | robot_0 collided with obstacle_1 at state [2.05, 7.23, -1.6]
2026-07-06 19:38 | WARNING  | robot_0 collided with obstacle_4 at state [8.53, 4.12, -1.7]
Average Reward: -3.5215632778015276
Average Collision rate: 0.5
Average Goal rate: 0.3
..............................................
2026-07-06 19:38 | WARNING  | robot_0 collided with obstacle_2 at state [2.21, 5.78, 1.65]
2026-07-06 19:38 | WARNING  | robot_0 collided with obstacle_8 at state [9.83, 1.91, -0.12]
2026-07-06 19:38 | WARNING  | robot_0 collided with obstacle_6 at state [1.66, 7.96, -0.89]
2026-07-06 19:38 | WARNING  | robot_0 collided with obstacle_3 at state [6.35, 5.89, 1.98]
2026-07-06 19:38 | WARNING  | robot_0 collided with obstacle_4 at state [2.95, 5.76, -0.06]
2026-07-06 19:38 | WARNING  | robot_0 collided with obstacle_5 at state [1.43, 5.92, -0.51]
2026-07-06 19:38 | WARNING  | robot_0 collided with obstacle_1 at state [4.77, 7.97, -2.76]
2026-07-06 19:38 | WARNING  | robot_0 collided with obstacle_2 at state [3.94, 3.66, 0.64]
2026-07-06 19:38 | WARNING  | robot_0 collided with obstacle_2 at state [5.3, 4.39, -0.83]
2026-07-06 19:38 | WARNING  | robot_0 collided with obstacle_2 at state [6.1, 6.39, -2.5]
2026-07-06 19:38 | WARNING  | robot_0 collided with obstacle_5 at state [4.1, 0.56, 0.04]
2026-07-06 19:38 | WARNING  | robot_0 collided with obstacle_6 at state [2.62, 7.67, -2.21]
2026-07-06 19:38 | WARNING  | robot_0 collided with obstacle_4 at state [7.91, 6.72, -2.72]
--------------------------------------------------------------------------------------------
setting actor output action_std to min_action_std :  0.1
--------------------------------------------------------------------------------------------
2026-07-06 19:39 | WARNING  | robot_0 collided with obstacle_3 at state [1.81, 7.47, 2.12]
2026-07-06 19:39 | WARNING  | robot_0 collided with obstacle_5 at state [4.78, 0.77, -0.38]
2026-07-06 19:39 | WARNING  | robot_0 collided with obstacle_2 at state [3.63, 6.04, -0.37]
2026-07-06 19:39 | WARNING  | robot_0 collided with obstacle_8 at state [9.81, 9.43, 1.59]
2026-07-06 19:39 | WARNING  | robot_0 collided with obstacle_3 at state [3.3, 2.71, 0.0]
2026-07-06 19:39 | WARNING  | robot_0 collided with obstacle_2 at state [2.99, 2.92, -0.36]
2026-07-06 19:39 | WARNING  | robot_0 collided with obstacle_7 at state [3.63, 5.46, 1.2]
2026-07-06 19:39 | WARNING  | robot_0 collided with obstacle_4 at state [5.96, 8.68, -2.57]
2026-07-06 19:39 | WARNING  | robot_0 collided with obstacle_4 at state [6.91, 1.22, 2.49]
2026-07-06 19:39 | WARNING  | robot_0 collided with obstacle_1 at state [4.13, 2.55, 1.31]
2026-07-06 19:39 | WARNING  | robot_0 collided with obstacle_6 at state [2.78, 4.89, -1.14]
--------------------------------------------------------------------------------------------
setting actor output action_std to min_action_std :  0.1
--------------------------------------------------------------------------------------------
2026-07-06 19:39 | WARNING  | robot_0 collided with obstacle_5 at state [3.45, 2.3, 3.09]
2026-07-06 19:39 | WARNING  | robot_0 collided with obstacle_5 at state [3.11, 7.27, 0.12]
2026-07-06 19:39 | WARNING  | robot_0 collided with obstacle_5 at state [2.84, 5.96, 0.36]
2026-07-06 19:40 | WARNING  | robot_0 collided with obstacle_4 at state [7.09, 6.02, 1.47]
2026-07-06 19:40 | WARNING  | robot_0 collided with obstacle_7 at state [2.31, 7.75, -1.83]
2026-07-06 19:40 | WARNING  | robot_0 collided with obstacle_2 at state [4.42, 9.47, 3.11]
2026-07-06 19:40 | WARNING  | robot_0 collided with obstacle_8 at state [8.78, 9.82, 2.89]
2026-07-06 19:40 | WARNING  | robot_0 collided with obstacle_6 at state [7.57, 4.27, 2.53]
2026-07-06 19:40 | WARNING  | robot_0 collided with obstacle_7 at state [5.05, 5.48, -0.7]
2026-07-06 19:40 | WARNING  | robot_0 collided with obstacle_5 at state [8.39, 3.25, 2.48]
2026-07-06 19:40 | WARNING  | robot_0 collided with obstacle_8 at state [0.17, 7.29, -2.87]
--------------------------------------------------------------------------------------------
setting actor output action_std to min_action_std :  0.1
--------------------------------------------------------------------------------------------
2026-07-06 19:40 | WARNING  | robot_0 collided with obstacle_5 at state [1.65, 7.54, -2.07]
2026-07-06 19:40 | WARNING  | robot_0 collided with obstacle_6 at state [3.26, 7.44, -1.27]
2026-07-06 19:40 | WARNING  | robot_0 collided with obstacle_3 at state [5.01, 7.12, -0.42]
2026-07-06 19:40 | WARNING  | robot_0 collided with obstacle_2 at state [6.47, 2.12, 1.19]
2026-07-06 19:40 | WARNING  | robot_0 collided with obstacle_7 at state [5.15, 7.48, 0.16]
..............................................
Epoch 55. Evaluating scenarios
2026-07-06 19:41 | WARNING  | robot_0 collided with obstacle_4 at state [8.48, 3.42, 1.98]
2026-07-06 19:41 | WARNING  | robot_0 collided with obstacle_4 at state [8.05, 8.32, 2.28]
2026-07-06 19:41 | WARNING  | robot_0 collided with obstacle_2 at state [5.51, 2.22, 2.32]
2026-07-06 19:41 | WARNING  | robot_0 collided with obstacle_7 at state [3.3, 3.85, 1.81]
2026-07-06 19:41 | WARNING  | robot_0 collided with obstacle_6 at state [5.33, 5.43, -3.01]
Average Reward: -3.704290884524538
Average Collision rate: 0.5
Average Goal rate: 0.2
..............................................
2026-07-06 19:41 | WARNING  | robot_0 collided with obstacle_6 at state [2.53, 1.33, 0.23]
2026-07-06 19:41 | WARNING  | robot_0 collided with obstacle_7 at state [6.81, 3.5, -3.13]
2026-07-06 19:42 | WARNING  | robot_0 collided with obstacle_5 at state [7.97, 8.32, -2.41]
2026-07-06 19:42 | WARNING  | robot_0 collided with obstacle_1 at state [2.56, 2.01, -0.23]
2026-07-06 19:42 | WARNING  | robot_0 collided with obstacle_8 at state [5.18, 0.15, -0.8]
2026-07-06 19:42 | WARNING  | robot_0 collided with obstacle_3 at state [4.45, 3.62, -0.59]
2026-07-06 19:42 | WARNING  | robot_0 collided with obstacle_6 at state [6.12, 6.93, -1.36]
--------------------------------------------------------------------------------------------
setting actor output action_std to min_action_std :  0.1
--------------------------------------------------------------------------------------------
2026-07-06 19:42 | WARNING  | robot_0 collided with obstacle_1 at state [2.47, 7.54, -2.27]
2026-07-06 19:42 | WARNING  | robot_0 collided with obstacle_8 at state [0.86, 9.83, 2.67]
2026-07-06 19:42 | WARNING  | robot_0 collided with obstacle_4 at state [1.63, 3.14, -1.4]
2026-07-06 19:43 | WARNING  | robot_0 collided with obstacle_7 at state [3.15, 8.09, -2.1]
2026-07-06 19:43 | WARNING  | robot_0 collided with obstacle_1 at state [5.14, 3.61, 1.56]
2026-07-06 19:43 | WARNING  | robot_0 collided with obstacle_8 at state [0.19, 6.38, -1.58]
2026-07-06 19:43 | WARNING  | robot_0 collided with obstacle_1 at state [7.31, 7.63, -2.68]
2026-07-06 19:43 | WARNING  | robot_0 collided with obstacle_5 at state [9.32, 4.81, 1.3]
2026-07-06 19:43 | WARNING  | robot_0 collided with obstacle_8 at state [8.28, 9.8, 1.85]
2026-07-06 19:43 | WARNING  | robot_0 collided with obstacle_1 at state [6.0, 6.68, -3.11]
2026-07-06 19:43 | WARNING  | robot_0 collided with obstacle_4 at state [4.71, 8.22, -2.4]
--------------------------------------------------------------------------------------------
setting actor output action_std to min_action_std :  0.1
--------------------------------------------------------------------------------------------
2026-07-06 19:43 | WARNING  | robot_0 collided with obstacle_5 at state [1.29, 3.02, -1.25]
2026-07-06 19:43 | WARNING  | robot_0 collided with obstacle_7 at state [6.41, 6.78, -0.65]
2026-07-06 19:43 | WARNING  | robot_0 collided with obstacle_3 at state [7.86, 3.24, 0.65]
2026-07-06 19:43 | WARNING  | robot_0 collided with obstacle_5 at state [3.03, 5.09, 0.73]
2026-07-06 19:43 | WARNING  | robot_0 collided with obstacle_1 at state [9.31, 4.68, 2.18]
2026-07-06 19:43 | WARNING  | robot_0 collided with obstacle_5 at state [6.96, 4.49, -2.22]
2026-07-06 19:43 | WARNING  | robot_0 collided with obstacle_6 at state [5.62, 7.51, 2.59]
2026-07-06 19:44 | WARNING  | robot_0 collided with obstacle_4 at state [1.6, 7.04, -1.97]
2026-07-06 19:44 | WARNING  | robot_0 collided with obstacle_4 at state [3.32, 8.51, 0.3]
2026-07-06 19:44 | WARNING  | robot_0 collided with obstacle_3 at state [5.59, 5.96, 2.83]
2026-07-06 19:44 | WARNING  | robot_0 collided with obstacle_4 at state [5.9, 9.13, -1.85]
2026-07-06 19:44 | WARNING  | robot_0 collided with obstacle_5 at state [2.7, 3.84, 0.05]
--------------------------------------------------------------------------------------------
setting actor output action_std to min_action_std :  0.1
--------------------------------------------------------------------------------------------
2026-07-06 19:44 | WARNING  | robot_0 collided with obstacle_1 at state [4.84, 2.87, -0.73]
2026-07-06 19:44 | WARNING  | robot_0 collided with obstacle_1 at state [4.08, 3.71, 1.25]
2026-07-06 19:44 | WARNING  | robot_0 collided with obstacle_3 at state [2.09, 6.04, 0.97]
2026-07-06 19:44 | WARNING  | robot_0 collided with obstacle_3 at state [9.18, 5.4, 1.52]
2026-07-06 19:44 | WARNING  | robot_0 collided with obstacle_4 at state [3.81, 6.37, 0.06]
2026-07-06 19:45 | WARNING  | robot_0 collided with obstacle_7 at state [8.35, 1.46, 0.56]
2026-07-06 19:45 | WARNING  | robot_0 collided with obstacle_1 at state [7.58, 7.6, 2.98]
..............................................
Epoch 56. Evaluating scenarios
2026-07-06 19:45 | WARNING  | robot_0 collided with obstacle_3 at state [8.73, 6.21, -1.31]
2026-07-06 19:45 | WARNING  | robot_0 collided with obstacle_5 at state [6.75, 8.21, -2.82]
2026-07-06 19:45 | WARNING  | robot_0 collided with obstacle_8 at state [9.81, 5.32, 0.97]
2026-07-06 19:45 | WARNING  | robot_0 collided with obstacle_3 at state [5.94, 7.36, 2.92]
2026-07-06 19:45 | WARNING  | robot_0 collided with obstacle_6 at state [8.47, 1.8, 1.04]
2026-07-06 19:45 | WARNING  | robot_0 collided with obstacle_7 at state [7.85, 4.9, 1.98]
2026-07-06 19:45 | WARNING  | robot_0 collided with obstacle_2 at state [4.42, 3.66, -2.94]
Average Reward: -47.85192921794332
Average Collision rate: 0.7
Average Goal rate: 0.2
..............................................
2026-07-06 19:45 | WARNING  | robot_0 collided with obstacle_5 at state [1.21, 5.59, -0.31]
2026-07-06 19:45 | WARNING  | robot_0 collided with obstacle_3 at state [2.29, 2.45, 0.58]
2026-07-06 19:45 | WARNING  | robot_0 collided with obstacle_7 at state [8.14, 6.83, 2.69]
2026-07-06 19:46 | WARNING  | robot_0 collided with obstacle_2 at state [3.84, 1.76, 0.52]
2026-07-06 19:46 | WARNING  | robot_0 collided with obstacle_8 at state [9.81, 3.29, 1.25]
2026-07-06 19:46 | WARNING  | robot_0 collided with obstacle_5 at state [2.71, 6.49, -0.38]
2026-07-06 19:46 | WARNING  | robot_0 collided with obstacle_3 at state [8.82, 3.11, 3.13]
2026-07-06 19:46 | WARNING  | robot_0 collided with obstacle_8 at state [9.83, 2.12, 1.15]
2026-07-06 19:46 | WARNING  | robot_0 collided with obstacle_6 at state [2.69, 3.28, -0.62]
2026-07-06 19:46 | WARNING  | robot_0 collided with obstacle_5 at state [8.14, 2.41, 0.08]
2026-07-06 19:46 | WARNING  | robot_0 collided with obstacle_1 at state [4.56, 2.98, -0.52]
--------------------------------------------------------------------------------------------
setting actor output action_std to min_action_std :  0.1
--------------------------------------------------------------------------------------------
2026-07-06 19:46 | WARNING  | robot_0 collided with obstacle_7 at state [2.3, 6.46, -0.63]
2026-07-06 19:46 | WARNING  | robot_0 collided with obstacle_6 at state [8.04, 6.67, 2.02]
2026-07-06 19:46 | WARNING  | robot_0 collided with obstacle_2 at state [2.16, 9.17, -2.87]
2026-07-06 19:46 | WARNING  | robot_0 collided with obstacle_4 at state [7.11, 7.29, -0.11]
2026-07-06 19:46 | WARNING  | robot_0 collided with obstacle_5 at state [6.82, 6.92, 0.65]
2026-07-06 19:46 | WARNING  | robot_0 collided with obstacle_4 at state [7.88, 7.38, -1.02]
2026-07-06 19:46 | WARNING  | robot_0 collided with obstacle_1 at state [8.81, 7.01, 2.17]
2026-07-06 19:47 | WARNING  | robot_0 collided with obstacle_8 at state [0.77, 0.19, -0.11]
2026-07-06 19:47 | WARNING  | robot_0 collided with obstacle_6 at state [5.61, 2.18, 1.21]
2026-07-06 19:47 | WARNING  | robot_0 collided with obstacle_5 at state [8.39, 6.82, -1.38]
2026-07-06 19:47 | WARNING  | robot_0 collided with obstacle_7 at state [7.89, 5.64, -3.03]
--------------------------------------------------------------------------------------------
setting actor output action_std to min_action_std :  0.1
--------------------------------------------------------------------------------------------
2026-07-06 19:47 | WARNING  | robot_0 collided with obstacle_5 at state [4.34, 4.69, 0.31]
2026-07-06 19:47 | WARNING  | robot_0 collided with obstacle_7 at state [8.2, 4.99, 2.56]
2026-07-06 19:47 | WARNING  | robot_0 collided with obstacle_2 at state [8.99, 3.91, 1.89]
2026-07-06 19:47 | WARNING  | robot_0 collided with obstacle_5 at state [8.1, 7.93, 2.4]
2026-07-06 19:47 | WARNING  | robot_0 collided with obstacle_7 at state [6.95, 2.85, 1.33]
2026-07-06 19:47 | WARNING  | robot_0 collided with obstacle_4 at state [4.46, 3.05, 2.32]
2026-07-06 19:47 | WARNING  | robot_0 collided with obstacle_4 at state [3.98, 3.64, 2.4]
2026-07-06 19:47 | WARNING  | robot_0 collided with obstacle_6 at state [7.93, 4.48, -2.17]
2026-07-06 19:48 | WARNING  | robot_0 collided with obstacle_5 at state [1.01, 5.85, -1.85]
2026-07-06 19:48 | WARNING  | robot_0 collided with obstacle_6 at state [5.33, 5.23, 0.65]
2026-07-06 19:48 | WARNING  | robot_0 collided with obstacle_4 at state [3.1, 6.02, 2.84]
2026-07-06 19:48 | WARNING  | robot_0 collided with obstacle_8 at state [9.8, 4.34, 1.37]
--------------------------------------------------------------------------------------------
setting actor output action_std to min_action_std :  0.1
--------------------------------------------------------------------------------------------
2026-07-06 19:48 | WARNING  | robot_0 collided with obstacle_2 at state [2.3, 1.27, -0.5]
2026-07-06 19:48 | WARNING  | robot_0 collided with obstacle_5 at state [4.95, 3.1, 2.14]
2026-07-06 19:48 | WARNING  | robot_0 collided with obstacle_4 at state [6.5, 5.33, 2.53]
2026-07-06 19:48 | WARNING  | robot_0 collided with obstacle_4 at state [8.62, 5.39, -2.02]
2026-07-06 19:48 | WARNING  | robot_0 collided with obstacle_2 at state [7.28, 1.04, 2.57]
..............................................
Epoch 57. Evaluating scenarios
2026-07-06 19:48 | WARNING  | robot_0 collided with obstacle_6 at state [4.03, 7.46, -2.32]
2026-07-06 19:48 | WARNING  | robot_0 collided with obstacle_3 at state [5.0, 2.47, 1.59]
2026-07-06 19:48 | WARNING  | robot_0 collided with obstacle_3 at state [6.78, 7.18, 0.55]
2026-07-06 19:48 | WARNING  | robot_0 collided with obstacle_3 at state [8.59, 6.35, 2.27]
2026-07-06 19:49 | WARNING  | robot_0 collided with obstacle_5 at state [7.99, 2.74, 1.52]
2026-07-06 19:49 | WARNING  | robot_0 collided with obstacle_4 at state [5.0, 5.14, 1.82]
2026-07-06 19:49 | WARNING  | robot_0 collided with obstacle_6 at state [9.74, 2.79, 1.53]
2026-07-06 19:49 | WARNING  | robot_0 collided with obstacle_6 at state [8.53, 3.41, 2.42]
Average Reward: -67.63594200287554
Average Collision rate: 0.8
Average Goal rate: 0.0
..............................................
2026-07-06 19:49 | WARNING  | robot_0 collided with obstacle_7 at state [4.48, 5.51, -2.61]
2026-07-06 19:49 | WARNING  | robot_0 collided with obstacle_6 at state [2.37, 8.99, -3.08]
2026-07-06 19:49 | WARNING  | robot_0 collided with obstacle_2 at state [8.12, 8.19, -0.11]
2026-07-06 19:49 | WARNING  | robot_0 collided with obstacle_5 at state [6.0, 8.58, -2.04]
2026-07-06 19:49 | WARNING  | robot_0 collided with obstacle_2 at state [8.7, 7.74, 1.27]
2026-07-06 19:49 | WARNING  | robot_0 collided with obstacle_3 at state [8.58, 8.76, -2.83]
2026-07-06 19:49 | WARNING  | robot_0 collided with obstacle_7 at state [8.12, 6.96, 2.3]
2026-07-06 19:50 | WARNING  | robot_0 collided with obstacle_7 at state [1.57, 7.12, -1.99]
--------------------------------------------------------------------------------------------
setting actor output action_std to min_action_std :  0.1
--------------------------------------------------------------------------------------------
2026-07-06 19:50 | WARNING  | robot_0 collided with obstacle_1 at state [4.95, 2.12, -0.05]
2026-07-06 19:50 | WARNING  | robot_0 collided with obstacle_5 at state [2.78, 6.01, -1.17]
2026-07-06 19:50 | WARNING  | robot_0 collided with obstacle_2 at state [8.5, 2.66, 2.25]
2026-07-06 19:50 | WARNING  | robot_0 collided with obstacle_5 at state [1.1, 2.9, -0.95]
2026-07-06 19:50 | WARNING  | robot_0 collided with obstacle_1 at state [4.78, 8.07, 2.52]
2026-07-06 19:50 | WARNING  | robot_0 collided with obstacle_4 at state [3.73, 7.44, 0.29]
2026-07-06 19:51 | WARNING  | robot_0 collided with obstacle_1 at state [1.93, 5.63, 1.93]
--------------------------------------------------------------------------------------------
setting actor output action_std to min_action_std :  0.1
--------------------------------------------------------------------------------------------
2026-07-06 19:51 | WARNING  | robot_0 collided with obstacle_1 at state [2.56, 3.43, 0.04]
2026-07-06 19:51 | WARNING  | robot_0 collided with obstacle_5 at state [5.47, 3.74, 2.05]
2026-07-06 19:51 | WARNING  | robot_0 collided with obstacle_2 at state [6.59, 3.26, -0.73]
2026-07-06 19:51 | WARNING  | robot_0 collided with obstacle_3 at state [3.37, 5.85, 2.19]
2026-07-06 19:51 | WARNING  | robot_0 collided with obstacle_1 at state [1.25, 6.46, -0.62]
2026-07-06 19:51 | WARNING  | robot_0 collided with obstacle_7 at state [3.93, 2.66, -1.62]
2026-07-06 19:51 | WARNING  | robot_0 collided with obstacle_6 at state [3.71, 2.32, 0.51]
2026-07-06 19:51 | WARNING  | robot_0 collided with obstacle_2 at state [5.54, 7.32, 0.05]
2026-07-06 19:51 | WARNING  | robot_0 collided with obstacle_7 at state [5.26, 8.65, -2.6]
2026-07-06 19:51 | WARNING  | robot_0 collided with obstacle_4 at state [2.95, 7.84, -1.41]
2026-07-06 19:51 | WARNING  | robot_0 collided with obstacle_1 at state [5.47, 7.3, -0.46]
2026-07-06 19:51 | WARNING  | robot_0 collided with obstacle_6 at state [8.64, 6.89, -2.26]
2026-07-06 19:51 | WARNING  | robot_0 collided with obstacle_1 at state [1.32, 7.27, -0.46]
--------------------------------------------------------------------------------------------
setting actor output action_std to min_action_std :  0.1
--------------------------------------------------------------------------------------------
2026-07-06 19:51 | WARNING  | robot_0 collided with obstacle_2 at state [6.73, 8.0, -1.5]
2026-07-06 19:51 | WARNING  | robot_0 collided with obstacle_1 at state [6.41, 5.12, 0.55]
2026-07-06 19:51 | WARNING  | robot_0 collided with obstacle_8 at state [0.2, 8.85, -2.83]
2026-07-06 19:52 | WARNING  | robot_0 collided with obstacle_4 at state [4.79, 3.55, 1.17]
2026-07-06 19:52 | WARNING  | robot_0 collided with obstacle_4 at state [1.49, 1.89, -1.14]
2026-07-06 19:52 | WARNING  | robot_0 collided with obstacle_5 at state [7.77, 6.29, -1.09]
2026-07-06 19:52 | WARNING  | robot_0 collided with obstacle_7 at state [8.59, 5.02, 2.93]
..............................................
Epoch 58. Evaluating scenarios
2026-07-06 19:52 | WARNING  | robot_0 collided with obstacle_2 at state [2.72, 4.32, -2.05]
2026-07-06 19:52 | WARNING  | robot_0 collided with obstacle_2 at state [7.54, 6.89, -1.7]
2026-07-06 19:52 | WARNING  | robot_0 collided with obstacle_4 at state [2.39, 2.15, 0.0]
2026-07-06 19:52 | WARNING  | robot_0 collided with obstacle_2 at state [7.43, 7.8, 0.29]
2026-07-06 19:52 | WARNING  | robot_0 collided with obstacle_1 at state [4.5, 2.03, -0.79]
Average Reward: -4.797860442882389
Average Collision rate: 0.5
Average Goal rate: 0.3
..............................................
2026-07-06 19:52 | WARNING  | robot_0 collided with obstacle_7 at state [8.5, 7.78, 2.65]
2026-07-06 19:52 | WARNING  | robot_0 collided with obstacle_5 at state [8.03, 6.93, 2.45]
2026-07-06 19:52 | WARNING  | robot_0 collided with obstacle_8 at state [6.64, 9.8, 3.02]
2026-07-06 19:53 | WARNING  | robot_0 collided with obstacle_2 at state [4.81, 8.38, -1.93]
2026-07-06 19:53 | WARNING  | robot_0 collided with obstacle_7 at state [6.15, 7.41, -1.0]
2026-07-06 19:53 | WARNING  | robot_0 collided with obstacle_3 at state [2.28, 4.82, -0.75]
2026-07-06 19:53 | WARNING  | robot_0 collided with obstacle_8 at state [9.81, 1.63, 1.25]
2026-07-06 19:53 | WARNING  | robot_0 collided with obstacle_2 at state [5.84, 3.55, -0.17]
--------------------------------------------------------------------------------------------
setting actor output action_std to min_action_std :  0.1
--------------------------------------------------------------------------------------------
2026-07-06 19:53 | WARNING  | robot_0 collided with obstacle_6 at state [3.1, 8.38, -2.09]
2026-07-06 19:53 | WARNING  | robot_0 collided with obstacle_6 at state [7.38, 8.33, 2.74]
2026-07-06 19:53 | WARNING  | robot_0 collided with obstacle_3 at state [8.99, 6.35, 1.49]
2026-07-06 19:53 | WARNING  | robot_0 collided with obstacle_2 at state [9.63, 7.14, 1.81]
2026-07-06 19:53 | WARNING  | robot_0 collided with obstacle_1 at state [6.16, 3.1, 0.57]
2026-07-06 19:53 | WARNING  | robot_0 collided with obstacle_6 at state [4.62, 8.56, -0.5]
2026-07-06 19:53 | WARNING  | robot_0 collided with obstacle_2 at state [5.7, 8.72, -2.62]
2026-07-06 19:53 | WARNING  | robot_0 collided with obstacle_2 at state [2.57, 4.15, -1.11]
2026-07-06 19:53 | WARNING  | robot_0 collided with obstacle_3 at state [4.75, 0.67, -0.1]
2026-07-06 19:53 | WARNING  | robot_0 collided with obstacle_4 at state [4.75, 0.67, -0.1]
2026-07-06 19:54 | WARNING  | robot_0 collided with obstacle_4 at state [4.19, 5.28, 2.48]
2026-07-06 19:54 | WARNING  | robot_0 collided with obstacle_4 at state [6.17, 8.63, 2.37]
2026-07-06 19:54 | WARNING  | robot_0 collided with obstacle_7 at state [4.42, 4.91, 2.21]
--------------------------------------------------------------------------------------------
setting actor output action_std to min_action_std :  0.1
--------------------------------------------------------------------------------------------
2026-07-06 19:54 | WARNING  | robot_0 collided with obstacle_2 at state [5.8, 7.79, -2.97]
2026-07-06 19:54 | WARNING  | robot_0 collided with obstacle_6 at state [7.98, 4.3, 2.04]
2026-07-06 19:54 | WARNING  | robot_0 collided with obstacle_4 at state [5.38, 6.0, -3.13]
2026-07-06 19:54 | WARNING  | robot_0 collided with obstacle_7 at state [5.92, 6.34, -1.4]
2026-07-06 19:54 | WARNING  | robot_0 collided with obstacle_1 at state [2.4, 5.97, -0.22]
2026-07-06 19:54 | WARNING  | robot_0 collided with obstacle_4 at state [4.0, 8.49, -2.25]
2026-07-06 19:55 | WARNING  | robot_0 collided with obstacle_1 at state [6.06, 4.13, 0.01]
2026-07-06 19:55 | WARNING  | robot_0 collided with obstacle_6 at state [5.66, 6.27, 2.83]
2026-07-06 19:55 | WARNING  | robot_0 collided with obstacle_1 at state [1.44, 5.52, -1.13]
--------------------------------------------------------------------------------------------
setting actor output action_std to min_action_std :  0.1
--------------------------------------------------------------------------------------------
2026-07-06 19:55 | WARNING  | robot_0 collided with obstacle_3 at state [5.29, 5.22, 0.43]
2026-07-06 19:55 | WARNING  | robot_0 collided with obstacle_2 at state [5.29, 6.5, 0.37]
2026-07-06 19:55 | WARNING  | robot_0 collided with obstacle_5 at state [4.85, 6.82, 3.1]
..............................................
Epoch 59. Evaluating scenarios
2026-07-06 19:55 | WARNING  | robot_0 collided with obstacle_3 at state [5.42, 8.64, -2.21]
2026-07-06 19:55 | WARNING  | robot_0 collided with obstacle_6 at state [5.31, 9.27, -3.12]
2026-07-06 19:55 | WARNING  | robot_0 collided with obstacle_2 at state [1.1, 5.72, -1.82]
2026-07-06 19:55 | WARNING  | robot_0 collided with obstacle_1 at state [8.18, 4.1, 0.19]
2026-07-06 19:55 | WARNING  | robot_0 collided with obstacle_5 at state [2.24, 2.06, -0.43]
2026-07-06 19:56 | WARNING  | robot_0 collided with obstacle_4 at state [8.94, 7.99, -0.0]
2026-07-06 19:56 | WARNING  | robot_0 collided with obstacle_4 at state [6.63, 2.58, -0.57]
2026-07-06 19:56 | WARNING  | robot_0 collided with obstacle_6 at state [8.37, 3.13, 1.58]
2026-07-06 19:56 | WARNING  | robot_0 collided with obstacle_4 at state [6.26, 3.22, -0.34]
Average Reward: -77.81384296693
Average Collision rate: 0.9
Average Goal rate: 0.0
..............................................
2026-07-06 19:56 | WARNING  | robot_0 collided with obstacle_4 at state [0.81, 6.0, -1.51]
2026-07-06 19:56 | WARNING  | robot_0 collided with obstacle_3 at state [6.45, 1.26, 0.73]
2026-07-06 19:56 | WARNING  | robot_0 collided with obstacle_2 at state [5.58, 4.04, 1.45]
2026-07-06 19:56 | WARNING  | robot_0 collided with obstacle_5 at state [4.83, 1.43, -2.77]
2026-07-06 19:56 | WARNING  | robot_0 collided with obstacle_6 at state [2.66, 7.62, -1.06]
2026-07-06 19:56 | WARNING  | robot_0 collided with obstacle_4 at state [8.9, 7.31, -1.0]
2026-07-06 19:56 | WARNING  | robot_0 collided with obstacle_4 at state [4.92, 4.63, -2.67]
2026-07-06 19:56 | WARNING  | robot_0 collided with obstacle_7 at state [6.67, 2.37, 0.06]
2026-07-06 19:56 | WARNING  | robot_0 collided with obstacle_5 at state [1.38, 2.23, 1.2]
2026-07-06 19:56 | WARNING  | robot_0 collided with obstacle_6 at state [2.39, 8.04, -2.41]
2026-07-06 19:56 | WARNING  | robot_0 collided with obstacle_3 at state [3.66, 2.73, 0.1]
2026-07-06 19:56 | WARNING  | robot_0 collided with obstacle_5 at state [8.28, 3.35, 2.31]
--------------------------------------------------------------------------------------------
setting actor output action_std to min_action_std :  0.1
--------------------------------------------------------------------------------------------
2026-07-06 19:56 | WARNING  | robot_0 collided with obstacle_5 at state [1.04, 5.46, 0.06]
2026-07-06 19:57 | WARNING  | robot_0 collided with obstacle_8 at state [0.18, 7.28, -1.89]
2026-07-06 19:57 | WARNING  | robot_0 collided with obstacle_3 at state [7.6, 1.61, 0.21]
2026-07-06 19:57 | WARNING  | robot_0 collided with obstacle_2 at state [4.43, 5.65, 0.21]
2026-07-06 19:57 | WARNING  | robot_0 collided with obstacle_3 at state [8.3, 6.46, 3.12]
2026-07-06 19:57 | WARNING  | robot_0 collided with obstacle_7 at state [5.26, 1.31, 0.23]
2026-07-06 19:57 | WARNING  | robot_0 collided with obstacle_2 at state [1.6, 3.33, -0.53]
2026-07-06 19:57 | WARNING  | robot_0 collided with obstacle_3 at state [1.14, 5.13, -1.55]
--------------------------------------------------------------------------------------------
setting actor output action_std to min_action_std :  0.1
--------------------------------------------------------------------------------------------
2026-07-06 19:57 | WARNING  | robot_0 collided with obstacle_4 at state [5.44, 4.75, 2.5]
2026-07-06 19:57 | WARNING  | robot_0 collided with obstacle_4 at state [3.87, 3.94, -0.83]
2026-07-06 19:58 | WARNING  | robot_0 collided with obstacle_1 at state [8.91, 1.2, 0.28]
2026-07-06 19:58 | WARNING  | robot_0 collided with obstacle_4 at state [6.29, 7.96, -0.16]
2026-07-06 19:58 | WARNING  | robot_0 collided with obstacle_3 at state [2.25, 2.12, -1.2]
2026-07-06 19:58 | WARNING  | robot_0 collided with obstacle_4 at state [8.14, 9.38, 2.51]
2026-07-06 19:58 | WARNING  | robot_0 collided with obstacle_6 at state [8.7, 3.25, 0.23]
2026-07-06 19:58 | WARNING  | robot_0 collided with obstacle_4 at state [7.57, 6.01, -0.17]
2026-07-06 19:58 | WARNING  | robot_0 collided with obstacle_2 at state [4.33, 4.75, -2.19]
2026-07-06 19:58 | WARNING  | robot_0 collided with obstacle_2 at state [5.35, 2.16, -0.13]
2026-07-06 19:58 | WARNING  | robot_0 collided with obstacle_2 at state [5.02, 6.22, 0.47]
2026-07-06 19:58 | WARNING  | robot_0 collided with obstacle_7 at state [6.5, 2.09, 1.27]
2026-07-06 19:58 | WARNING  | robot_0 collided with obstacle_7 at state [3.21, 4.58, 0.48]
--------------------------------------------------------------------------------------------
setting actor output action_std to min_action_std :  0.1
--------------------------------------------------------------------------------------------
2026-07-06 19:58 | WARNING  | robot_0 collided with obstacle_4 at state [4.85, 8.74, -2.18]
2026-07-06 19:58 | WARNING  | robot_0 collided with obstacle_5 at state [1.74, 8.11, 0.12]
2026-07-06 19:58 | WARNING  | robot_0 collided with obstacle_3 at state [7.26, 3.76, -0.8]
2026-07-06 19:58 | WARNING  | robot_0 collided with obstacle_7 at state [5.03, 7.53, -0.15]
..............................................
Epoch 60. Evaluating scenarios
2026-07-06 19:58 | WARNING  | robot_0 collided with obstacle_4 at state [6.48, 4.36, 2.31]
2026-07-06 19:58 | WARNING  | robot_0 collided with obstacle_6 at state [4.39, 7.51, 0.61]
2026-07-06 19:58 | WARNING  | robot_0 collided with obstacle_6 at state [7.7, 6.35, -1.16]
2026-07-06 19:59 | WARNING  | robot_0 collided with obstacle_2 at state [4.69, 0.72, 0.08]
2026-07-06 19:59 | WARNING  | robot_0 collided with obstacle_8 at state [8.78, 9.81, 2.71]
Average Reward: -12.433907487643848
Average Collision rate: 0.5
Average Goal rate: 0.1
..............................................
