PPO mode: train_every_n=20, training_iterations=10
Training with PPO on cuda for 60 epochs, reward=sparse
2026-07-15 17:08 | WARNING  | The state dimension 4 of r0 is larger than the desired dimension 3, the state dimension is truncated
2026-07-15 17:08 | INFO     | Simulation environment 'robot_world' started. Step time 0.300 s.
2026-07-15 17:08 | WARNING  | robot_0 collided with obstacle_4 at state [2.0, 2.0, 0.0]
2026-07-15 17:08 | WARNING  | robot_0 collided with obstacle_5 at state [1.6, 1.64, -3.1]
2026-07-15 17:08 | WARNING  | robot_0 collided with obstacle_8 at state [9.83, 1.23, 0.25]
2026-07-15 17:08 | WARNING  | robot_0 collided with obstacle_6 at state [7.89, 4.52, 3.0]
2026-07-15 17:08 | WARNING  | robot_0 collided with obstacle_4 at state [4.48, 3.1, 0.01]
2026-07-15 17:08 | WARNING  | robot_0 collided with obstacle_5 at state [7.6, 7.2, -2.33]
2026-07-15 17:08 | WARNING  | robot_0 collided with obstacle_2 at state [5.48, 4.23, -2.89]
2026-07-15 17:08 | WARNING  | robot_0 collided with obstacle_8 at state [9.84, 1.97, -0.45]
2026-07-15 17:08 | WARNING  | robot_0 collided with obstacle_5 at state [3.93, 2.33, -0.98]
2026-07-15 17:08 | WARNING  | robot_0 collided with obstacle_4 at state [2.12, 7.74, 2.62]
2026-07-15 17:08 | WARNING  | robot_0 collided with obstacle_8 at state [0.81, 0.14, -2.05]
2026-07-15 17:08 | WARNING  | robot_0 collided with obstacle_8 at state [9.54, 0.15, -1.7]
2026-07-15 17:08 | WARNING  | robot_0 collided with obstacle_8 at state [2.28, 0.13, -1.26]
2026-07-15 17:08 | WARNING  | robot_0 collided with obstacle_8 at state [4.2, 0.14, -1.26]
2026-07-15 17:08 | WARNING  | robot_0 collided with obstacle_7 at state [1.87, 2.13, -0.63]
2026-07-15 17:08 | WARNING  | robot_0 collided with obstacle_2 at state [5.87, 4.49, -0.96]
2026-07-15 17:08 | WARNING  | robot_0 collided with obstacle_8 at state [0.17, 2.25, -3.11]
2026-07-15 17:08 | WARNING  | robot_0 collided with obstacle_3 at state [6.19, 7.43, -0.3]
2026-07-15 17:08 | WARNING  | robot_0 collided with obstacle_8 at state [9.83, 3.01, 0.05]
2026-07-15 17:08 | WARNING  | robot_0 collided with obstacle_3 at state [1.92, 5.11, 0.22]
--------------------------------------------------------------------------------------------
setting actor output action_std to :  0.585
--------------------------------------------------------------------------------------------
2026-07-15 17:08 | WARNING  | robot_0 collided with obstacle_8 at state [9.84, 2.54, -1.09]
2026-07-15 17:08 | WARNING  | robot_0 collided with obstacle_4 at state [7.59, 7.9, -0.61]
2026-07-15 17:08 | WARNING  | robot_0 collided with obstacle_6 at state [7.83, 7.31, -1.14]
2026-07-15 17:08 | WARNING  | robot_0 collided with obstacle_7 at state [6.13, 5.18, -2.74]
2026-07-15 17:08 | WARNING  | robot_0 collided with obstacle_3 at state [4.62, 5.41, -1.26]
2026-07-15 17:08 | WARNING  | robot_0 collided with obstacle_8 at state [9.8, 0.95, -1.63]
2026-07-15 17:08 | WARNING  | robot_0 collided with obstacle_7 at state [2.91, 2.75, -0.69]
2026-07-15 17:09 | WARNING  | robot_0 collided with obstacle_5 at state [2.28, 5.53, 2.08]
2026-07-15 17:09 | WARNING  | robot_0 collided with obstacle_6 at state [1.66, 5.9, 1.14]
2026-07-15 17:09 | WARNING  | robot_0 collided with obstacle_8 at state [9.81, 4.35, 0.51]
2026-07-15 17:09 | WARNING  | robot_0 collided with obstacle_4 at state [3.13, 4.31, -1.56]
2026-07-15 17:09 | WARNING  | robot_0 collided with obstacle_3 at state [4.03, 2.89, -2.84]
2026-07-15 17:09 | WARNING  | robot_0 collided with obstacle_3 at state [2.59, 6.16, -2.93]
2026-07-15 17:09 | WARNING  | robot_0 collided with obstacle_8 at state [0.14, 3.15, -2.61]
2026-07-15 17:09 | WARNING  | robot_0 collided with obstacle_8 at state [0.18, 3.89, 2.07]
2026-07-15 17:09 | WARNING  | robot_0 collided with obstacle_6 at state [3.61, 3.76, 2.75]
2026-07-15 17:09 | WARNING  | robot_0 collided with obstacle_5 at state [7.01, 8.44, -0.34]
2026-07-15 17:09 | WARNING  | robot_0 collided with obstacle_5 at state [2.31, 5.43, -1.93]
--------------------------------------------------------------------------------------------
setting actor output action_std to :  0.57
--------------------------------------------------------------------------------------------
2026-07-15 17:09 | WARNING  | robot_0 collided with obstacle_4 at state [3.08, 5.02, -0.36]
2026-07-15 17:09 | WARNING  | robot_0 collided with obstacle_3 at state [6.53, 4.18, -0.49]
2026-07-15 17:09 | WARNING  | robot_0 collided with obstacle_3 at state [2.27, 7.37, -0.82]
2026-07-15 17:09 | WARNING  | robot_0 collided with obstacle_4 at state [8.42, 6.85, -1.0]
2026-07-15 17:09 | WARNING  | robot_0 collided with obstacle_7 at state [4.52, 5.13, -2.12]
2026-07-15 17:09 | WARNING  | robot_0 collided with obstacle_1 at state [2.0, 6.5, 0.46]
2026-07-15 17:09 | WARNING  | robot_0 collided with obstacle_6 at state [7.68, 5.64, -0.79]
2026-07-15 17:10 | WARNING  | robot_0 collided with obstacle_7 at state [7.2, 6.49, 1.59]
2026-07-15 17:10 | WARNING  | robot_0 collided with obstacle_8 at state [9.21, 0.2, -1.02]
2026-07-15 17:10 | WARNING  | robot_0 collided with obstacle_1 at state [9.36, 7.33, -1.88]
2026-07-15 17:10 | WARNING  | robot_0 collided with obstacle_5 at state [6.32, 5.56, -2.27]
2026-07-15 17:10 | WARNING  | robot_0 collided with obstacle_1 at state [5.57, 7.45, 1.98]
--------------------------------------------------------------------------------------------
setting actor output action_std to :  0.555
--------------------------------------------------------------------------------------------
2026-07-15 17:10 | WARNING  | robot_0 collided with obstacle_8 at state [9.82, 6.65, 0.63]
2026-07-15 17:10 | WARNING  | robot_0 collided with obstacle_3 at state [0.94, 5.61, 1.21]
2026-07-15 17:10 | WARNING  | robot_0 collided with obstacle_5 at state [8.95, 5.09, -1.86]
2026-07-15 17:10 | WARNING  | robot_0 collided with obstacle_1 at state [5.42, 4.88, -1.9]
2026-07-15 17:10 | WARNING  | robot_0 collided with obstacle_3 at state [2.39, 6.75, -1.09]
..............................................
Epoch 1. Evaluating scenarios
2026-07-15 17:10 | WARNING  | robot_0 collided with obstacle_7 at state [7.24, 2.99, -0.14]
2026-07-15 17:10 | WARNING  | robot_0 collided with obstacle_1 at state [6.28, 5.19, -1.48]
2026-07-15 17:11 | WARNING  | robot_0 collided with obstacle_1 at state [4.44, 7.31, 2.21]
2026-07-15 17:11 | WARNING  | robot_0 collided with obstacle_1 at state [1.99, 4.59, -1.06]
Average Reward: -10.0
Average Collision rate: 0.4
Average Goal rate: 0.3
..............................................
2026-07-15 17:11 | WARNING  | robot_0 collided with obstacle_4 at state [2.49, 4.68, 0.42]
2026-07-15 17:11 | WARNING  | robot_0 collided with obstacle_1 at state [9.24, 6.8, -2.27]
2026-07-15 17:11 | WARNING  | robot_0 collided with obstacle_4 at state [7.67, 5.35, -2.39]
2026-07-15 17:11 | WARNING  | robot_0 collided with obstacle_1 at state [7.38, 2.93, 2.19]
2026-07-15 17:11 | WARNING  | robot_0 collided with obstacle_4 at state [4.34, 3.04, 2.59]
2026-07-15 17:11 | WARNING  | robot_0 collided with obstacle_6 at state [6.69, 7.04, -0.73]
2026-07-15 17:11 | WARNING  | robot_0 collided with obstacle_5 at state [7.68, 6.03, 3.08]
2026-07-15 17:11 | WARNING  | robot_0 collided with obstacle_6 at state [5.98, 3.19, 1.54]
2026-07-15 17:12 | WARNING  | robot_0 collided with obstacle_7 at state [6.15, 5.8, 1.27]
2026-07-15 17:12 | WARNING  | robot_0 collided with obstacle_4 at state [4.25, 3.33, -0.63]
2026-07-15 17:12 | WARNING  | robot_0 collided with obstacle_4 at state [9.14, 5.46, 3.08]
--------------------------------------------------------------------------------------------
setting actor output action_std to :  0.54
--------------------------------------------------------------------------------------------
2026-07-15 17:12 | WARNING  | robot_0 collided with obstacle_5 at state [8.95, 2.02, -1.68]
2026-07-15 17:12 | WARNING  | robot_0 collided with obstacle_8 at state [3.57, 9.81, 0.1]
2026-07-15 17:12 | WARNING  | robot_0 collided with obstacle_8 at state [7.18, 9.83, 2.77]
2026-07-15 17:12 | WARNING  | robot_0 collided with obstacle_4 at state [5.07, 5.32, -2.29]
2026-07-15 17:12 | WARNING  | robot_0 collided with obstacle_1 at state [4.45, 5.23, -2.8]
2026-07-15 17:12 | WARNING  | robot_0 collided with obstacle_3 at state [2.47, 5.93, -2.68]
2026-07-15 17:12 | WARNING  | robot_0 collided with obstacle_3 at state [4.19, 6.73, 2.78]
2026-07-15 17:12 | WARNING  | robot_0 collided with obstacle_8 at state [9.83, 8.21, -0.87]
2026-07-15 17:12 | WARNING  | robot_0 collided with obstacle_7 at state [5.11, 2.51, 0.24]
2026-07-15 17:13 | WARNING  | robot_0 collided with obstacle_1 at state [1.57, 3.9, 0.98]
2026-07-15 17:13 | WARNING  | robot_0 collided with obstacle_8 at state [5.2, 0.14, -1.47]
--------------------------------------------------------------------------------------------
setting actor output action_std to :  0.525
--------------------------------------------------------------------------------------------
2026-07-15 17:13 | WARNING  | robot_0 collided with obstacle_7 at state [8.12, 6.42, 1.38]
2026-07-15 17:13 | WARNING  | robot_0 collided with obstacle_6 at state [2.68, 3.06, 2.97]
2026-07-15 17:13 | WARNING  | robot_0 collided with obstacle_6 at state [3.86, 7.26, -0.09]
2026-07-15 17:14 | WARNING  | robot_0 collided with obstacle_8 at state [0.19, 3.42, 2.02]
2026-07-15 17:14 | WARNING  | robot_0 collided with obstacle_4 at state [1.56, 1.5, -0.2]
2026-07-15 17:14 | WARNING  | robot_0 collided with obstacle_3 at state [7.16, 4.96, -0.39]
2026-07-15 17:14 | WARNING  | robot_0 collided with obstacle_3 at state [6.6, 0.98, -2.92]
--------------------------------------------------------------------------------------------
setting actor output action_std to :  0.51
--------------------------------------------------------------------------------------------
2026-07-15 17:14 | WARNING  | robot_0 collided with obstacle_7 at state [8.24, 4.86, -0.22]
2026-07-15 17:14 | WARNING  | robot_0 collided with obstacle_6 at state [4.05, 4.43, -0.56]
2026-07-15 17:14 | WARNING  | robot_0 collided with obstacle_1 at state [2.24, 2.73, -0.15]
2026-07-15 17:14 | WARNING  | robot_0 collided with obstacle_8 at state [9.82, 0.49, -0.13]
2026-07-15 17:15 | WARNING  | robot_0 collided with obstacle_3 at state [3.74, 4.2, 2.29]
2026-07-15 17:15 | WARNING  | robot_0 collided with obstacle_1 at state [4.3, 8.17, -1.5]
2026-07-15 17:15 | WARNING  | robot_0 collided with obstacle_2 at state [2.43, 4.18, -2.6]
..............................................
Epoch 2. Evaluating scenarios
2026-07-15 17:15 | WARNING  | robot_0 collided with obstacle_7 at state [4.96, 6.05, 0.21]
2026-07-15 17:15 | WARNING  | robot_0 collided with obstacle_7 at state [4.47, 8.0, 0.54]
Average Reward: 10.0
Average Collision rate: 0.2
Average Goal rate: 0.3
..............................................
2026-07-15 17:16 | WARNING  | robot_0 collided with obstacle_4 at state [5.57, 4.68, -0.62]
2026-07-15 17:16 | WARNING  | robot_0 collided with obstacle_5 at state [5.11, 3.41, 0.18]
2026-07-15 17:16 | WARNING  | robot_0 collided with obstacle_1 at state [6.27, 7.34, 3.09]
2026-07-15 17:16 | WARNING  | robot_0 collided with obstacle_6 at state [2.64, 8.76, 0.15]
2026-07-15 17:16 | WARNING  | robot_0 collided with obstacle_3 at state [5.78, 6.93, 0.37]
2026-07-15 17:16 | WARNING  | robot_0 collided with obstacle_1 at state [8.16, 6.56, 0.33]
2026-07-15 17:17 | WARNING  | robot_0 collided with obstacle_2 at state [3.99, 4.07, 1.43]
2026-07-15 17:17 | WARNING  | robot_0 collided with obstacle_2 at state [8.81, 6.53, -1.39]
--------------------------------------------------------------------------------------------
setting actor output action_std to :  0.495
--------------------------------------------------------------------------------------------
2026-07-15 17:17 | WARNING  | robot_0 collided with obstacle_5 at state [4.21, 3.31, 1.54]
2026-07-15 17:17 | WARNING  | robot_0 collided with obstacle_3 at state [1.98, 6.2, -1.14]
2026-07-15 17:17 | WARNING  | robot_0 collided with obstacle_3 at state [3.64, 2.76, -2.63]
2026-07-15 17:17 | WARNING  | robot_0 collided with obstacle_2 at state [8.23, 1.78, -2.29]
2026-07-15 17:17 | WARNING  | robot_0 collided with obstacle_4 at state [5.61, 8.81, 0.2]
2026-07-15 17:18 | WARNING  | robot_0 collided with obstacle_8 at state [8.74, 0.17, -1.87]
2026-07-15 17:18 | WARNING  | robot_0 collided with obstacle_7 at state [7.77, 6.26, -1.75]
2026-07-15 17:18 | WARNING  | robot_0 collided with obstacle_3 at state [1.53, 2.3, 1.64]
--------------------------------------------------------------------------------------------
setting actor output action_std to :  0.48
--------------------------------------------------------------------------------------------
2026-07-15 17:19 | WARNING  | robot_0 collided with obstacle_7 at state [8.92, 6.72, -0.48]
2026-07-15 17:19 | WARNING  | robot_0 collided with obstacle_2 at state [6.61, 2.94, -0.86]
2026-07-15 17:19 | WARNING  | robot_0 collided with obstacle_8 at state [9.8, 0.83, -0.91]
2026-07-15 17:19 | WARNING  | robot_0 collided with obstacle_8 at state [9.81, 8.02, -1.47]
2026-07-15 17:19 | WARNING  | robot_0 collided with obstacle_6 at state [8.64, 5.64, -2.07]
2026-07-15 17:19 | WARNING  | robot_0 collided with obstacle_2 at state [5.42, 2.09, 0.07]
--------------------------------------------------------------------------------------------
setting actor output action_std to :  0.465
--------------------------------------------------------------------------------------------
2026-07-15 17:19 | WARNING  | robot_0 collided with obstacle_4 at state [3.25, 6.16, 0.0]
2026-07-15 17:19 | WARNING  | robot_0 collided with obstacle_3 at state [3.21, 5.69, 0.85]
2026-07-15 17:20 | WARNING  | robot_0 collided with obstacle_7 at state [8.28, 8.33, -1.89]
..............................................
Epoch 3. Evaluating scenarios
2026-07-15 17:20 | WARNING  | robot_0 collided with obstacle_5 at state [5.62, 1.23, 0.39]
2026-07-15 17:20 | WARNING  | robot_0 collided with obstacle_3 at state [2.82, 3.82, 1.2]
2026-07-15 17:21 | WARNING  | robot_0 collided with obstacle_7 at state [3.5, 1.85, -0.59]
2026-07-15 17:21 | WARNING  | robot_0 collided with obstacle_2 at state [5.07, 3.81, 1.44]
Average Reward: -30.0
Average Collision rate: 0.4
Average Goal rate: 0.1
..............................................
2026-07-15 17:21 | WARNING  | robot_0 collided with obstacle_2 at state [8.89, 6.47, -1.49]
2026-07-15 17:21 | WARNING  | robot_0 collided with obstacle_4 at state [6.23, 3.98, -0.58]
2026-07-15 17:21 | WARNING  | robot_0 collided with obstacle_2 at state [2.06, 7.98, -0.12]
2026-07-15 17:21 | WARNING  | robot_0 collided with obstacle_3 at state [2.72, 5.13, 1.05]
2026-07-15 17:21 | WARNING  | robot_0 collided with obstacle_4 at state [3.88, 3.45, 1.3]
2026-07-15 17:21 | WARNING  | robot_0 collided with obstacle_7 at state [6.18, 5.06, -2.26]
2026-07-15 17:22 | WARNING  | robot_0 collided with obstacle_6 at state [8.09, 1.08, -0.71]
--------------------------------------------------------------------------------------------
setting actor output action_std to :  0.45
--------------------------------------------------------------------------------------------
2026-07-15 17:22 | WARNING  | robot_0 collided with obstacle_7 at state [5.94, 1.88, -1.11]
2026-07-15 17:22 | WARNING  | robot_0 collided with obstacle_3 at state [6.72, 4.79, 1.66]
2026-07-15 17:22 | WARNING  | robot_0 collided with obstacle_6 at state [3.91, 7.16, 0.19]
2026-07-15 17:23 | WARNING  | robot_0 collided with obstacle_3 at state [3.64, 2.08, -1.98]
--------------------------------------------------------------------------------------------
setting actor output action_std to :  0.435
--------------------------------------------------------------------------------------------
2026-07-15 17:23 | WARNING  | robot_0 collided with obstacle_1 at state [7.69, 1.46, 3.02]
2026-07-15 17:23 | WARNING  | robot_0 collided with obstacle_4 at state [1.74, 3.2, -1.01]
2026-07-15 17:23 | WARNING  | robot_0 collided with obstacle_3 at state [2.25, 4.54, 0.08]
2026-07-15 17:23 | WARNING  | robot_0 collided with obstacle_6 at state [8.13, 2.05, -1.72]
2026-07-15 17:23 | WARNING  | robot_0 collided with obstacle_2 at state [5.86, 3.53, -2.09]
2026-07-15 17:23 | WARNING  | robot_0 collided with obstacle_5 at state [5.09, 3.07, -0.46]
2026-07-15 17:23 | WARNING  | robot_0 collided with obstacle_8 at state [9.81, 8.29, 0.99]
2026-07-15 17:24 | WARNING  | robot_0 collided with obstacle_2 at state [2.95, 4.92, 0.42]
--------------------------------------------------------------------------------------------
setting actor output action_std to :  0.42
--------------------------------------------------------------------------------------------
2026-07-15 17:24 | WARNING  | robot_0 collided with obstacle_7 at state [6.12, 5.93, 1.03]
2026-07-15 17:24 | WARNING  | robot_0 collided with obstacle_3 at state [5.22, 6.47, -1.91]
2026-07-15 17:24 | WARNING  | robot_0 collided with obstacle_7 at state [2.47, 6.47, 0.2]
2026-07-15 17:24 | WARNING  | robot_0 collided with obstacle_2 at state [6.14, 1.87, -2.05]
2026-07-15 17:24 | WARNING  | robot_0 collided with obstacle_4 at state [3.93, 4.65, 1.68]
..............................................
Epoch 4. Evaluating scenarios
2026-07-15 17:25 | WARNING  | robot_0 collided with obstacle_2 at state [7.64, 4.41, -1.28]
2026-07-15 17:25 | WARNING  | robot_0 collided with obstacle_3 at state [4.71, 2.4, -3.13]
2026-07-15 17:25 | WARNING  | robot_0 collided with obstacle_2 at state [3.26, 7.34, 0.15]
Average Reward: 0.0
Average Collision rate: 0.3
Average Goal rate: 0.3
..............................................
2026-07-15 17:26 | WARNING  | robot_0 collided with obstacle_5 at state [8.53, 2.86, -2.61]
2026-07-15 17:26 | WARNING  | robot_0 collided with obstacle_4 at state [8.38, 1.85, -2.19]
2026-07-15 17:26 | WARNING  | robot_0 collided with obstacle_4 at state [6.0, 4.78, -2.29]
2026-07-15 17:26 | WARNING  | robot_0 collided with obstacle_2 at state [4.13, 5.53, -1.75]
2026-07-15 17:26 | WARNING  | robot_0 collided with obstacle_7 at state [4.64, 4.04, 0.78]
2026-07-15 17:26 | WARNING  | robot_0 collided with obstacle_4 at state [5.99, 3.33, 2.11]
--------------------------------------------------------------------------------------------
setting actor output action_std to :  0.405
--------------------------------------------------------------------------------------------
2026-07-15 17:27 | WARNING  | robot_0 collided with obstacle_2 at state [6.61, 2.74, 0.26]
2026-07-15 17:27 | WARNING  | robot_0 collided with obstacle_6 at state [2.0, 2.81, 0.13]
2026-07-15 17:27 | WARNING  | robot_0 collided with obstacle_2 at state [5.77, 7.68, -0.45]
2026-07-15 17:27 | WARNING  | robot_0 collided with obstacle_5 at state [4.3, 5.51, 2.79]
2026-07-15 17:27 | WARNING  | robot_0 collided with obstacle_4 at state [6.8, 4.84, 2.5]
2026-07-15 17:27 | WARNING  | robot_0 collided with obstacle_1 at state [4.29, 7.99, 0.67]
2026-07-15 17:27 | WARNING  | robot_0 collided with obstacle_4 at state [7.56, 2.21, -0.13]
2026-07-15 17:28 | WARNING  | robot_0 collided with obstacle_6 at state [6.49, 4.7, -2.84]
2026-07-15 17:28 | WARNING  | robot_0 collided with obstacle_2 at state [7.68, 1.29, 0.0]
2026-07-15 17:28 | WARNING  | robot_0 collided with obstacle_1 at state [6.24, 4.77, 0.85]
--------------------------------------------------------------------------------------------
setting actor output action_std to :  0.39
--------------------------------------------------------------------------------------------
2026-07-15 17:28 | WARNING  | robot_0 collided with obstacle_5 at state [6.93, 1.93, 1.04]
2026-07-15 17:28 | WARNING  | robot_0 collided with obstacle_6 at state [6.9, 3.4, -0.7]
2026-07-15 17:28 | WARNING  | robot_0 collided with obstacle_2 at state [3.31, 1.73, -3.0]
2026-07-15 17:29 | WARNING  | robot_0 collided with obstacle_7 at state [5.93, 8.42, -0.12]
2026-07-15 17:29 | WARNING  | robot_0 collided with obstacle_6 at state [1.96, 5.74, -1.65]
2026-07-15 17:29 | WARNING  | robot_0 collided with obstacle_5 at state [8.13, 2.93, -2.96]
2026-07-15 17:29 | WARNING  | robot_0 collided with obstacle_4 at state [1.64, 5.39, 1.25]
--------------------------------------------------------------------------------------------
setting actor output action_std to :  0.375
--------------------------------------------------------------------------------------------
2026-07-15 17:29 | WARNING  | robot_0 collided with obstacle_5 at state [6.06, 5.28, -2.83]
2026-07-15 17:29 | WARNING  | robot_0 collided with obstacle_3 at state [2.36, 5.7, 2.58]
2026-07-15 17:29 | WARNING  | robot_0 collided with obstacle_5 at state [3.65, 1.77, 0.25]
2026-07-15 17:29 | WARNING  | robot_0 collided with obstacle_4 at state [3.83, 8.34, -2.45]
..............................................
Epoch 5. Evaluating scenarios
2026-07-15 17:30 | WARNING  | robot_0 collided with obstacle_7 at state [5.07, 4.73, -2.42]
2026-07-15 17:30 | WARNING  | robot_0 collided with obstacle_1 at state [7.89, 7.07, 0.58]
Average Reward: -10.0
Average Collision rate: 0.2
Average Goal rate: 0.1
..............................................
2026-07-15 17:31 | WARNING  | robot_0 collided with obstacle_3 at state [2.92, 7.17, 1.15]
2026-07-15 17:31 | WARNING  | robot_0 collided with obstacle_7 at state [7.13, 2.78, -1.3]
2026-07-15 17:31 | WARNING  | robot_0 collided with obstacle_3 at state [5.06, 5.46, -2.42]
2026-07-15 17:32 | WARNING  | robot_0 collided with obstacle_4 at state [7.79, 5.98, -0.52]
2026-07-15 17:32 | WARNING  | robot_0 collided with obstacle_8 at state [0.13, 2.21, -2.93]
--------------------------------------------------------------------------------------------
setting actor output action_std to :  0.36
--------------------------------------------------------------------------------------------
2026-07-15 17:32 | WARNING  | robot_0 collided with obstacle_6 at state [6.72, 4.32, 1.55]
2026-07-15 17:32 | WARNING  | robot_0 collided with obstacle_7 at state [4.63, 5.29, -1.91]
2026-07-15 17:32 | WARNING  | robot_0 collided with obstacle_5 at state [8.72, 7.47, -2.79]
2026-07-15 17:32 | WARNING  | robot_0 collided with obstacle_3 at state [6.63, 5.88, -2.11]
2026-07-15 17:33 | WARNING  | robot_0 collided with obstacle_4 at state [4.89, 4.66, -2.85]
2026-07-15 17:33 | WARNING  | robot_0 collided with obstacle_2 at state [2.01, 4.07, 2.2]
2026-07-15 17:33 | WARNING  | robot_0 collided with obstacle_2 at state [2.61, 2.08, -1.34]
--------------------------------------------------------------------------------------------
setting actor output action_std to :  0.345
--------------------------------------------------------------------------------------------
2026-07-15 17:33 | WARNING  | robot_0 collided with obstacle_2 at state [7.28, 1.88, -0.86]
2026-07-15 17:33 | WARNING  | robot_0 collided with obstacle_3 at state [8.1, 3.18, 1.59]
2026-07-15 17:34 | WARNING  | robot_0 collided with obstacle_8 at state [5.8, 0.2, -0.42]
2026-07-15 17:34 | WARNING  | robot_0 collided with obstacle_2 at state [2.59, 6.19, -0.69]
2026-07-15 17:34 | WARNING  | robot_0 collided with obstacle_4 at state [4.5, 7.76, -0.47]
2026-07-15 17:34 | WARNING  | robot_0 collided with obstacle_2 at state [8.41, 5.77, -0.82]
2026-07-15 17:34 | WARNING  | robot_0 collided with obstacle_3 at state [4.67, 3.26, 0.31]
--------------------------------------------------------------------------------------------
setting actor output action_std to :  0.33
--------------------------------------------------------------------------------------------
2026-07-15 17:34 | WARNING  | robot_0 collided with obstacle_7 at state [6.39, 2.61, 1.2]
2026-07-15 17:34 | WARNING  | robot_0 collided with obstacle_7 at state [5.96, 3.4, 0.42]
2026-07-15 17:34 | WARNING  | robot_0 collided with obstacle_3 at state [2.42, 3.31, 0.11]
2026-07-15 17:34 | WARNING  | robot_0 collided with obstacle_6 at state [2.53, 2.11, -2.94]
2026-07-15 17:34 | WARNING  | robot_0 collided with obstacle_1 at state [3.34, 7.31, -1.06]
2026-07-15 17:34 | WARNING  | robot_0 collided with obstacle_5 at state [7.36, 6.71, -1.85]
..............................................
Epoch 6. Evaluating scenarios
2026-07-15 17:35 | WARNING  | robot_0 collided with obstacle_3 at state [4.63, 5.59, 2.31]
2026-07-15 17:35 | WARNING  | robot_0 collided with obstacle_4 at state [4.49, 6.88, -0.2]
2026-07-15 17:35 | WARNING  | robot_0 collided with obstacle_3 at state [8.11, 8.61, -0.98]
2026-07-15 17:35 | WARNING  | robot_0 collided with obstacle_5 at state [5.86, 3.7, -2.49]
Average Reward: -10.0
Average Collision rate: 0.4
Average Goal rate: 0.3
..............................................
2026-07-15 17:36 | WARNING  | robot_0 collided with obstacle_7 at state [3.87, 6.52, -0.07]
2026-07-15 17:36 | WARNING  | robot_0 collided with obstacle_3 at state [2.51, 8.72, 2.02]
2026-07-15 17:36 | WARNING  | robot_0 collided with obstacle_4 at state [2.94, 1.78, 0.42]
2026-07-15 17:36 | WARNING  | robot_0 collided with obstacle_2 at state [6.76, 3.14, -0.02]
2026-07-15 17:36 | WARNING  | robot_0 collided with obstacle_7 at state [7.73, 3.13, -1.74]
--------------------------------------------------------------------------------------------
setting actor output action_std to :  0.315
--------------------------------------------------------------------------------------------
2026-07-15 17:37 | WARNING  | robot_0 collided with obstacle_6 at state [3.8, 7.53, -0.7]
2026-07-15 17:37 | WARNING  | robot_0 collided with obstacle_5 at state [2.71, 4.94, -2.29]
2026-07-15 17:37 | WARNING  | robot_0 collided with obstacle_3 at state [7.49, 8.53, 0.0]
2026-07-15 17:37 | WARNING  | robot_0 collided with obstacle_5 at state [3.77, 3.44, -0.27]
2026-07-15 17:37 | WARNING  | robot_0 collided with obstacle_1 at state [6.2, 4.49, -0.1]
2026-07-15 17:37 | WARNING  | robot_0 collided with obstacle_4 at state [4.97, 5.25, -2.91]
2026-07-15 17:37 | WARNING  | robot_0 collided with obstacle_3 at state [5.61, 6.4, 0.72]
2026-07-15 17:37 | WARNING  | robot_0 collided with obstacle_6 at state [3.39, 3.16, -2.36]
--------------------------------------------------------------------------------------------
setting actor output action_std to :  0.3
--------------------------------------------------------------------------------------------
2026-07-15 17:38 | WARNING  | robot_0 collided with obstacle_6 at state [6.82, 7.17, 2.79]
2026-07-15 17:38 | WARNING  | robot_0 collided with obstacle_2 at state [0.96, 4.81, 1.49]
2026-07-15 17:38 | WARNING  | robot_0 collided with obstacle_3 at state [3.69, 7.11, -0.09]
2026-07-15 17:38 | WARNING  | robot_0 collided with obstacle_1 at state [4.52, 5.13, 1.25]
2026-07-15 17:38 | WARNING  | robot_0 collided with obstacle_3 at state [2.78, 2.74, 2.87]
2026-07-15 17:38 | WARNING  | robot_0 collided with obstacle_5 at state [4.45, 3.62, -0.0]
2026-07-15 17:38 | WARNING  | robot_0 collided with obstacle_6 at state [5.06, 8.61, -0.58]
2026-07-15 17:38 | WARNING  | robot_0 collided with obstacle_3 at state [6.05, 6.2, 0.0]
2026-07-15 17:38 | WARNING  | robot_0 collided with obstacle_1 at state [6.27, 8.38, -0.69]
--------------------------------------------------------------------------------------------
setting actor output action_std to :  0.285
--------------------------------------------------------------------------------------------
2026-07-15 17:39 | WARNING  | robot_0 collided with obstacle_2 at state [2.01, 5.29, -3.05]
2026-07-15 17:39 | WARNING  | robot_0 collided with obstacle_7 at state [9.36, 7.31, -1.23]
2026-07-15 17:39 | WARNING  | robot_0 collided with obstacle_7 at state [4.66, 4.92, 0.6]
..............................................
Epoch 7. Evaluating scenarios
2026-07-15 17:39 | WARNING  | robot_0 collided with obstacle_2 at state [6.49, 2.0, 2.67]
2026-07-15 17:39 | WARNING  | robot_0 collided with obstacle_4 at state [4.58, 4.18, 2.03]
2026-07-15 17:40 | WARNING  | robot_0 collided with obstacle_6 at state [8.93, 5.04, -0.31]
2026-07-15 17:40 | WARNING  | robot_0 collided with obstacle_6 at state [6.47, 0.96, 3.06]
Average Reward: -20.0
Average Collision rate: 0.4
Average Goal rate: 0.2
..............................................
2026-07-15 17:40 | WARNING  | robot_0 collided with obstacle_5 at state [6.41, 5.35, -0.52]
2026-07-15 17:40 | WARNING  | robot_0 collided with obstacle_1 at state [6.38, 4.47, 2.83]
2026-07-15 17:40 | WARNING  | robot_0 collided with obstacle_6 at state [5.9, 5.68, 2.79]
2026-07-15 17:40 | WARNING  | robot_0 collided with obstacle_2 at state [5.35, 2.61, -0.17]
2026-07-15 17:40 | WARNING  | robot_0 collided with obstacle_6 at state [5.73, 1.07, -2.62]
2026-07-15 17:41 | WARNING  | robot_0 collided with obstacle_7 at state [5.33, 7.19, 0.05]
2026-07-15 17:41 | WARNING  | robot_0 collided with obstacle_6 at state [3.59, 6.96, -2.97]
2026-07-15 17:41 | WARNING  | robot_0 collided with obstacle_1 at state [5.68, 8.85, 0.08]
--------------------------------------------------------------------------------------------
setting actor output action_std to :  0.27
--------------------------------------------------------------------------------------------
2026-07-15 17:41 | WARNING  | robot_0 collided with obstacle_1 at state [6.3, 6.53, -1.23]
2026-07-15 17:41 | WARNING  | robot_0 collided with obstacle_1 at state [7.61, 5.11, 1.85]
2026-07-15 17:41 | WARNING  | robot_0 collided with obstacle_1 at state [5.56, 4.65, 0.12]
2026-07-15 17:41 | WARNING  | robot_0 collided with obstacle_3 at state [3.39, 5.17, 2.01]
2026-07-15 17:41 | WARNING  | robot_0 collided with obstacle_4 at state [4.82, 4.2, -2.96]
2026-07-15 17:42 | WARNING  | robot_0 collided with obstacle_3 at state [6.27, 7.96, 2.74]
2026-07-15 17:42 | WARNING  | robot_0 collided with obstacle_8 at state [0.19, 3.68, 1.73]
--------------------------------------------------------------------------------------------
setting actor output action_std to :  0.255
--------------------------------------------------------------------------------------------
2026-07-15 17:42 | WARNING  | robot_0 collided with obstacle_2 at state [5.02, 3.62, -0.44]
2026-07-15 17:42 | WARNING  | robot_0 collided with obstacle_1 at state [6.91, 7.94, -0.7]
2026-07-15 17:42 | WARNING  | robot_0 collided with obstacle_4 at state [2.43, 5.75, -0.35]
2026-07-15 17:42 | WARNING  | robot_0 collided with obstacle_2 at state [1.19, 7.04, 0.11]
2026-07-15 17:43 | WARNING  | robot_0 collided with obstacle_5 at state [6.4, 1.81, 1.36]
2026-07-15 17:43 | WARNING  | robot_0 collided with obstacle_2 at state [3.5, 3.22, 2.58]
2026-07-15 17:43 | WARNING  | robot_0 collided with obstacle_2 at state [7.12, 3.18, -0.23]
2026-07-15 17:43 | WARNING  | robot_0 collided with obstacle_4 at state [6.38, 3.73, -2.08]
2026-07-15 17:43 | WARNING  | robot_0 collided with obstacle_4 at state [5.24, 4.98, -2.87]
--------------------------------------------------------------------------------------------
setting actor output action_std to :  0.24
--------------------------------------------------------------------------------------------
2026-07-15 17:43 | WARNING  | robot_0 collided with obstacle_4 at state [4.4, 5.07, -0.46]
2026-07-15 17:43 | WARNING  | robot_0 collided with obstacle_5 at state [6.77, 5.39, 0.33]
2026-07-15 17:43 | WARNING  | robot_0 collided with obstacle_3 at state [5.48, 7.11, -1.83]
..............................................
Epoch 8. Evaluating scenarios
2026-07-15 17:43 | WARNING  | robot_0 collided with obstacle_5 at state [5.35, 7.12, 0.78]
2026-07-15 17:43 | WARNING  | robot_0 collided with obstacle_1 at state [6.09, 4.97, -0.91]
2026-07-15 17:44 | WARNING  | robot_0 collided with obstacle_4 at state [4.79, 2.82, 1.4]
2026-07-15 17:44 | WARNING  | robot_0 collided with obstacle_7 at state [2.35, 5.15, 0.99]
2026-07-15 17:44 | WARNING  | robot_0 collided with obstacle_7 at state [4.94, 2.34, 0.96]
2026-07-15 17:44 | WARNING  | robot_0 collided with obstacle_6 at state [7.84, 6.05, 1.88]
Average Reward: -20.0
Average Collision rate: 0.6
Average Goal rate: 0.4
..............................................
2026-07-15 17:44 | WARNING  | robot_0 collided with obstacle_1 at state [4.43, 7.95, 0.23]
2026-07-15 17:44 | WARNING  | robot_0 collided with obstacle_2 at state [1.52, 4.93, 1.88]
2026-07-15 17:44 | WARNING  | robot_0 collided with obstacle_2 at state [7.17, 1.39, 0.41]
2026-07-15 17:44 | WARNING  | robot_0 collided with obstacle_4 at state [7.65, 3.21, 1.77]
2026-07-15 17:44 | WARNING  | robot_0 collided with obstacle_4 at state [3.9, 5.77, -0.61]
2026-07-15 17:45 | WARNING  | robot_0 collided with obstacle_4 at state [7.1, 1.82, 1.48]
--------------------------------------------------------------------------------------------
setting actor output action_std to :  0.225
--------------------------------------------------------------------------------------------
2026-07-15 17:45 | WARNING  | robot_0 collided with obstacle_4 at state [8.16, 2.17, 2.22]
2026-07-15 17:45 | WARNING  | robot_0 collided with obstacle_2 at state [7.49, 3.81, 1.9]
2026-07-15 17:45 | WARNING  | robot_0 collided with obstacle_2 at state [3.84, 7.31, -0.47]
2026-07-15 17:45 | WARNING  | robot_0 collided with obstacle_7 at state [1.19, 1.72, -0.13]
2026-07-15 17:45 | WARNING  | robot_0 collided with obstacle_5 at state [4.41, 6.84, -2.66]
2026-07-15 17:45 | WARNING  | robot_0 collided with obstacle_5 at state [2.61, 4.27, 2.91]
2026-07-15 17:45 | WARNING  | robot_0 collided with obstacle_4 at state [5.65, 5.88, -1.04]
--------------------------------------------------------------------------------------------
setting actor output action_std to :  0.21
--------------------------------------------------------------------------------------------
2026-07-15 17:46 | WARNING  | robot_0 collided with obstacle_1 at state [6.89, 7.93, -0.93]
2026-07-15 17:46 | WARNING  | robot_0 collided with obstacle_4 at state [2.72, 2.45, 1.69]
2026-07-15 17:46 | WARNING  | robot_0 collided with obstacle_7 at state [6.79, 6.94, -1.51]
2026-07-15 17:46 | WARNING  | robot_0 collided with obstacle_7 at state [4.8, 6.25, -0.86]
2026-07-15 17:46 | WARNING  | robot_0 collided with obstacle_2 at state [3.71, 8.16, -1.76]
2026-07-15 17:46 | WARNING  | robot_0 collided with obstacle_2 at state [5.73, 6.26, -1.5]
2026-07-15 17:47 | WARNING  | robot_0 collided with obstacle_3 at state [6.36, 3.84, -2.35]
2026-07-15 17:47 | WARNING  | robot_0 collided with obstacle_6 at state [6.4, 1.37, 2.35]
--------------------------------------------------------------------------------------------
setting actor output action_std to :  0.195
--------------------------------------------------------------------------------------------
2026-07-15 17:47 | WARNING  | robot_0 collided with obstacle_7 at state [7.38, 4.05, -1.44]
2026-07-15 17:47 | WARNING  | robot_0 collided with obstacle_3 at state [6.14, 4.1, 2.45]
2026-07-15 17:47 | WARNING  | robot_0 collided with obstacle_2 at state [4.82, 7.77, 0.05]
2026-07-15 17:47 | WARNING  | robot_0 collided with obstacle_7 at state [4.23, 4.79, -2.86]
2026-07-15 17:47 | WARNING  | robot_0 collided with obstacle_3 at state [4.31, 5.12, 0.49]
..............................................
Epoch 9. Evaluating scenarios
2026-07-15 17:47 | WARNING  | robot_0 collided with obstacle_1 at state [6.67, 5.19, -0.86]
2026-07-15 17:47 | WARNING  | robot_0 collided with obstacle_4 at state [4.75, 4.43, -0.03]
2026-07-15 17:47 | WARNING  | robot_0 collided with obstacle_6 at state [4.54, 5.33, -0.29]
2026-07-15 17:48 | WARNING  | robot_0 collided with obstacle_4 at state [4.81, 4.42, 2.37]
Average Reward: 0.0
Average Collision rate: 0.4
Average Goal rate: 0.4
..............................................
2026-07-15 17:48 | WARNING  | robot_0 collided with obstacle_4 at state [5.01, 7.43, 0.16]
2026-07-15 17:48 | WARNING  | robot_0 collided with obstacle_3 at state [4.15, 4.35, -0.09]
2026-07-15 17:48 | WARNING  | robot_0 collided with obstacle_1 at state [2.34, 7.81, -0.54]
2026-07-15 17:48 | WARNING  | robot_0 collided with obstacle_7 at state [5.98, 4.27, -2.3]
2026-07-15 17:48 | WARNING  | robot_0 collided with obstacle_4 at state [4.43, 3.34, -2.83]
2026-07-15 17:49 | WARNING  | robot_0 collided with obstacle_2 at state [8.25, 5.89, -1.01]
2026-07-15 17:49 | WARNING  | robot_0 collided with obstacle_6 at state [5.86, 5.65, -1.56]
--------------------------------------------------------------------------------------------
setting actor output action_std to :  0.18
--------------------------------------------------------------------------------------------
2026-07-15 17:49 | WARNING  | robot_0 collided with obstacle_1 at state [7.68, 4.46, -1.39]
2026-07-15 17:49 | WARNING  | robot_0 collided with obstacle_4 at state [4.11, 3.93, 1.98]
2026-07-15 17:49 | WARNING  | robot_0 collided with obstacle_2 at state [6.39, 5.43, -2.91]
2026-07-15 17:49 | WARNING  | robot_0 collided with obstacle_6 at state [8.93, 7.35, -0.94]
2026-07-15 17:49 | WARNING  | robot_0 collided with obstacle_3 at state [4.36, 6.85, -0.83]
2026-07-15 17:49 | WARNING  | robot_0 collided with obstacle_4 at state [5.69, 5.82, -1.32]
2026-07-15 17:49 | WARNING  | robot_0 collided with obstacle_5 at state [4.85, 4.26, 1.33]
2026-07-15 17:50 | WARNING  | robot_0 collided with obstacle_3 at state [4.06, 7.25, -1.94]
2026-07-15 17:50 | WARNING  | robot_0 collided with obstacle_2 at state [6.55, 3.98, -1.33]
--------------------------------------------------------------------------------------------
setting actor output action_std to :  0.165
--------------------------------------------------------------------------------------------
2026-07-15 17:50 | WARNING  | robot_0 collided with obstacle_1 at state [5.7, 2.62, -1.25]
2026-07-15 17:50 | WARNING  | robot_0 collided with obstacle_7 at state [4.9, 0.86, -2.66]
--------------------------------------------------------------------------------------------
setting actor output action_std to :  0.15
--------------------------------------------------------------------------------------------
2026-07-15 17:51 | WARNING  | robot_0 collided with obstacle_4 at state [7.53, 5.03, -1.31]
2026-07-15 17:51 | WARNING  | robot_0 collided with obstacle_5 at state [8.36, 7.2, -1.73]
2026-07-15 17:51 | WARNING  | robot_0 collided with obstacle_7 at state [5.74, 4.11, -0.39]
..............................................
Epoch 10. Evaluating scenarios
2026-07-15 17:52 | WARNING  | robot_0 collided with obstacle_7 at state [6.28, 1.57, -2.46]
2026-07-15 17:52 | WARNING  | robot_0 collided with obstacle_1 at state [7.15, 0.79, 1.74]
2026-07-15 17:52 | WARNING  | robot_0 collided with obstacle_7 at state [5.55, 5.24, -0.66]
2026-07-15 17:52 | WARNING  | robot_0 collided with obstacle_3 at state [7.73, 5.3, -1.41]
Average Reward: 30.0
Average Collision rate: 0.4
Average Goal rate: 0.6
..............................................
2026-07-15 17:52 | WARNING  | robot_0 collided with obstacle_2 at state [5.78, 2.12, 2.52]
2026-07-15 17:52 | WARNING  | robot_0 collided with obstacle_1 at state [6.41, 3.05, 2.62]
2026-07-15 17:52 | WARNING  | robot_0 collided with obstacle_4 at state [2.43, 5.67, 1.43]
2026-07-15 17:53 | WARNING  | robot_0 collided with obstacle_3 at state [8.65, 4.14, -1.43]
--------------------------------------------------------------------------------------------
setting actor output action_std to :  0.135
--------------------------------------------------------------------------------------------
2026-07-15 17:53 | WARNING  | robot_0 collided with obstacle_2 at state [4.61, 4.87, -2.88]
2026-07-15 17:53 | WARNING  | robot_0 collided with obstacle_4 at state [3.84, 3.78, 2.18]
2026-07-15 17:53 | WARNING  | robot_0 collided with obstacle_4 at state [2.66, 3.73, -0.04]
2026-07-15 17:54 | WARNING  | robot_0 collided with obstacle_4 at state [4.11, 6.88, -1.48]
2026-07-15 17:54 | WARNING  | robot_0 collided with obstacle_4 at state [6.03, 2.6, -2.03]
--------------------------------------------------------------------------------------------
setting actor output action_std to :  0.12
--------------------------------------------------------------------------------------------
2026-07-15 17:54 | WARNING  | robot_0 collided with obstacle_1 at state [6.98, 7.71, 0.02]
2026-07-15 17:54 | WARNING  | robot_0 collided with obstacle_2 at state [2.77, 6.63, -0.78]
2026-07-15 17:55 | WARNING  | robot_0 collided with obstacle_4 at state [4.68, 4.92, -2.2]
2026-07-15 17:55 | WARNING  | robot_0 collided with obstacle_3 at state [5.18, 4.23, 1.84]
2026-07-15 17:55 | WARNING  | robot_0 collided with obstacle_4 at state [5.22, 3.78, 2.54]
2026-07-15 17:55 | WARNING  | robot_0 collided with obstacle_5 at state [3.08, 6.54, 0.89]
--------------------------------------------------------------------------------------------
setting actor output action_std to :  0.105
--------------------------------------------------------------------------------------------
2026-07-15 17:55 | WARNING  | robot_0 collided with obstacle_1 at state [6.61, 2.2, 2.5]
..............................................
Epoch 11. Evaluating scenarios
2026-07-15 17:56 | WARNING  | robot_0 collided with obstacle_2 at state [4.08, 2.06, 2.31]
Average Reward: 60.0
Average Collision rate: 0.1
Average Goal rate: 0.7
..............................................
2026-07-15 17:56 | WARNING  | robot_0 collided with obstacle_2 at state [4.11, 5.78, -1.9]
2026-07-15 17:56 | WARNING  | robot_0 collided with obstacle_7 at state [4.95, 3.12, -0.56]
2026-07-15 17:56 | WARNING  | robot_0 collided with obstacle_2 at state [6.35, 3.23, -0.69]
2026-07-15 17:57 | WARNING  | robot_0 collided with obstacle_7 at state [7.26, 1.45, -1.63]
2026-07-15 17:57 | WARNING  | robot_0 collided with obstacle_2 at state [4.14, 7.08, -0.87]
2026-07-15 17:57 | WARNING  | robot_0 collided with obstacle_7 at state [6.79, 2.54, -2.63]
2026-07-15 17:57 | WARNING  | robot_0 collided with obstacle_5 at state [3.68, 5.01, -0.47]
2026-07-15 17:57 | WARNING  | robot_0 collided with obstacle_2 at state [7.93, 6.69, -0.83]
2026-07-15 17:57 | WARNING  | robot_0 collided with obstacle_4 at state [1.61, 4.77, -1.21]
--------------------------------------------------------------------------------------------
setting actor output action_std to min_action_std :  0.1
--------------------------------------------------------------------------------------------
2026-07-15 17:57 | WARNING  | robot_0 collided with obstacle_4 at state [4.34, 5.2, 1.62]
2026-07-15 17:58 | WARNING  | robot_0 collided with obstacle_1 at state [7.44, 2.85, -2.74]
2026-07-15 17:58 | WARNING  | robot_0 collided with obstacle_7 at state [2.88, 4.07, 1.96]
2026-07-15 17:58 | WARNING  | robot_0 collided with obstacle_3 at state [8.53, 5.59, -1.22]
2026-07-15 17:58 | WARNING  | robot_0 collided with obstacle_6 at state [7.51, 5.27, -0.75]
2026-07-15 17:58 | WARNING  | robot_0 collided with obstacle_5 at state [6.1, 4.52, -2.04]
--------------------------------------------------------------------------------------------
setting actor output action_std to min_action_std :  0.1
--------------------------------------------------------------------------------------------
2026-07-15 17:58 | WARNING  | robot_0 collided with obstacle_4 at state [4.68, 6.63, -1.26]
2026-07-15 17:58 | WARNING  | robot_0 collided with obstacle_5 at state [3.89, 3.31, -2.82]
2026-07-15 17:58 | WARNING  | robot_0 collided with obstacle_3 at state [7.12, 5.52, -3.0]
2026-07-15 17:58 | WARNING  | robot_0 collided with obstacle_4 at state [1.47, 8.26, -0.55]
2026-07-15 17:58 | WARNING  | robot_0 collided with obstacle_7 at state [6.03, 5.15, -1.35]
2026-07-15 17:58 | WARNING  | robot_0 collided with obstacle_3 at state [4.69, 5.72, 0.17]
2026-07-15 17:58 | WARNING  | robot_0 collided with obstacle_4 at state [3.92, 3.1, -2.63]
2026-07-15 17:59 | WARNING  | robot_0 collided with obstacle_3 at state [8.72, 8.45, -0.17]
--------------------------------------------------------------------------------------------
setting actor output action_std to min_action_std :  0.1
--------------------------------------------------------------------------------------------
2026-07-15 17:59 | WARNING  | robot_0 collided with obstacle_2 at state [4.36, 3.46, 2.01]
2026-07-15 17:59 | WARNING  | robot_0 collided with obstacle_5 at state [6.28, 6.1, -0.15]
2026-07-15 17:59 | WARNING  | robot_0 collided with obstacle_4 at state [5.28, 5.62, -0.15]
2026-07-15 17:59 | WARNING  | robot_0 collided with obstacle_6 at state [7.46, 6.28, -2.81]
2026-07-15 17:59 | WARNING  | robot_0 collided with obstacle_1 at state [8.03, 5.15, -2.01]
..............................................
Epoch 12. Evaluating scenarios
2026-07-15 17:59 | WARNING  | robot_0 collided with obstacle_7 at state [5.78, 7.23, 0.02]
2026-07-15 17:59 | WARNING  | robot_0 collided with obstacle_5 at state [8.87, 3.49, -1.88]
2026-07-15 17:59 | WARNING  | robot_0 collided with obstacle_3 at state [8.67, 5.57, -1.35]
2026-07-15 18:00 | WARNING  | robot_0 collided with obstacle_7 at state [4.98, 2.45, -0.04]
Average Reward: -10.0
Average Collision rate: 0.4
Average Goal rate: 0.3
..............................................
2026-07-15 18:00 | WARNING  | robot_0 collided with obstacle_4 at state [5.72, 6.36, -0.22]
2026-07-15 18:00 | WARNING  | robot_0 collided with obstacle_6 at state [4.12, 2.37, -1.36]
2026-07-15 18:00 | WARNING  | robot_0 collided with obstacle_4 at state [5.44, 4.05, 0.81]
2026-07-15 18:00 | WARNING  | robot_0 collided with obstacle_6 at state [2.45, 3.77, 1.99]
2026-07-15 18:00 | WARNING  | robot_0 collided with obstacle_2 at state [6.56, 5.6, -2.81]
2026-07-15 18:01 | WARNING  | robot_0 collided with obstacle_3 at state [2.8, 6.4, 2.45]
2026-07-15 18:01 | WARNING  | robot_0 collided with obstacle_6 at state [3.68, 2.45, 0.32]
2026-07-15 18:01 | WARNING  | robot_0 collided with obstacle_4 at state [7.41, 5.63, 2.32]
--------------------------------------------------------------------------------------------
setting actor output action_std to min_action_std :  0.1
--------------------------------------------------------------------------------------------
2026-07-15 18:01 | WARNING  | robot_0 collided with obstacle_4 at state [3.44, 3.58, 1.8]
2026-07-15 18:01 | WARNING  | robot_0 collided with obstacle_6 at state [4.87, 6.18, -1.9]
2026-07-15 18:02 | WARNING  | robot_0 collided with obstacle_3 at state [3.74, 3.2, 2.57]
2026-07-15 18:02 | WARNING  | robot_0 collided with obstacle_4 at state [5.1, 1.73, 0.41]
2026-07-15 18:02 | WARNING  | robot_0 collided with obstacle_4 at state [2.45, 8.37, -1.03]
2026-07-15 18:02 | WARNING  | robot_0 collided with obstacle_4 at state [7.56, 6.06, -3.03]
--------------------------------------------------------------------------------------------
setting actor output action_std to min_action_std :  0.1
--------------------------------------------------------------------------------------------
2026-07-15 18:02 | WARNING  | robot_0 collided with obstacle_5 at state [7.29, 6.24, -1.11]
2026-07-15 18:02 | WARNING  | robot_0 collided with obstacle_2 at state [4.04, 3.19, -0.65]
2026-07-15 18:02 | WARNING  | robot_0 collided with obstacle_1 at state [6.56, 1.87, 0.26]
2026-07-15 18:02 | WARNING  | robot_0 collided with obstacle_1 at state [7.0, 5.67, -0.62]
2026-07-15 18:02 | WARNING  | robot_0 collided with obstacle_6 at state [2.46, 5.71, 0.11]
2026-07-15 18:02 | WARNING  | robot_0 collided with obstacle_5 at state [8.26, 7.18, -1.02]
2026-07-15 18:02 | WARNING  | robot_0 collided with obstacle_7 at state [4.84, 1.07, 0.21]
2026-07-15 18:02 | WARNING  | robot_0 collided with obstacle_1 at state [7.83, 2.3, 2.98]
2026-07-15 18:03 | WARNING  | robot_0 collided with obstacle_3 at state [7.29, 3.43, 2.96]
2026-07-15 18:03 | WARNING  | robot_0 collided with obstacle_3 at state [6.97, 5.81, -2.84]
2026-07-15 18:03 | WARNING  | robot_0 collided with obstacle_7 at state [7.42, 2.8, -2.28]
2026-07-15 18:03 | WARNING  | robot_0 collided with obstacle_1 at state [6.59, 3.19, 0.62]
--------------------------------------------------------------------------------------------
setting actor output action_std to min_action_std :  0.1
--------------------------------------------------------------------------------------------
2026-07-15 18:03 | WARNING  | robot_0 collided with obstacle_1 at state [6.82, 8.96, -0.27]
2026-07-15 18:03 | WARNING  | robot_0 collided with obstacle_7 at state [8.93, 3.79, -1.44]
2026-07-15 18:03 | WARNING  | robot_0 collided with obstacle_2 at state [5.14, 4.36, 0.0]
..............................................
Epoch 13. Evaluating scenarios
2026-07-15 18:03 | WARNING  | robot_0 collided with obstacle_5 at state [3.32, 6.82, 0.56]
Average Reward: 70.0
Average Collision rate: 0.1
Average Goal rate: 0.8
..............................................
2026-07-15 18:04 | WARNING  | robot_0 collided with obstacle_1 at state [3.99, 5.23, 0.0]
2026-07-15 18:04 | WARNING  | robot_0 collided with obstacle_4 at state [4.09, 3.59, 2.04]
2026-07-15 18:04 | WARNING  | robot_0 collided with obstacle_2 at state [3.79, 1.62, 2.89]
2026-07-15 18:04 | WARNING  | robot_0 collided with obstacle_4 at state [6.86, 5.76, -1.2]
2026-07-15 18:05 | WARNING  | robot_0 collided with obstacle_4 at state [4.33, 4.42, -2.83]
--------------------------------------------------------------------------------------------
setting actor output action_std to min_action_std :  0.1
--------------------------------------------------------------------------------------------
2026-07-15 18:05 | WARNING  | robot_0 collided with obstacle_4 at state [1.25, 1.55, 0.07]
2026-07-15 18:05 | WARNING  | robot_0 collided with obstacle_8 at state [0.17, 1.08, 2.11]
2026-07-15 18:06 | WARNING  | robot_0 collided with obstacle_4 at state [5.9, 3.94, -2.26]
2026-07-15 18:06 | WARNING  | robot_0 collided with obstacle_7 at state [2.82, 3.56, -0.16]
2026-07-15 18:06 | WARNING  | robot_0 collided with obstacle_7 at state [6.07, 2.32, -2.37]
2026-07-15 18:06 | WARNING  | robot_0 collided with obstacle_5 at state [6.54, 5.54, -1.51]
--------------------------------------------------------------------------------------------
setting actor output action_std to min_action_std :  0.1
--------------------------------------------------------------------------------------------
2026-07-15 18:06 | WARNING  | robot_0 collided with obstacle_4 at state [4.85, 4.13, 3.08]
2026-07-15 18:06 | WARNING  | robot_0 collided with obstacle_2 at state [6.65, 5.33, -2.69]
2026-07-15 18:06 | WARNING  | robot_0 collided with obstacle_6 at state [2.29, 5.5, -0.88]
2026-07-15 18:06 | WARNING  | robot_0 collided with obstacle_2 at state [7.12, 7.94, 0.04]
2026-07-15 18:07 | WARNING  | robot_0 collided with obstacle_2 at state [5.51, 4.77, -2.04]
--------------------------------------------------------------------------------------------
setting actor output action_std to min_action_std :  0.1
--------------------------------------------------------------------------------------------
2026-07-15 18:07 | WARNING  | robot_0 collided with obstacle_5 at state [7.75, 1.94, -1.32]
2026-07-15 18:07 | WARNING  | robot_0 collided with obstacle_2 at state [6.37, 5.98, -2.21]
2026-07-15 18:08 | WARNING  | robot_0 collided with obstacle_7 at state [1.92, 7.51, -1.71]
..............................................
Epoch 14. Evaluating scenarios
2026-07-15 18:08 | WARNING  | robot_0 collided with obstacle_8 at state [5.99, 0.18, -1.37]
2026-07-15 18:08 | WARNING  | robot_0 collided with obstacle_5 at state [6.73, 4.02, -0.77]
Average Reward: 30.0
Average Collision rate: 0.2
Average Goal rate: 0.5
..............................................
2026-07-15 18:08 | WARNING  | robot_0 collided with obstacle_6 at state [5.62, 3.88, 0.38]
2026-07-15 18:09 | WARNING  | robot_0 collided with obstacle_7 at state [8.57, 2.94, -2.34]
2026-07-15 18:09 | WARNING  | robot_0 collided with obstacle_5 at state [7.63, 3.42, -2.31]
2026-07-15 18:09 | WARNING  | robot_0 collided with obstacle_4 at state [3.9, 3.74, 2.25]
2026-07-15 18:09 | WARNING  | robot_0 collided with obstacle_6 at state [8.25, 6.61, -2.51]
--------------------------------------------------------------------------------------------
setting actor output action_std to min_action_std :  0.1
--------------------------------------------------------------------------------------------
2026-07-15 18:09 | WARNING  | robot_0 collided with obstacle_4 at state [8.7, 7.92, -2.46]
2026-07-15 18:10 | WARNING  | robot_0 collided with obstacle_3 at state [4.85, 4.64, 0.94]
2026-07-15 18:10 | WARNING  | robot_0 collided with obstacle_5 at state [4.27, 2.75, 2.1]
2026-07-15 18:10 | WARNING  | robot_0 collided with obstacle_4 at state [4.98, 7.75, 0.7]
2026-07-15 18:10 | WARNING  | robot_0 collided with obstacle_4 at state [5.93, 6.63, -2.42]
--------------------------------------------------------------------------------------------
setting actor output action_std to min_action_std :  0.1
--------------------------------------------------------------------------------------------
2026-07-15 18:10 | WARNING  | robot_0 collided with obstacle_7 at state [4.11, 3.16, 0.49]
2026-07-15 18:10 | WARNING  | robot_0 collided with obstacle_6 at state [6.84, 5.11, -2.97]
2026-07-15 18:10 | WARNING  | robot_0 collided with obstacle_6 at state [4.51, 6.73, -0.22]
2026-07-15 18:11 | WARNING  | robot_0 collided with obstacle_2 at state [3.98, 1.31, -0.24]
2026-07-15 18:11 | WARNING  | robot_0 collided with obstacle_4 at state [1.53, 7.91, -0.19]
2026-07-15 18:11 | WARNING  | robot_0 collided with obstacle_1 at state [5.9, 4.59, 0.85]
--------------------------------------------------------------------------------------------
setting actor output action_std to min_action_std :  0.1
--------------------------------------------------------------------------------------------
2026-07-15 18:11 | WARNING  | robot_0 collided with obstacle_4 at state [4.98, 3.85, -2.97]
2026-07-15 18:11 | WARNING  | robot_0 collided with obstacle_3 at state [4.88, 7.22, 2.51]
2026-07-15 18:12 | WARNING  | robot_0 collided with obstacle_4 at state [7.01, 5.23, 1.53]
2026-07-15 18:12 | WARNING  | robot_0 collided with obstacle_6 at state [7.23, 7.35, -0.44]
..............................................
Epoch 15. Evaluating scenarios
2026-07-15 18:12 | WARNING  | robot_0 collided with obstacle_7 at state [1.36, 2.82, -0.31]
Average Reward: 50.0
Average Collision rate: 0.1
Average Goal rate: 0.6
..............................................
2026-07-15 18:12 | WARNING  | robot_0 collided with obstacle_7 at state [6.87, 6.98, -1.93]
2026-07-15 18:13 | WARNING  | robot_0 collided with obstacle_1 at state [2.65, 1.83, 0.71]
2026-07-15 18:13 | WARNING  | robot_0 collided with obstacle_1 at state [6.83, 2.68, 2.91]
2026-07-15 18:13 | WARNING  | robot_0 collided with obstacle_2 at state [5.68, 6.88, 2.61]
2026-07-15 18:13 | WARNING  | robot_0 collided with obstacle_3 at state [7.11, 4.29, 1.16]
2026-07-15 18:13 | WARNING  | robot_0 collided with obstacle_5 at state [2.68, 3.72, 0.0]
--------------------------------------------------------------------------------------------
setting actor output action_std to min_action_std :  0.1
--------------------------------------------------------------------------------------------
2026-07-15 18:13 | WARNING  | robot_0 collided with obstacle_2 at state [4.15, 5.61, -1.1]
2026-07-15 18:13 | WARNING  | robot_0 collided with obstacle_7 at state [4.99, 4.38, -0.37]
2026-07-15 18:13 | WARNING  | robot_0 collided with obstacle_2 at state [6.06, 6.24, -0.66]
2026-07-15 18:13 | WARNING  | robot_0 collided with obstacle_7 at state [4.8, 4.21, -3.03]
2026-07-15 18:14 | WARNING  | robot_0 collided with obstacle_5 at state [3.92, 2.44, -0.04]
2026-07-15 18:14 | WARNING  | robot_0 collided with obstacle_4 at state [3.43, 5.96, -1.19]
2026-07-15 18:14 | WARNING  | robot_0 collided with obstacle_1 at state [4.36, 5.21, 3.08]
2026-07-15 18:14 | WARNING  | robot_0 collided with obstacle_4 at state [2.98, 7.88, -0.75]
2026-07-15 18:14 | WARNING  | robot_0 collided with obstacle_5 at state [3.47, 4.77, 1.84]
--------------------------------------------------------------------------------------------
setting actor output action_std to min_action_std :  0.1
--------------------------------------------------------------------------------------------
2026-07-15 18:14 | WARNING  | robot_0 collided with obstacle_1 at state [5.26, 0.41, 3.1]
2026-07-15 18:14 | WARNING  | robot_0 collided with obstacle_6 at state [8.9, 1.34, -2.92]
2026-07-15 18:14 | WARNING  | robot_0 collided with obstacle_2 at state [5.84, 1.77, -2.79]
2026-07-15 18:14 | WARNING  | robot_0 collided with obstacle_7 at state [4.39, 7.33, -1.52]
2026-07-15 18:14 | WARNING  | robot_0 collided with obstacle_1 at state [1.9, 6.55, -0.26]
2026-07-15 18:14 | WARNING  | robot_0 collided with obstacle_5 at state [3.28, 3.03, -2.89]
2026-07-15 18:14 | WARNING  | robot_0 collided with obstacle_2 at state [9.35, 1.61, -1.62]
2026-07-15 18:14 | WARNING  | robot_0 collided with obstacle_2 at state [4.98, 0.32, 3.1]
2026-07-15 18:14 | WARNING  | robot_0 collided with obstacle_2 at state [6.84, 2.6, -1.13]
--------------------------------------------------------------------------------------------
setting actor output action_std to min_action_std :  0.1
--------------------------------------------------------------------------------------------
2026-07-15 18:15 | WARNING  | robot_0 collided with obstacle_6 at state [5.86, 7.91, -0.95]
2026-07-15 18:15 | WARNING  | robot_0 collided with obstacle_5 at state [3.54, 7.41, 0.36]
2026-07-15 18:15 | WARNING  | robot_0 collided with obstacle_1 at state [3.17, 7.65, 0.0]
2026-07-15 18:15 | WARNING  | robot_0 collided with obstacle_4 at state [1.37, 3.23, 2.76]
2026-07-15 18:15 | WARNING  | robot_0 collided with obstacle_7 at state [4.21, 7.29, -0.63]
..............................................
Epoch 16. Evaluating scenarios
2026-07-15 18:15 | WARNING  | robot_0 collided with obstacle_5 at state [7.38, 6.02, -2.23]
2026-07-15 18:15 | WARNING  | robot_0 collided with obstacle_4 at state [7.4, 7.43, -1.12]
2026-07-15 18:15 | WARNING  | robot_0 collided with obstacle_1 at state [3.47, 4.47, -0.13]
2026-07-15 18:15 | WARNING  | robot_0 collided with obstacle_2 at state [5.1, 6.27, -2.38]
Average Reward: 0.0
Average Collision rate: 0.4
Average Goal rate: 0.4
..............................................
2026-07-15 18:16 | WARNING  | robot_0 collided with obstacle_7 at state [8.28, 4.06, -0.22]
2026-07-15 18:16 | WARNING  | robot_0 collided with obstacle_3 at state [8.65, 2.91, -2.56]
2026-07-15 18:16 | WARNING  | robot_0 collided with obstacle_1 at state [6.4, 5.1, 1.82]
2026-07-15 18:16 | WARNING  | robot_0 collided with obstacle_7 at state [7.51, 3.67, -2.37]
2026-07-15 18:16 | WARNING  | robot_0 collided with obstacle_5 at state [2.96, 7.67, -0.09]
2026-07-15 18:16 | WARNING  | robot_0 collided with obstacle_1 at state [2.67, 7.08, 0.91]
2026-07-15 18:16 | WARNING  | robot_0 collided with obstacle_5 at state [5.31, 4.44, -1.97]
2026-07-15 18:16 | WARNING  | robot_0 collided with obstacle_4 at state [5.87, 3.54, 2.05]
2026-07-15 18:16 | WARNING  | robot_0 collided with obstacle_7 at state [4.24, 7.42, 1.01]
--------------------------------------------------------------------------------------------
setting actor output action_std to min_action_std :  0.1
--------------------------------------------------------------------------------------------
2026-07-15 18:16 | WARNING  | robot_0 collided with obstacle_4 at state [4.12, 7.23, -1.01]
2026-07-15 18:17 | WARNING  | robot_0 collided with obstacle_2 at state [7.39, 1.99, 2.72]
2026-07-15 18:17 | WARNING  | robot_0 collided with obstacle_2 at state [8.86, 5.51, -2.0]
2026-07-15 18:17 | WARNING  | robot_0 collided with obstacle_1 at state [6.63, 6.44, 2.68]
2026-07-15 18:17 | WARNING  | robot_0 collided with obstacle_2 at state [1.71, 5.84, -0.29]
2026-07-15 18:17 | WARNING  | robot_0 collided with obstacle_1 at state [7.42, 1.52, 1.46]
2026-07-15 18:17 | WARNING  | robot_0 collided with obstacle_4 at state [6.57, 3.02, 1.9]
--------------------------------------------------------------------------------------------
setting actor output action_std to min_action_std :  0.1
--------------------------------------------------------------------------------------------
2026-07-15 18:17 | WARNING  | robot_0 collided with obstacle_3 at state [5.55, 8.51, 0.07]
2026-07-15 18:17 | WARNING  | robot_0 collided with obstacle_2 at state [5.94, 1.21, -2.99]
2026-07-15 18:17 | WARNING  | robot_0 collided with obstacle_5 at state [3.67, 6.26, -0.48]
2026-07-15 18:18 | WARNING  | robot_0 collided with obstacle_2 at state [7.62, 7.47, -0.14]
2026-07-15 18:18 | WARNING  | robot_0 collided with obstacle_5 at state [3.51, 1.1, 0.0]
2026-07-15 18:18 | WARNING  | robot_0 collided with obstacle_4 at state [4.19, 4.56, -1.72]
2026-07-15 18:18 | WARNING  | robot_0 collided with obstacle_2 at state [7.17, 2.84, 3.11]
2026-07-15 18:18 | WARNING  | robot_0 collided with obstacle_1 at state [3.81, 1.91, 0.29]
--------------------------------------------------------------------------------------------
setting actor output action_std to min_action_std :  0.1
--------------------------------------------------------------------------------------------
2026-07-15 18:18 | WARNING  | robot_0 collided with obstacle_4 at state [2.88, 2.26, 0.52]
2026-07-15 18:18 | WARNING  | robot_0 collided with obstacle_7 at state [4.9, 5.76, 0.2]
2026-07-15 18:18 | WARNING  | robot_0 collided with obstacle_6 at state [5.24, 3.56, 1.71]
..............................................
Epoch 17. Evaluating scenarios
2026-07-15 18:18 | WARNING  | robot_0 collided with obstacle_7 at state [5.91, 3.66, 2.67]
2026-07-15 18:18 | WARNING  | robot_0 collided with obstacle_6 at state [6.48, 0.97, 2.44]
2026-07-15 18:18 | WARNING  | robot_0 collided with obstacle_1 at state [3.99, 2.95, 2.92]
2026-07-15 18:19 | WARNING  | robot_0 collided with obstacle_6 at state [2.78, 6.43, 2.43]
2026-07-15 18:19 | WARNING  | robot_0 collided with obstacle_5 at state [4.65, 9.64, 0.49]
2026-07-15 18:19 | WARNING  | robot_0 collided with obstacle_7 at state [2.18, 5.51, -0.13]
2026-07-15 18:19 | WARNING  | robot_0 collided with obstacle_7 at state [7.02, 7.09, -0.08]
Average Reward: -50.0
Average Collision rate: 0.7
Average Goal rate: 0.2
..............................................
2026-07-15 18:19 | WARNING  | robot_0 collided with obstacle_5 at state [4.53, 6.4, 0.87]
2026-07-15 18:19 | WARNING  | robot_0 collided with obstacle_7 at state [4.03, 4.04, 2.02]
2026-07-15 18:19 | WARNING  | robot_0 collided with obstacle_1 at state [3.54, 3.31, -0.29]
2026-07-15 18:20 | WARNING  | robot_0 collided with obstacle_1 at state [5.96, 1.93, 2.29]
2026-07-15 18:20 | WARNING  | robot_0 collided with obstacle_4 at state [4.2, 5.83, -1.2]
--------------------------------------------------------------------------------------------
setting actor output action_std to min_action_std :  0.1
--------------------------------------------------------------------------------------------
2026-07-15 18:20 | WARNING  | robot_0 collided with obstacle_3 at state [5.32, 4.92, -2.43]
2026-07-15 18:20 | WARNING  | robot_0 collided with obstacle_6 at state [3.57, 7.9, 0.31]
2026-07-15 18:20 | WARNING  | robot_0 collided with obstacle_5 at state [7.15, 5.31, 0.48]
2026-07-15 18:20 | WARNING  | robot_0 collided with obstacle_6 at state [3.87, 1.03, -0.03]
2026-07-15 18:20 | WARNING  | robot_0 collided with obstacle_3 at state [3.12, 5.63, -0.02]
2026-07-15 18:20 | WARNING  | robot_0 collided with obstacle_7 at state [7.21, 4.44, -2.36]
2026-07-15 18:20 | WARNING  | robot_0 collided with obstacle_5 at state [6.63, 8.06, -0.82]
2026-07-15 18:21 | WARNING  | robot_0 collided with obstacle_5 at state [8.61, 5.46, 1.25]
2026-07-15 18:21 | WARNING  | robot_0 collided with obstacle_4 at state [4.91, 4.45, -0.71]
--------------------------------------------------------------------------------------------
setting actor output action_std to min_action_std :  0.1
--------------------------------------------------------------------------------------------
2026-07-15 18:21 | WARNING  | robot_0 collided with obstacle_4 at state [4.03, 5.09, -2.06]
2026-07-15 18:21 | WARNING  | robot_0 collided with obstacle_1 at state [4.49, 5.85, 2.55]
2026-07-15 18:21 | WARNING  | robot_0 collided with obstacle_1 at state [2.91, 5.44, -0.09]
2026-07-15 18:22 | WARNING  | robot_0 collided with obstacle_7 at state [3.41, 4.82, 1.79]
2026-07-15 18:22 | WARNING  | robot_0 collided with obstacle_4 at state [7.49, 2.31, 1.78]
2026-07-15 18:22 | WARNING  | robot_0 collided with obstacle_1 at state [3.73, 2.37, 3.1]
2026-07-15 18:22 | WARNING  | robot_0 collided with obstacle_4 at state [4.56, 6.24, -1.61]
--------------------------------------------------------------------------------------------
setting actor output action_std to min_action_std :  0.1
--------------------------------------------------------------------------------------------
2026-07-15 18:22 | WARNING  | robot_0 collided with obstacle_6 at state [3.85, 3.89, -2.45]
2026-07-15 18:22 | WARNING  | robot_0 collided with obstacle_2 at state [5.45, 6.31, -2.44]
2026-07-15 18:22 | WARNING  | robot_0 collided with obstacle_3 at state [6.67, 5.47, -1.84]
..............................................
Epoch 18. Evaluating scenarios
2026-07-15 18:23 | WARNING  | robot_0 collided with obstacle_1 at state [2.83, 6.45, 1.03]
2026-07-15 18:23 | WARNING  | robot_0 collided with obstacle_1 at state [4.93, 6.96, -1.58]
2026-07-15 18:23 | WARNING  | robot_0 collided with obstacle_7 at state [3.78, 5.57, 1.25]
Average Reward: 30.0
Average Collision rate: 0.3
Average Goal rate: 0.6
..............................................
2026-07-15 18:23 | WARNING  | robot_0 collided with obstacle_7 at state [5.02, 5.52, 0.63]
2026-07-15 18:23 | WARNING  | robot_0 collided with obstacle_3 at state [8.71, 6.66, -1.83]
2026-07-15 18:23 | WARNING  | robot_0 collided with obstacle_6 at state [4.43, 3.68, 2.84]
2026-07-15 18:23 | WARNING  | robot_0 collided with obstacle_1 at state [4.9, 2.86, 0.18]
2026-07-15 18:24 | WARNING  | robot_0 collided with obstacle_2 at state [6.13, 2.2, 2.88]
2026-07-15 18:24 | WARNING  | robot_0 collided with obstacle_6 at state [1.31, 1.21, 1.71]
2026-07-15 18:24 | WARNING  | robot_0 collided with obstacle_3 at state [3.44, 5.83, 0.58]
--------------------------------------------------------------------------------------------
setting actor output action_std to min_action_std :  0.1
--------------------------------------------------------------------------------------------
2026-07-15 18:24 | WARNING  | robot_0 collided with obstacle_4 at state [5.21, 4.73, -2.73]
2026-07-15 18:24 | WARNING  | robot_0 collided with obstacle_5 at state [6.06, 2.13, -2.57]
2026-07-15 18:24 | WARNING  | robot_0 collided with obstacle_4 at state [4.7, 4.55, -1.83]
2026-07-15 18:24 | WARNING  | robot_0 collided with obstacle_4 at state [4.07, 0.92, 2.74]
2026-07-15 18:24 | WARNING  | robot_0 collided with obstacle_2 at state [7.03, 5.59, -0.9]
2026-07-15 18:24 | WARNING  | robot_0 collided with obstacle_4 at state [4.7, 8.05, -0.14]
2026-07-15 18:24 | WARNING  | robot_0 collided with obstacle_2 at state [4.31, 2.2, -0.43]
2026-07-15 18:24 | WARNING  | robot_0 collided with obstacle_3 at state [2.0, 4.56, 2.81]
2026-07-15 18:24 | WARNING  | robot_0 collided with obstacle_2 at state [2.46, 5.38, -0.85]
2026-07-15 18:24 | WARNING  | robot_0 collided with obstacle_4 at state [3.3, 7.59, -1.48]
--------------------------------------------------------------------------------------------
setting actor output action_std to min_action_std :  0.1
--------------------------------------------------------------------------------------------
2026-07-15 18:25 | WARNING  | robot_0 collided with obstacle_1 at state [3.17, 6.76, 1.56]
2026-07-15 18:25 | WARNING  | robot_0 collided with obstacle_2 at state [6.58, 7.15, -1.09]
2026-07-15 18:25 | WARNING  | robot_0 collided with obstacle_2 at state [4.41, 6.75, -1.58]
2026-07-15 18:25 | WARNING  | robot_0 collided with obstacle_2 at state [3.69, 5.72, -0.86]
--------------------------------------------------------------------------------------------
setting actor output action_std to min_action_std :  0.1
--------------------------------------------------------------------------------------------
2026-07-15 18:25 | WARNING  | robot_0 collided with obstacle_8 at state [9.2, 0.19, -1.29]
2026-07-15 18:25 | WARNING  | robot_0 collided with obstacle_7 at state [8.26, 8.68, -0.43]
2026-07-15 18:25 | WARNING  | robot_0 collided with obstacle_2 at state [4.16, 7.6, -0.93]
2026-07-15 18:26 | WARNING  | robot_0 collided with obstacle_6 at state [8.69, 8.26, -2.89]
2026-07-15 18:26 | WARNING  | robot_0 collided with obstacle_3 at state [6.9, 5.1, 2.32]
..............................................
Epoch 19. Evaluating scenarios
2026-07-15 18:26 | WARNING  | robot_0 collided with obstacle_5 at state [8.03, 0.75, -2.55]
2026-07-15 18:26 | WARNING  | robot_0 collided with obstacle_3 at state [8.02, 2.23, 2.66]
2026-07-15 18:26 | WARNING  | robot_0 collided with obstacle_6 at state [6.64, 4.66, -1.14]
2026-07-15 18:26 | WARNING  | robot_0 collided with obstacle_7 at state [5.32, 6.09, -0.02]
2026-07-15 18:26 | WARNING  | robot_0 collided with obstacle_5 at state [4.1, 1.29, 0.1]
Average Reward: -30.0
Average Collision rate: 0.5
Average Goal rate: 0.2
..............................................
2026-07-15 18:26 | WARNING  | robot_0 collided with obstacle_4 at state [4.41, 3.55, 2.89]
2026-07-15 18:26 | WARNING  | robot_0 collided with obstacle_3 at state [3.31, 2.0, 1.01]
2026-07-15 18:26 | WARNING  | robot_0 collided with obstacle_5 at state [6.28, 5.1, -2.06]
2026-07-15 18:26 | WARNING  | robot_0 collided with obstacle_2 at state [5.16, 3.74, -0.1]
2026-07-15 18:26 | WARNING  | robot_0 collided with obstacle_1 at state [5.09, 5.1, -1.73]
2026-07-15 18:26 | WARNING  | robot_0 collided with obstacle_4 at state [8.11, 3.12, 2.13]
2026-07-15 18:26 | WARNING  | robot_0 collided with obstacle_7 at state [7.81, 2.6, -0.13]
2026-07-15 18:26 | WARNING  | robot_0 collided with obstacle_3 at state [5.97, 2.38, 2.96]
2026-07-15 18:26 | WARNING  | robot_0 collided with obstacle_5 at state [8.37, 2.59, -1.69]
2026-07-15 18:27 | WARNING  | robot_0 collided with obstacle_1 at state [4.22, 1.81, -1.9]
2026-07-15 18:27 | WARNING  | robot_0 collided with obstacle_1 at state [7.41, 5.69, -1.45]
--------------------------------------------------------------------------------------------
setting actor output action_std to min_action_std :  0.1
--------------------------------------------------------------------------------------------
2026-07-15 18:27 | WARNING  | robot_0 collided with obstacle_4 at state [5.16, 4.75, 0.26]
2026-07-15 18:27 | WARNING  | robot_0 collided with obstacle_3 at state [2.58, 2.42, -0.46]
2026-07-15 18:27 | WARNING  | robot_0 collided with obstacle_3 at state [6.3, 5.39, -2.19]
2026-07-15 18:27 | WARNING  | robot_0 collided with obstacle_1 at state [7.99, 3.02, 2.25]
2026-07-15 18:27 | WARNING  | robot_0 collided with obstacle_2 at state [3.63, 6.42, 2.27]
2026-07-15 18:27 | WARNING  | robot_0 collided with obstacle_7 at state [4.51, 5.5, 0.04]
2026-07-15 18:27 | WARNING  | robot_0 collided with obstacle_4 at state [7.23, 8.38, 0.0]
2026-07-15 18:27 | WARNING  | robot_0 collided with obstacle_6 at state [3.36, 5.42, 0.8]
--------------------------------------------------------------------------------------------
setting actor output action_std to min_action_std :  0.1
--------------------------------------------------------------------------------------------
2026-07-15 18:28 | WARNING  | robot_0 collided with obstacle_6 at state [4.67, 3.45, 2.24]
2026-07-15 18:28 | WARNING  | robot_0 collided with obstacle_3 at state [7.29, 0.92, 2.93]
2026-07-15 18:28 | WARNING  | robot_0 collided with obstacle_6 at state [7.72, 4.56, -1.9]
2026-07-15 18:28 | WARNING  | robot_0 collided with obstacle_6 at state [1.95, 8.28, 0.14]
2026-07-15 18:28 | WARNING  | robot_0 collided with obstacle_7 at state [4.47, 4.54, 0.78]
2026-07-15 18:28 | WARNING  | robot_0 collided with obstacle_2 at state [6.6, 6.46, -3.07]
--------------------------------------------------------------------------------------------
setting actor output action_std to min_action_std :  0.1
--------------------------------------------------------------------------------------------
2026-07-15 18:29 | WARNING  | robot_0 collided with obstacle_2 at state [3.67, 4.4, 0.09]
2026-07-15 18:29 | WARNING  | robot_0 collided with obstacle_6 at state [6.08, 5.9, -1.26]
..............................................
Epoch 20. Evaluating scenarios
2026-07-15 18:29 | WARNING  | robot_0 collided with obstacle_3 at state [6.59, 7.62, 0.0]
Average Reward: 60.0
Average Collision rate: 0.1
Average Goal rate: 0.7
..............................................
2026-07-15 18:30 | WARNING  | robot_0 collided with obstacle_3 at state [2.75, 2.79, 2.98]
2026-07-15 18:30 | WARNING  | robot_0 collided with obstacle_1 at state [8.04, 6.79, -1.11]
2026-07-15 18:30 | WARNING  | robot_0 collided with obstacle_3 at state [2.95, 6.81, 0.25]
2026-07-15 18:30 | WARNING  | robot_0 collided with obstacle_4 at state [2.74, 4.6, -0.39]
2026-07-15 18:30 | WARNING  | robot_0 collided with obstacle_2 at state [5.96, 5.55, -0.37]
2026-07-15 18:30 | WARNING  | robot_0 collided with obstacle_2 at state [7.96, 7.87, 3.09]
2026-07-15 18:30 | WARNING  | robot_0 collided with obstacle_7 at state [8.55, 4.43, -1.88]
2026-07-15 18:30 | WARNING  | robot_0 collided with obstacle_1 at state [6.43, 5.3, 0.69]
2026-07-15 18:30 | WARNING  | robot_0 collided with obstacle_6 at state [5.31, 1.33, -0.85]
2026-07-15 18:30 | WARNING  | robot_0 collided with obstacle_7 at state [1.51, 2.3, 0.06]
--------------------------------------------------------------------------------------------
setting actor output action_std to min_action_std :  0.1
--------------------------------------------------------------------------------------------
2026-07-15 18:30 | WARNING  | robot_0 collided with obstacle_2 at state [5.37, 2.42, 1.28]
2026-07-15 18:31 | WARNING  | robot_0 collided with obstacle_1 at state [5.91, 4.98, -1.99]
2026-07-15 18:31 | WARNING  | robot_0 collided with obstacle_6 at state [7.13, 7.63, 0.49]
2026-07-15 18:31 | WARNING  | robot_0 collided with obstacle_4 at state [6.31, 6.51, -3.04]
2026-07-15 18:31 | WARNING  | robot_0 collided with obstacle_3 at state [2.72, 2.01, -0.39]
2026-07-15 18:31 | WARNING  | robot_0 collided with obstacle_1 at state [2.53, 5.78, 1.44]
2026-07-15 18:31 | WARNING  | robot_0 collided with obstacle_4 at state [6.15, 5.56, 0.69]
--------------------------------------------------------------------------------------------
setting actor output action_std to min_action_std :  0.1
--------------------------------------------------------------------------------------------
2026-07-15 18:31 | WARNING  | robot_0 collided with obstacle_4 at state [5.42, 3.08, 1.83]
2026-07-15 18:32 | WARNING  | robot_0 collided with obstacle_5 at state [2.72, 4.64, -0.97]
2026-07-15 18:32 | WARNING  | robot_0 collided with obstacle_2 at state [7.65, 6.03, -0.3]
2026-07-15 18:32 | WARNING  | robot_0 collided with obstacle_4 at state [7.47, 3.87, -2.84]
2026-07-15 18:32 | WARNING  | robot_0 collided with obstacle_2 at state [3.16, 1.03, 0.08]
2026-07-15 18:32 | WARNING  | robot_0 collided with obstacle_7 at state [4.31, 6.43, 1.91]
2026-07-15 18:32 | WARNING  | robot_0 collided with obstacle_4 at state [6.27, 4.5, 2.68]
2026-07-15 18:32 | WARNING  | robot_0 collided with obstacle_7 at state [2.8, 4.14, 1.7]
--------------------------------------------------------------------------------------------
setting actor output action_std to min_action_std :  0.1
--------------------------------------------------------------------------------------------
2026-07-15 18:32 | WARNING  | robot_0 collided with obstacle_6 at state [4.77, 8.01, 0.31]
..............................................
Epoch 21. Evaluating scenarios
2026-07-15 18:32 | WARNING  | robot_0 collided with obstacle_3 at state [6.32, 7.59, 2.31]
2026-07-15 18:33 | WARNING  | robot_0 collided with obstacle_2 at state [1.77, 2.24, 2.03]
2026-07-15 18:33 | WARNING  | robot_0 collided with obstacle_5 at state [6.26, 2.67, -0.64]
2026-07-15 18:33 | WARNING  | robot_0 collided with obstacle_3 at state [6.01, 5.4, 1.64]
2026-07-15 18:33 | WARNING  | robot_0 collided with obstacle_7 at state [4.49, 7.07, 0.13]
2026-07-15 18:33 | WARNING  | robot_0 collided with obstacle_1 at state [3.64, 3.53, 2.93]
Average Reward: -20.0
Average Collision rate: 0.6
Average Goal rate: 0.4
..............................................
2026-07-15 18:33 | WARNING  | robot_0 collided with obstacle_5 at state [7.85, 3.92, 2.18]
2026-07-15 18:33 | WARNING  | robot_0 collided with obstacle_6 at state [3.08, 3.33, -0.06]
2026-07-15 18:33 | WARNING  | robot_0 collided with obstacle_1 at state [3.35, 3.55, 1.06]
2026-07-15 18:33 | WARNING  | robot_0 collided with obstacle_2 at state [2.71, 6.86, 0.31]
2026-07-15 18:33 | WARNING  | robot_0 collided with obstacle_1 at state [7.89, 7.84, -1.24]
2026-07-15 18:33 | WARNING  | robot_0 collided with obstacle_1 at state [3.46, 4.64, -0.31]
2026-07-15 18:33 | WARNING  | robot_0 collided with obstacle_3 at state [3.4, 6.56, 1.44]
2026-07-15 18:33 | WARNING  | robot_0 collided with obstacle_1 at state [4.97, 9.34, -0.38]
--------------------------------------------------------------------------------------------
setting actor output action_std to min_action_std :  0.1
--------------------------------------------------------------------------------------------
2026-07-15 18:34 | WARNING  | robot_0 collided with obstacle_2 at state [2.64, 2.92, 2.58]
2026-07-15 18:34 | WARNING  | robot_0 collided with obstacle_7 at state [8.16, 6.44, -2.51]
2026-07-15 18:34 | WARNING  | robot_0 collided with obstacle_4 at state [3.5, 1.68, 0.54]
2026-07-15 18:34 | WARNING  | robot_0 collided with obstacle_4 at state [3.07, 6.06, 2.17]
2026-07-15 18:34 | WARNING  | robot_0 collided with obstacle_3 at state [2.48, 1.45, -2.93]
2026-07-15 18:34 | WARNING  | robot_0 collided with obstacle_6 at state [4.34, 1.57, 2.62]
2026-07-15 18:34 | WARNING  | robot_0 collided with obstacle_4 at state [3.13, 2.63, -1.09]
2026-07-15 18:34 | WARNING  | robot_0 collided with obstacle_2 at state [5.83, 3.7, -0.64]
2026-07-15 18:34 | WARNING  | robot_0 collided with obstacle_5 at state [2.15, 6.48, -1.03]
--------------------------------------------------------------------------------------------
setting actor output action_std to min_action_std :  0.1
--------------------------------------------------------------------------------------------
2026-07-15 18:34 | WARNING  | robot_0 collided with obstacle_4 at state [2.84, 6.71, -0.82]
2026-07-15 18:34 | WARNING  | robot_0 collided with obstacle_4 at state [5.01, 2.94, -1.42]
2026-07-15 18:34 | WARNING  | robot_0 collided with obstacle_1 at state [9.06, 2.82, -2.22]
2026-07-15 18:35 | WARNING  | robot_0 collided with obstacle_3 at state [2.94, 6.92, 2.5]
2026-07-15 18:35 | WARNING  | robot_0 collided with obstacle_5 at state [2.78, 7.13, 0.61]
2026-07-15 18:35 | WARNING  | robot_0 collided with obstacle_2 at state [6.08, 5.59, -3.1]
2026-07-15 18:35 | WARNING  | robot_0 collided with obstacle_1 at state [4.29, 6.23, 0.84]
2026-07-15 18:35 | WARNING  | robot_0 collided with obstacle_7 at state [3.85, 1.4, 0.13]
--------------------------------------------------------------------------------------------
setting actor output action_std to min_action_std :  0.1
--------------------------------------------------------------------------------------------
2026-07-15 18:35 | WARNING  | robot_0 collided with obstacle_4 at state [5.86, 6.28, -0.5]
2026-07-15 18:35 | WARNING  | robot_0 collided with obstacle_7 at state [5.88, 3.29, 2.68]
..............................................
Epoch 22. Evaluating scenarios
2026-07-15 18:36 | WARNING  | robot_0 collided with obstacle_3 at state [5.25, 6.91, 0.97]
2026-07-15 18:36 | WARNING  | robot_0 collided with obstacle_2 at state [5.56, 4.47, -1.35]
2026-07-15 18:36 | WARNING  | robot_0 collided with obstacle_7 at state [4.46, 4.17, -0.18]
Average Reward: 20.0
Average Collision rate: 0.3
Average Goal rate: 0.5
..............................................
2026-07-15 18:36 | WARNING  | robot_0 collided with obstacle_3 at state [8.0, 3.33, -1.41]
2026-07-15 18:36 | WARNING  | robot_0 collided with obstacle_5 at state [4.27, 2.16, 0.35]
2026-07-15 18:36 | WARNING  | robot_0 collided with obstacle_4 at state [4.27, 2.16, 0.35]
2026-07-15 18:36 | WARNING  | robot_0 collided with obstacle_3 at state [4.23, 7.94, -0.47]
2026-07-15 18:37 | WARNING  | robot_0 collided with obstacle_1 at state [5.84, 4.73, -0.51]
2026-07-15 18:37 | WARNING  | robot_0 collided with obstacle_4 at state [6.08, 6.48, -1.3]
--------------------------------------------------------------------------------------------
setting actor output action_std to min_action_std :  0.1
--------------------------------------------------------------------------------------------
2026-07-15 18:37 | WARNING  | robot_0 collided with obstacle_1 at state [2.09, 5.38, -2.14]
2026-07-15 18:37 | WARNING  | robot_0 collided with obstacle_4 at state [6.96, 3.09, 1.76]
2026-07-15 18:37 | WARNING  | robot_0 collided with obstacle_1 at state [4.54, 6.0, 0.47]
2026-07-15 18:38 | WARNING  | robot_0 collided with obstacle_5 at state [4.85, 8.6, 0.37]
2026-07-15 18:38 | WARNING  | robot_0 collided with obstacle_6 at state [7.51, 1.26, 2.0]
2026-07-15 18:38 | WARNING  | robot_0 collided with obstacle_6 at state [3.58, 5.46, -0.07]
2026-07-15 18:38 | WARNING  | robot_0 collided with obstacle_3 at state [1.11, 8.31, 0.09]
2026-07-15 18:38 | WARNING  | robot_0 collided with obstacle_7 at state [2.17, 2.11, -0.37]
--------------------------------------------------------------------------------------------
setting actor output action_std to min_action_std :  0.1
--------------------------------------------------------------------------------------------
2026-07-15 18:38 | WARNING  | robot_0 collided with obstacle_2 at state [6.6, 2.21, -0.31]
2026-07-15 18:38 | WARNING  | robot_0 collided with obstacle_7 at state [5.28, 7.81, -0.29]
2026-07-15 18:38 | WARNING  | robot_0 collided with obstacle_4 at state [3.94, 5.6, -1.3]
2026-07-15 18:38 | WARNING  | robot_0 collided with obstacle_1 at state [7.61, 7.86, 2.89]
2026-07-15 18:38 | WARNING  | robot_0 collided with obstacle_3 at state [6.32, 7.6, -0.81]
2026-07-15 18:38 | WARNING  | robot_0 collided with obstacle_5 at state [3.0, 5.8, 0.02]
2026-07-15 18:38 | WARNING  | robot_0 collided with obstacle_3 at state [4.5, 7.78, 2.74]
2026-07-15 18:38 | WARNING  | robot_0 collided with obstacle_1 at state [4.43, 2.03, -2.53]
2026-07-15 18:38 | WARNING  | robot_0 collided with obstacle_6 at state [7.82, 7.42, -1.03]
--------------------------------------------------------------------------------------------
setting actor output action_std to min_action_std :  0.1
--------------------------------------------------------------------------------------------
2026-07-15 18:39 | WARNING  | robot_0 collided with obstacle_4 at state [7.23, 6.93, -2.04]
2026-07-15 18:39 | WARNING  | robot_0 collided with obstacle_3 at state [3.77, 4.44, 1.97]
2026-07-15 18:39 | WARNING  | robot_0 collided with obstacle_5 at state [4.85, 6.4, -1.33]
..............................................
Epoch 23. Evaluating scenarios
2026-07-15 18:39 | WARNING  | robot_0 collided with obstacle_2 at state [4.41, 4.33, -3.01]
2026-07-15 18:39 | WARNING  | robot_0 collided with obstacle_6 at state [4.45, 2.1, 0.08]
2026-07-15 18:39 | WARNING  | robot_0 collided with obstacle_4 at state [4.18, 5.69, -3.01]
2026-07-15 18:39 | WARNING  | robot_0 collided with obstacle_4 at state [7.14, 5.89, -2.53]
Average Reward: 0.0
Average Collision rate: 0.4
Average Goal rate: 0.4
..............................................
2026-07-15 18:39 | WARNING  | robot_0 collided with obstacle_7 at state [3.59, 7.58, 0.45]
2026-07-15 18:39 | WARNING  | robot_0 collided with obstacle_7 at state [5.85, 5.13, -1.25]
2026-07-15 18:40 | WARNING  | robot_0 collided with obstacle_7 at state [6.57, 4.03, 1.92]
2026-07-15 18:40 | WARNING  | robot_0 collided with obstacle_7 at state [5.76, 1.82, 3.07]
2026-07-15 18:40 | WARNING  | robot_0 collided with obstacle_1 at state [4.64, 5.06, 1.47]
2026-07-15 18:40 | WARNING  | robot_0 collided with obstacle_4 at state [6.3, 4.52, -0.81]
2026-07-15 18:40 | WARNING  | robot_0 collided with obstacle_5 at state [7.77, 1.32, 0.09]
--------------------------------------------------------------------------------------------
setting actor output action_std to min_action_std :  0.1
--------------------------------------------------------------------------------------------
2026-07-15 18:40 | WARNING  | robot_0 collided with obstacle_2 at state [7.45, 0.65, 2.35]
2026-07-15 18:40 | WARNING  | robot_0 collided with obstacle_3 at state [2.87, 6.13, -2.19]
2026-07-15 18:41 | WARNING  | robot_0 collided with obstacle_7 at state [5.33, 6.15, 0.48]
2026-07-15 18:41 | WARNING  | robot_0 collided with obstacle_3 at state [2.74, 7.46, -1.36]
2026-07-15 18:41 | WARNING  | robot_0 collided with obstacle_7 at state [4.24, 7.88, 0.53]
2026-07-15 18:41 | WARNING  | robot_0 collided with obstacle_7 at state [3.79, 4.77, 1.99]
2026-07-15 18:41 | WARNING  | robot_0 collided with obstacle_4 at state [4.18, 4.35, -1.59]
2026-07-15 18:41 | WARNING  | robot_0 collided with obstacle_3 at state [7.3, 1.76, -2.79]
--------------------------------------------------------------------------------------------
setting actor output action_std to min_action_std :  0.1
--------------------------------------------------------------------------------------------
2026-07-15 18:41 | WARNING  | robot_0 collided with obstacle_4 at state [8.35, 1.55, -0.03]
2026-07-15 18:41 | WARNING  | robot_0 collided with obstacle_6 at state [5.07, 2.25, -0.02]
2026-07-15 18:41 | WARNING  | robot_0 collided with obstacle_5 at state [9.37, 7.39, -0.66]
2026-07-15 18:41 | WARNING  | robot_0 collided with obstacle_4 at state [1.23, 4.73, 0.06]
2026-07-15 18:42 | WARNING  | robot_0 collided with obstacle_1 at state [4.22, 4.86, -3.0]
2026-07-15 18:42 | WARNING  | robot_0 collided with obstacle_7 at state [8.97, 3.44, 1.73]
2026-07-15 18:42 | WARNING  | robot_0 collided with obstacle_4 at state [4.91, 3.95, 2.69]
2026-07-15 18:42 | WARNING  | robot_0 collided with obstacle_6 at state [5.13, 2.0, -0.28]
2026-07-15 18:42 | WARNING  | robot_0 collided with obstacle_6 at state [8.09, 7.55, -1.08]
2026-07-15 18:42 | WARNING  | robot_0 collided with obstacle_7 at state [5.64, 3.31, -2.42]
--------------------------------------------------------------------------------------------
setting actor output action_std to min_action_std :  0.1
--------------------------------------------------------------------------------------------
2026-07-15 18:42 | WARNING  | robot_0 collided with obstacle_5 at state [2.76, 4.41, 0.96]
2026-07-15 18:42 | WARNING  | robot_0 collided with obstacle_5 at state [3.93, 2.33, -0.11]
2026-07-15 18:42 | WARNING  | robot_0 collided with obstacle_1 at state [7.15, 7.64, -0.45]
..............................................
Epoch 24. Evaluating scenarios
2026-07-15 18:42 | WARNING  | robot_0 collided with obstacle_3 at state [4.43, 2.38, -2.73]
2026-07-15 18:42 | WARNING  | robot_0 collided with obstacle_5 at state [5.26, 2.66, 0.89]
2026-07-15 18:42 | WARNING  | robot_0 collided with obstacle_1 at state [7.55, 7.51, 0.02]
2026-07-15 18:43 | WARNING  | robot_0 collided with obstacle_2 at state [1.55, 2.63, -0.44]
Average Reward: 10.0
Average Collision rate: 0.4
Average Goal rate: 0.5
..............................................
2026-07-15 18:43 | WARNING  | robot_0 collided with obstacle_1 at state [3.14, 2.12, -0.15]
2026-07-15 18:43 | WARNING  | robot_0 collided with obstacle_2 at state [4.15, 3.73, -2.63]
2026-07-15 18:43 | WARNING  | robot_0 collided with obstacle_2 at state [1.49, 1.01, -0.04]
2026-07-15 18:43 | WARNING  | robot_0 collided with obstacle_7 at state [3.0, 3.94, -1.29]
--------------------------------------------------------------------------------------------
setting actor output action_std to min_action_std :  0.1
--------------------------------------------------------------------------------------------
2026-07-15 18:44 | WARNING  | robot_0 collided with obstacle_3 at state [3.09, 5.48, -0.08]
2026-07-15 18:44 | WARNING  | robot_0 collided with obstacle_2 at state [3.32, 4.58, -1.37]
2026-07-15 18:44 | WARNING  | robot_0 collided with obstacle_4 at state [5.12, 4.24, 2.34]
2026-07-15 18:44 | WARNING  | robot_0 collided with obstacle_2 at state [4.18, 6.02, -0.57]
2026-07-15 18:44 | WARNING  | robot_0 collided with obstacle_4 at state [8.56, 3.0, -3.09]
2026-07-15 18:44 | WARNING  | robot_0 collided with obstacle_3 at state [9.23, 3.88, -0.75]
2026-07-15 18:44 | WARNING  | robot_0 collided with obstacle_2 at state [8.07, 2.71, 3.12]
--------------------------------------------------------------------------------------------
setting actor output action_std to min_action_std :  0.1
--------------------------------------------------------------------------------------------
2026-07-15 18:45 | WARNING  | robot_0 collided with obstacle_3 at state [5.79, 3.41, 2.25]
2026-07-15 18:45 | WARNING  | robot_0 collided with obstacle_6 at state [5.48, 2.84, -2.06]
2026-07-15 18:45 | WARNING  | robot_0 collided with obstacle_3 at state [5.76, 4.84, -0.16]
2026-07-15 18:45 | WARNING  | robot_0 collided with obstacle_2 at state [7.39, 3.27, 1.87]
--------------------------------------------------------------------------------------------
setting actor output action_std to min_action_std :  0.1
--------------------------------------------------------------------------------------------
2026-07-15 18:45 | WARNING  | robot_0 collided with obstacle_4 at state [6.41, 7.13, -2.08]
2026-07-15 18:45 | WARNING  | robot_0 collided with obstacle_4 at state [5.05, 8.88, -0.01]
2026-07-15 18:45 | WARNING  | robot_0 collided with obstacle_1 at state [8.31, 3.86, 1.11]
2026-07-15 18:46 | WARNING  | robot_0 collided with obstacle_7 at state [7.64, 4.43, 2.67]
..............................................
Epoch 25. Evaluating scenarios
2026-07-15 18:46 | WARNING  | robot_0 collided with obstacle_5 at state [4.81, 2.64, 0.43]
2026-07-15 18:46 | WARNING  | robot_0 collided with obstacle_6 at state [7.49, 4.9, 0.63]
2026-07-15 18:46 | WARNING  | robot_0 collided with obstacle_5 at state [6.29, 4.56, -2.62]
2026-07-15 18:46 | WARNING  | robot_0 collided with obstacle_7 at state [4.93, 4.97, -1.74]
2026-07-15 18:46 | WARNING  | robot_0 collided with obstacle_4 at state [4.03, 3.89, 2.34]
Average Reward: -10.0
Average Collision rate: 0.5
Average Goal rate: 0.4
..............................................
2026-07-15 18:46 | WARNING  | robot_0 collided with obstacle_4 at state [5.06, 4.53, -1.69]
2026-07-15 18:46 | WARNING  | robot_0 collided with obstacle_5 at state [6.75, 7.37, -0.28]
2026-07-15 18:46 | WARNING  | robot_0 collided with obstacle_3 at state [1.86, 6.42, 1.13]
2026-07-15 18:46 | WARNING  | robot_0 collided with obstacle_2 at state [3.09, 3.76, -1.7]
2026-07-15 18:46 | WARNING  | robot_0 collided with obstacle_7 at state [3.91, 7.23, 0.82]
2026-07-15 18:47 | WARNING  | robot_0 collided with obstacle_1 at state [4.58, 3.54, 1.51]
--------------------------------------------------------------------------------------------
setting actor output action_std to min_action_std :  0.1
--------------------------------------------------------------------------------------------
2026-07-15 18:47 | WARNING  | robot_0 collided with obstacle_2 at state [4.92, 6.22, -1.86]
2026-07-15 18:47 | WARNING  | robot_0 collided with obstacle_2 at state [8.06, 3.04, -0.99]
2026-07-15 18:47 | WARNING  | robot_0 collided with obstacle_6 at state [4.56, 7.27, -1.28]
2026-07-15 18:47 | WARNING  | robot_0 collided with obstacle_4 at state [1.37, 5.56, 2.04]
2026-07-15 18:47 | WARNING  | robot_0 collided with obstacle_7 at state [8.56, 6.11, -0.33]
2026-07-15 18:47 | WARNING  | robot_0 collided with obstacle_5 at state [2.74, 5.96, 1.01]
2026-07-15 18:47 | WARNING  | robot_0 collided with obstacle_1 at state [6.67, 2.46, -0.12]
2026-07-15 18:47 | WARNING  | robot_0 collided with obstacle_2 at state [5.47, 2.33, 0.39]
2026-07-15 18:47 | WARNING  | robot_0 collided with obstacle_2 at state [7.21, 3.19, 0.06]
2026-07-15 18:47 | WARNING  | robot_0 collided with obstacle_4 at state [1.98, 6.36, 0.64]
--------------------------------------------------------------------------------------------
setting actor output action_std to min_action_std :  0.1
--------------------------------------------------------------------------------------------
2026-07-15 18:47 | WARNING  | robot_0 collided with obstacle_7 at state [7.12, 2.3, -0.43]
2026-07-15 18:47 | WARNING  | robot_0 collided with obstacle_2 at state [7.31, 4.29, -2.5]
2026-07-15 18:47 | WARNING  | robot_0 collided with obstacle_4 at state [2.54, 2.57, 0.26]
2026-07-15 18:48 | WARNING  | robot_0 collided with obstacle_4 at state [6.75, 3.2, 2.59]
2026-07-15 18:48 | WARNING  | robot_0 collided with obstacle_2 at state [4.28, 2.92, -3.11]
--------------------------------------------------------------------------------------------
setting actor output action_std to min_action_std :  0.1
--------------------------------------------------------------------------------------------
2026-07-15 18:48 | WARNING  | robot_0 collided with obstacle_3 at state [5.69, 4.2, 1.24]
2026-07-15 18:48 | WARNING  | robot_0 collided with obstacle_5 at state [9.27, 6.12, -1.16]
2026-07-15 18:49 | WARNING  | robot_0 collided with obstacle_7 at state [3.67, 3.18, 2.94]
2026-07-15 18:49 | WARNING  | robot_0 collided with obstacle_1 at state [6.96, 1.7, 3.14]
..............................................
Epoch 26. Evaluating scenarios
2026-07-15 18:49 | WARNING  | robot_0 collided with obstacle_7 at state [8.74, 1.47, 2.44]
2026-07-15 18:49 | WARNING  | robot_0 collided with obstacle_6 at state [3.45, 5.6, 1.97]
2026-07-15 18:49 | WARNING  | robot_0 collided with obstacle_7 at state [3.82, 6.97, 0.2]
2026-07-15 18:49 | WARNING  | robot_0 collided with obstacle_3 at state [6.38, 2.5, -3.13]
Average Reward: 10.0
Average Collision rate: 0.4
Average Goal rate: 0.5
..............................................
2026-07-15 18:49 | WARNING  | robot_0 collided with obstacle_2 at state [7.79, 1.95, -0.56]
2026-07-15 18:49 | WARNING  | robot_0 collided with obstacle_2 at state [8.57, 7.82, -1.22]
2026-07-15 18:49 | WARNING  | robot_0 collided with obstacle_4 at state [2.41, 2.15, 0.2]
2026-07-15 18:49 | WARNING  | robot_0 collided with obstacle_2 at state [6.29, 6.79, -0.29]
2026-07-15 18:49 | WARNING  | robot_0 collided with obstacle_3 at state [5.35, 3.37, 0.0]
2026-07-15 18:50 | WARNING  | robot_0 collided with obstacle_2 at state [7.74, 7.95, -0.94]
--------------------------------------------------------------------------------------------
setting actor output action_std to min_action_std :  0.1
--------------------------------------------------------------------------------------------
2026-07-15 18:50 | WARNING  | robot_0 collided with obstacle_3 at state [2.71, 7.11, 2.3]
2026-07-15 18:50 | WARNING  | robot_0 collided with obstacle_3 at state [3.73, 1.72, 2.46]
2026-07-15 18:50 | WARNING  | robot_0 collided with obstacle_1 at state [7.7, 4.85, -1.28]
2026-07-15 18:51 | WARNING  | robot_0 collided with obstacle_4 at state [7.02, 4.02, -2.67]
2026-07-15 18:51 | WARNING  | robot_0 collided with obstacle_3 at state [2.78, 6.59, 1.66]
2026-07-15 18:51 | WARNING  | robot_0 collided with obstacle_1 at state [3.37, 6.98, 0.74]
--------------------------------------------------------------------------------------------
setting actor output action_std to min_action_std :  0.1
--------------------------------------------------------------------------------------------
2026-07-15 18:51 | WARNING  | robot_0 collided with obstacle_5 at state [5.67, 4.03, 0.12]
2026-07-15 18:51 | WARNING  | robot_0 collided with obstacle_7 at state [4.8, 6.94, -1.06]
2026-07-15 18:51 | WARNING  | robot_0 collided with obstacle_6 at state [8.04, 4.75, -1.22]
2026-07-15 18:51 | WARNING  | robot_0 collided with obstacle_7 at state [2.26, 3.36, -2.11]
2026-07-15 18:51 | WARNING  | robot_0 collided with obstacle_1 at state [6.14, 4.91, 2.04]
--------------------------------------------------------------------------------------------
setting actor output action_std to min_action_std :  0.1
--------------------------------------------------------------------------------------------
2026-07-15 18:52 | WARNING  | robot_0 collided with obstacle_3 at state [6.0, 5.58, 1.11]
2026-07-15 18:52 | WARNING  | robot_0 collided with obstacle_5 at state [8.38, 1.7, -1.96]
2026-07-15 18:52 | WARNING  | robot_0 collided with obstacle_5 at state [7.67, 2.76, 2.58]
..............................................
Epoch 27. Evaluating scenarios
2026-07-15 18:52 | WARNING  | robot_0 collided with obstacle_7 at state [1.81, 7.38, -0.07]
2026-07-15 18:52 | WARNING  | robot_0 collided with obstacle_3 at state [8.51, 6.9, -1.98]
2026-07-15 18:52 | WARNING  | robot_0 collided with obstacle_6 at state [6.34, 3.9, -1.6]
2026-07-15 18:53 | WARNING  | robot_0 collided with obstacle_2 at state [2.65, 7.08, -1.04]
2026-07-15 18:53 | WARNING  | robot_0 collided with obstacle_7 at state [6.12, 5.49, 0.12]
Average Reward: 0.0
Average Collision rate: 0.5
Average Goal rate: 0.5
..............................................
2026-07-15 18:53 | WARNING  | robot_0 collided with obstacle_3 at state [6.15, 2.86, 2.07]
2026-07-15 18:53 | WARNING  | robot_0 collided with obstacle_4 at state [5.69, 2.95, 0.03]
2026-07-15 18:53 | WARNING  | robot_0 collided with obstacle_2 at state [5.27, 1.77, -0.93]
2026-07-15 18:53 | WARNING  | robot_0 collided with obstacle_6 at state [6.64, 4.47, -1.56]
--------------------------------------------------------------------------------------------
setting actor output action_std to min_action_std :  0.1
--------------------------------------------------------------------------------------------
2026-07-15 18:54 | WARNING  | robot_0 collided with obstacle_6 at state [4.76, 5.09, -1.16]
2026-07-15 18:54 | WARNING  | robot_0 collided with obstacle_2 at state [7.95, 2.76, -0.79]
2026-07-15 18:54 | WARNING  | robot_0 collided with obstacle_1 at state [3.93, 4.07, 0.99]
2026-07-15 18:54 | WARNING  | robot_0 collided with obstacle_6 at state [1.71, 5.72, -0.34]
2026-07-15 18:54 | WARNING  | robot_0 collided with obstacle_7 at state [5.15, 2.19, 0.82]
2026-07-15 18:54 | WARNING  | robot_0 collided with obstacle_6 at state [7.84, 2.41, -2.73]
2026-07-15 18:54 | WARNING  | robot_0 collided with obstacle_3 at state [2.79, 6.35, 0.07]
--------------------------------------------------------------------------------------------
setting actor output action_std to min_action_std :  0.1
--------------------------------------------------------------------------------------------
2026-07-15 18:54 | WARNING  | robot_0 collided with obstacle_2 at state [5.45, 1.75, 1.97]
2026-07-15 18:55 | WARNING  | robot_0 collided with obstacle_2 at state [8.09, 6.98, -0.26]
2026-07-15 18:55 | WARNING  | robot_0 collided with obstacle_2 at state [6.36, 3.65, 1.15]
2026-07-15 18:55 | WARNING  | robot_0 collided with obstacle_6 at state [6.67, 3.0, 2.8]
2026-07-15 18:55 | WARNING  | robot_0 collided with obstacle_3 at state [7.39, 5.3, -0.53]
2026-07-15 18:55 | WARNING  | robot_0 collided with obstacle_3 at state [7.69, 7.73, -0.12]
2026-07-15 18:55 | WARNING  | robot_0 collided with obstacle_2 at state [3.7, 3.67, 2.36]
2026-07-15 18:55 | WARNING  | robot_0 collided with obstacle_4 at state [5.38, 5.47, -1.38]
2026-07-15 18:55 | WARNING  | robot_0 collided with obstacle_8 at state [0.19, 3.95, -2.3]
2026-07-15 18:55 | WARNING  | robot_0 collided with obstacle_4 at state [3.24, 1.83, 0.73]
--------------------------------------------------------------------------------------------
setting actor output action_std to min_action_std :  0.1
--------------------------------------------------------------------------------------------
2026-07-15 18:55 | WARNING  | robot_0 collided with obstacle_4 at state [1.66, 5.74, 0.47]
2026-07-15 18:55 | WARNING  | robot_0 collided with obstacle_7 at state [3.39, 3.65, -0.46]
2026-07-15 18:55 | WARNING  | robot_0 collided with obstacle_3 at state [5.28, 5.07, -3.01]
2026-07-15 18:55 | WARNING  | robot_0 collided with obstacle_4 at state [4.06, 4.96, 2.96]
2026-07-15 18:55 | WARNING  | robot_0 collided with obstacle_7 at state [2.25, 5.93, -0.9]
2026-07-15 18:55 | WARNING  | robot_0 collided with obstacle_4 at state [3.67, 7.98, -1.9]
..............................................
Epoch 28. Evaluating scenarios
2026-07-15 18:56 | WARNING  | robot_0 collided with obstacle_4 at state [2.56, 4.73, -0.72]
2026-07-15 18:56 | WARNING  | robot_0 collided with obstacle_7 at state [8.46, 3.87, -0.51]
2026-07-15 18:56 | WARNING  | robot_0 collided with obstacle_5 at state [6.64, 6.91, -0.62]
2026-07-15 18:56 | WARNING  | robot_0 collided with obstacle_5 at state [6.56, 3.76, 0.9]
2026-07-15 18:56 | WARNING  | robot_0 collided with obstacle_7 at state [6.09, 2.08, -0.16]
Average Reward: -30.0
Average Collision rate: 0.5
Average Goal rate: 0.2
..............................................
2026-07-15 18:56 | WARNING  | robot_0 collided with obstacle_2 at state [4.01, 2.66, 1.98]
2026-07-15 18:56 | WARNING  | robot_0 collided with obstacle_5 at state [7.29, 2.69, -2.36]
2026-07-15 18:56 | WARNING  | robot_0 collided with obstacle_6 at state [4.99, 6.78, 1.27]
2026-07-15 18:56 | WARNING  | robot_0 collided with obstacle_7 at state [5.31, 5.36, -0.74]
2026-07-15 18:56 | WARNING  | robot_0 collided with obstacle_2 at state [5.01, 3.02, -0.13]
2026-07-15 18:57 | WARNING  | robot_0 collided with obstacle_7 at state [5.48, 6.17, 2.83]
2026-07-15 18:57 | WARNING  | robot_0 collided with obstacle_5 at state [1.35, 2.55, 0.17]
2026-07-15 18:57 | WARNING  | robot_0 collided with obstacle_7 at state [6.77, 4.1, -1.96]
2026-07-15 18:57 | WARNING  | robot_0 collided with obstacle_4 at state [4.1, 4.29, -0.14]
2026-07-15 18:57 | WARNING  | robot_0 collided with obstacle_7 at state [5.98, 5.19, 0.93]
--------------------------------------------------------------------------------------------
setting actor output action_std to min_action_std :  0.1
--------------------------------------------------------------------------------------------
2026-07-15 18:57 | WARNING  | robot_0 collided with obstacle_1 at state [3.56, 3.34, 2.79]
2026-07-15 18:57 | WARNING  | robot_0 collided with obstacle_2 at state [4.58, 7.82, 2.33]
2026-07-15 18:57 | WARNING  | robot_0 collided with obstacle_2 at state [5.44, 2.04, 2.46]
2026-07-15 18:57 | WARNING  | robot_0 collided with obstacle_7 at state [3.39, 7.54, -0.78]
2026-07-15 18:58 | WARNING  | robot_0 collided with obstacle_1 at state [6.57, 4.39, 1.59]
2026-07-15 18:58 | WARNING  | robot_0 collided with obstacle_3 at state [6.71, 3.0, 1.54]
2026-07-15 18:58 | WARNING  | robot_0 collided with obstacle_7 at state [8.07, 6.23, -0.92]
2026-07-15 18:58 | WARNING  | robot_0 collided with obstacle_5 at state [6.27, 6.49, 3.04]
2026-07-15 18:58 | WARNING  | robot_0 collided with obstacle_3 at state [1.17, 6.75, 1.13]
--------------------------------------------------------------------------------------------
setting actor output action_std to min_action_std :  0.1
--------------------------------------------------------------------------------------------
2026-07-15 18:58 | WARNING  | robot_0 collided with obstacle_6 at state [6.34, 5.14, -2.24]
2026-07-15 18:58 | WARNING  | robot_0 collided with obstacle_6 at state [1.42, 3.95, 0.41]
2026-07-15 18:58 | WARNING  | robot_0 collided with obstacle_5 at state [6.87, 6.68, -1.34]
2026-07-15 18:58 | WARNING  | robot_0 collided with obstacle_7 at state [6.93, 2.61, -2.48]
2026-07-15 18:58 | WARNING  | robot_0 collided with obstacle_6 at state [4.68, 2.7, 2.05]
--------------------------------------------------------------------------------------------
setting actor output action_std to min_action_std :  0.1
--------------------------------------------------------------------------------------------
2026-07-15 18:58 | WARNING  | robot_0 collided with obstacle_3 at state [3.52, 3.38, 1.08]
2026-07-15 18:59 | WARNING  | robot_0 collided with obstacle_6 at state [6.06, 7.15, -0.56]
2026-07-15 18:59 | WARNING  | robot_0 collided with obstacle_5 at state [7.6, 5.28, -0.74]
2026-07-15 18:59 | WARNING  | robot_0 collided with obstacle_3 at state [5.75, 5.26, 0.01]
..............................................
Epoch 29. Evaluating scenarios
2026-07-15 18:59 | WARNING  | robot_0 collided with obstacle_3 at state [3.75, 2.92, 0.16]
2026-07-15 18:59 | WARNING  | robot_0 collided with obstacle_7 at state [7.27, 7.34, -0.08]
Average Reward: 40.0
Average Collision rate: 0.2
Average Goal rate: 0.6
..............................................
2026-07-15 18:59 | WARNING  | robot_0 collided with obstacle_3 at state [4.51, 7.51, 2.95]
2026-07-15 18:59 | WARNING  | robot_0 collided with obstacle_2 at state [3.42, 2.44, 1.63]
2026-07-15 18:59 | WARNING  | robot_0 collided with obstacle_3 at state [5.21, 7.69, -1.68]
2026-07-15 18:59 | WARNING  | robot_0 collided with obstacle_3 at state [5.91, 2.77, 1.81]
2026-07-15 19:00 | WARNING  | robot_0 collided with obstacle_1 at state [7.27, 3.0, -2.78]
2026-07-15 19:00 | WARNING  | robot_0 collided with obstacle_6 at state [3.55, 4.54, 0.38]
2026-07-15 19:00 | WARNING  | robot_0 collided with obstacle_1 at state [6.13, 5.42, -0.55]
2026-07-15 19:00 | WARNING  | robot_0 collided with obstacle_3 at state [8.32, 3.55, -2.03]
2026-07-15 19:00 | WARNING  | robot_0 collided with obstacle_5 at state [5.24, 7.02, -1.4]
2026-07-15 19:00 | WARNING  | robot_0 collided with obstacle_7 at state [5.61, 6.48, 1.61]
2026-07-15 19:00 | WARNING  | robot_0 collided with obstacle_4 at state [5.67, 6.62, -0.37]
--------------------------------------------------------------------------------------------
setting actor output action_std to min_action_std :  0.1
--------------------------------------------------------------------------------------------
2026-07-15 19:00 | WARNING  | robot_0 collided with obstacle_4 at state [4.84, 3.99, 0.91]
2026-07-15 19:00 | WARNING  | robot_0 collided with obstacle_2 at state [7.41, 7.1, -1.04]
2026-07-15 19:00 | WARNING  | robot_0 collided with obstacle_3 at state [8.42, 7.76, -1.04]
2026-07-15 19:00 | WARNING  | robot_0 collided with obstacle_2 at state [6.25, 1.99, -2.93]
2026-07-15 19:00 | WARNING  | robot_0 collided with obstacle_7 at state [4.46, 2.62, -2.3]
2026-07-15 19:01 | WARNING  | robot_0 collided with obstacle_7 at state [6.06, 4.38, -1.2]
2026-07-15 19:01 | WARNING  | robot_0 collided with obstacle_5 at state [3.84, 2.85, -0.17]
--------------------------------------------------------------------------------------------
setting actor output action_std to min_action_std :  0.1
--------------------------------------------------------------------------------------------
2026-07-15 19:01 | WARNING  | robot_0 collided with obstacle_4 at state [5.75, 2.54, 2.05]
2026-07-15 19:01 | WARNING  | robot_0 collided with obstacle_1 at state [2.94, 1.93, 2.57]
2026-07-15 19:01 | WARNING  | robot_0 collided with obstacle_5 at state [7.15, 8.54, -0.6]
2026-07-15 19:02 | WARNING  | robot_0 collided with obstacle_2 at state [1.88, 6.14, 2.51]
--------------------------------------------------------------------------------------------
setting actor output action_std to min_action_std :  0.1
--------------------------------------------------------------------------------------------
2026-07-15 19:02 | WARNING  | robot_0 collided with obstacle_6 at state [5.4, 2.94, 2.76]
2026-07-15 19:02 | WARNING  | robot_0 collided with obstacle_1 at state [5.12, 3.76, 1.67]
2026-07-15 19:02 | WARNING  | robot_0 collided with obstacle_6 at state [4.58, 6.57, -1.25]
2026-07-15 19:02 | WARNING  | robot_0 collided with obstacle_7 at state [6.61, 1.09, 0.24]
2026-07-15 19:02 | WARNING  | robot_0 collided with obstacle_4 at state [1.67, 3.92, 1.87]
2026-07-15 19:02 | WARNING  | robot_0 collided with obstacle_3 at state [5.39, 7.05, -2.14]
..............................................
Epoch 30. Evaluating scenarios
2026-07-15 19:02 | WARNING  | robot_0 collided with obstacle_5 at state [2.06, 8.41, -0.33]
2026-07-15 19:02 | WARNING  | robot_0 collided with obstacle_1 at state [4.67, 3.8, 0.8]
2026-07-15 19:02 | WARNING  | robot_0 collided with obstacle_3 at state [5.16, 7.38, 0.54]
2026-07-15 19:03 | WARNING  | robot_0 collided with obstacle_1 at state [2.31, 5.61, 2.95]
Average Reward: 0.0
Average Collision rate: 0.4
Average Goal rate: 0.4
..............................................
2026-07-15 19:03 | WARNING  | robot_0 collided with obstacle_5 at state [4.08, 3.95, 0.3]
2026-07-15 19:03 | WARNING  | robot_0 collided with obstacle_7 at state [4.1, 7.49, -0.4]
2026-07-15 19:03 | WARNING  | robot_0 collided with obstacle_7 at state [4.03, 6.81, -0.16]
2026-07-15 19:03 | WARNING  | robot_0 collided with obstacle_3 at state [5.22, 4.29, 1.27]
2026-07-15 19:04 | WARNING  | robot_0 collided with obstacle_5 at state [2.77, 3.64, 1.45]
--------------------------------------------------------------------------------------------
setting actor output action_std to min_action_std :  0.1
--------------------------------------------------------------------------------------------
2026-07-15 19:04 | WARNING  | robot_0 collided with obstacle_4 at state [3.17, 4.5, -0.93]
2026-07-15 19:04 | WARNING  | robot_0 collided with obstacle_3 at state [2.0, 3.66, 1.49]
2026-07-15 19:04 | WARNING  | robot_0 collided with obstacle_2 at state [4.69, 2.71, -2.48]
2026-07-15 19:05 | WARNING  | robot_0 collided with obstacle_2 at state [4.11, 3.18, 0.95]
2026-07-15 19:05 | WARNING  | robot_0 collided with obstacle_2 at state [4.3, 6.85, 0.24]
2026-07-15 19:05 | WARNING  | robot_0 collided with obstacle_7 at state [7.48, 6.95, -1.55]
2026-07-15 19:05 | WARNING  | robot_0 collided with obstacle_6 at state [7.58, 7.1, -1.03]
--------------------------------------------------------------------------------------------
setting actor output action_std to min_action_std :  0.1
--------------------------------------------------------------------------------------------
2026-07-15 19:05 | WARNING  | robot_0 collided with obstacle_7 at state [6.57, 6.32, 2.93]
2026-07-15 19:05 | WARNING  | robot_0 collided with obstacle_5 at state [2.15, 7.11, 0.46]
2026-07-15 19:05 | WARNING  | robot_0 collided with obstacle_1 at state [3.79, 5.68, 0.12]
2026-07-15 19:05 | WARNING  | robot_0 collided with obstacle_5 at state [7.58, 7.86, -0.77]
2026-07-15 19:05 | WARNING  | robot_0 collided with obstacle_3 at state [3.11, 2.37, -0.34]
2026-07-15 19:05 | WARNING  | robot_0 collided with obstacle_6 at state [4.78, 2.49, 3.12]
2026-07-15 19:05 | WARNING  | robot_0 collided with obstacle_3 at state [3.03, 1.4, 2.26]
2026-07-15 19:06 | WARNING  | robot_0 collided with obstacle_7 at state [4.5, 6.12, 2.9]
--------------------------------------------------------------------------------------------
setting actor output action_std to min_action_std :  0.1
--------------------------------------------------------------------------------------------
2026-07-15 19:06 | WARNING  | robot_0 collided with obstacle_1 at state [3.49, 2.0, 0.51]
2026-07-15 19:06 | WARNING  | robot_0 collided with obstacle_2 at state [3.18, 3.36, 2.02]
2026-07-15 19:06 | WARNING  | robot_0 collided with obstacle_3 at state [2.34, 6.32, 0.09]
..............................................
Epoch 31. Evaluating scenarios
2026-07-15 19:06 | WARNING  | robot_0 collided with obstacle_7 at state [7.71, 4.49, 1.8]
2026-07-15 19:06 | WARNING  | robot_0 collided with obstacle_3 at state [2.84, 4.97, -1.71]
2026-07-15 19:06 | WARNING  | robot_0 collided with obstacle_7 at state [5.16, 5.25, -0.76]
2026-07-15 19:06 | WARNING  | robot_0 collided with obstacle_6 at state [3.97, 5.48, 1.9]
Average Reward: -10.0
Average Collision rate: 0.4
Average Goal rate: 0.3
..............................................
2026-07-15 19:07 | WARNING  | robot_0 collided with obstacle_3 at state [6.95, 8.58, -0.16]
2026-07-15 19:07 | WARNING  | robot_0 collided with obstacle_2 at state [3.26, 2.1, 0.14]
2026-07-15 19:07 | WARNING  | robot_0 collided with obstacle_6 at state [6.53, 2.72, -2.72]
--------------------------------------------------------------------------------------------
setting actor output action_std to min_action_std :  0.1
--------------------------------------------------------------------------------------------
2026-07-15 19:08 | WARNING  | robot_0 collided with obstacle_3 at state [2.45, 7.24, 1.36]
2026-07-15 19:08 | WARNING  | robot_0 collided with obstacle_1 at state [7.58, 3.2, -0.47]
2026-07-15 19:08 | WARNING  | robot_0 collided with obstacle_4 at state [8.15, 8.04, -0.73]
2026-07-15 19:08 | WARNING  | robot_0 collided with obstacle_3 at state [3.95, 7.92, -0.35]
2026-07-15 19:08 | WARNING  | robot_0 collided with obstacle_5 at state [1.59, 3.28, -0.95]
2026-07-15 19:08 | WARNING  | robot_0 collided with obstacle_6 at state [6.97, 3.87, -2.85]
2026-07-15 19:08 | WARNING  | robot_0 collided with obstacle_6 at state [0.65, 3.06, 2.3]
2026-07-15 19:08 | WARNING  | robot_0 collided with obstacle_7 at state [4.36, 6.71, 0.43]
2026-07-15 19:08 | WARNING  | robot_0 collided with obstacle_6 at state [3.83, 4.68, 0.59]
--------------------------------------------------------------------------------------------
setting actor output action_std to min_action_std :  0.1
--------------------------------------------------------------------------------------------
2026-07-15 19:08 | WARNING  | robot_0 collided with obstacle_5 at state [5.69, 3.31, 1.89]
2026-07-15 19:09 | WARNING  | robot_0 collided with obstacle_2 at state [4.7, 3.08, -1.62]
2026-07-15 19:09 | WARNING  | robot_0 collided with obstacle_7 at state [5.92, 4.8, 0.8]
--------------------------------------------------------------------------------------------
setting actor output action_std to min_action_std :  0.1
--------------------------------------------------------------------------------------------
2026-07-15 19:09 | WARNING  | robot_0 collided with obstacle_5 at state [9.41, 4.54, -1.53]
2026-07-15 19:10 | WARNING  | robot_0 collided with obstacle_4 at state [3.73, 2.96, 0.9]
..............................................
Epoch 32. Evaluating scenarios
2026-07-15 19:10 | WARNING  | robot_0 collided with obstacle_1 at state [4.08, 5.56, 1.03]
2026-07-15 19:10 | WARNING  | robot_0 collided with obstacle_6 at state [2.09, 1.65, 0.49]
2026-07-15 19:10 | WARNING  | robot_0 collided with obstacle_4 at state [4.66, 4.35, 2.04]
Average Reward: 20.0
Average Collision rate: 0.3
Average Goal rate: 0.5
..............................................
2026-07-15 19:10 | WARNING  | robot_0 collided with obstacle_1 at state [7.33, 6.92, -2.64]
2026-07-15 19:10 | WARNING  | robot_0 collided with obstacle_4 at state [2.57, 7.62, -2.63]
2026-07-15 19:10 | WARNING  | robot_0 collided with obstacle_7 at state [4.23, 7.33, -0.59]
2026-07-15 19:11 | WARNING  | robot_0 collided with obstacle_2 at state [8.28, 3.16, -2.14]
2026-07-15 19:11 | WARNING  | robot_0 collided with obstacle_4 at state [2.08, 2.8, 2.61]
2026-07-15 19:11 | WARNING  | robot_0 collided with obstacle_2 at state [5.62, 3.65, -0.14]
2026-07-15 19:11 | WARNING  | robot_0 collided with obstacle_4 at state [4.01, 2.24, -0.07]
--------------------------------------------------------------------------------------------
setting actor output action_std to min_action_std :  0.1
--------------------------------------------------------------------------------------------
2026-07-15 19:11 | WARNING  | robot_0 collided with obstacle_6 at state [4.5, 7.45, 0.4]
2026-07-15 19:11 | WARNING  | robot_0 collided with obstacle_5 at state [7.0, 0.95, 2.3]
--------------------------------------------------------------------------------------------
setting actor output action_std to min_action_std :  0.1
--------------------------------------------------------------------------------------------
2026-07-15 19:12 | WARNING  | robot_0 collided with obstacle_3 at state [2.77, 2.61, 1.33]
2026-07-15 19:12 | WARNING  | robot_0 collided with obstacle_6 at state [3.59, 2.61, 0.69]
2026-07-15 19:12 | WARNING  | robot_0 collided with obstacle_3 at state [4.6, 2.39, 0.26]
2026-07-15 19:12 | WARNING  | robot_0 collided with obstacle_5 at state [6.12, 7.33, -1.31]
2026-07-15 19:12 | WARNING  | robot_0 collided with obstacle_4 at state [2.71, 3.2, 2.78]
2026-07-15 19:12 | WARNING  | robot_0 collided with obstacle_6 at state [7.32, 1.64, 0.06]
2026-07-15 19:13 | WARNING  | robot_0 collided with obstacle_6 at state [2.98, 3.78, -2.8]
--------------------------------------------------------------------------------------------
setting actor output action_std to min_action_std :  0.1
--------------------------------------------------------------------------------------------
2026-07-15 19:13 | WARNING  | robot_0 collided with obstacle_5 at state [3.8, 2.17, 2.96]
..............................................
Epoch 33. Evaluating scenarios
2026-07-15 19:13 | WARNING  | robot_0 collided with obstacle_1 at state [4.39, 4.48, 1.17]
2026-07-15 19:13 | WARNING  | robot_0 collided with obstacle_3 at state [8.16, 2.3, 0.25]
2026-07-15 19:13 | WARNING  | robot_0 collided with obstacle_4 at state [4.12, 4.2, 2.76]
2026-07-15 19:13 | WARNING  | robot_0 collided with obstacle_4 at state [3.33, 2.64, 0.85]
2026-07-15 19:13 | WARNING  | robot_0 collided with obstacle_5 at state [6.26, 6.69, -0.38]
2026-07-15 19:13 | WARNING  | robot_0 collided with obstacle_2 at state [7.06, 7.21, -1.42]
Average Reward: -30.0
Average Collision rate: 0.6
Average Goal rate: 0.3
..............................................
2026-07-15 19:14 | WARNING  | robot_0 collided with obstacle_4 at state [4.89, 5.76, 0.9]
2026-07-15 19:14 | WARNING  | robot_0 collided with obstacle_6 at state [3.91, 6.35, -0.7]
2026-07-15 19:14 | WARNING  | robot_0 collided with obstacle_4 at state [7.59, 6.4, -1.1]
2026-07-15 19:14 | WARNING  | robot_0 collided with obstacle_6 at state [5.36, 8.43, -0.59]
2026-07-15 19:14 | WARNING  | robot_0 collided with obstacle_6 at state [2.15, 3.43, 1.57]
2026-07-15 19:14 | WARNING  | robot_0 collided with obstacle_6 at state [5.56, 3.09, 0.01]
2026-07-15 19:14 | WARNING  | robot_0 collided with obstacle_4 at state [2.32, 7.86, 1.45]
2026-07-15 19:14 | WARNING  | robot_0 collided with obstacle_4 at state [4.73, 3.7, 0.0]
2026-07-15 19:14 | WARNING  | robot_0 collided with obstacle_5 at state [1.52, 3.73, 1.13]
--------------------------------------------------------------------------------------------
setting actor output action_std to min_action_std :  0.1
--------------------------------------------------------------------------------------------
2026-07-15 19:14 | WARNING  | robot_0 collided with obstacle_2 at state [6.47, 3.69, 0.49]
2026-07-15 19:14 | WARNING  | robot_0 collided with obstacle_5 at state [6.91, 3.55, 1.96]
2026-07-15 19:14 | WARNING  | robot_0 collided with obstacle_2 at state [5.22, 5.1, -1.57]
2026-07-15 19:14 | WARNING  | robot_0 collided with obstacle_6 at state [3.96, 3.26, 0.42]
2026-07-15 19:15 | WARNING  | robot_0 collided with obstacle_5 at state [7.48, 5.98, 0.08]
2026-07-15 19:15 | WARNING  | robot_0 collided with obstacle_1 at state [2.3, 8.05, 0.06]
2026-07-15 19:15 | WARNING  | robot_0 collided with obstacle_7 at state [5.39, 6.66, -2.16]
2026-07-15 19:15 | WARNING  | robot_0 collided with obstacle_4 at state [6.29, 6.39, -0.87]
--------------------------------------------------------------------------------------------
setting actor output action_std to min_action_std :  0.1
--------------------------------------------------------------------------------------------
2026-07-15 19:15 | WARNING  | robot_0 collided with obstacle_1 at state [6.53, 5.86, -0.41]
2026-07-15 19:15 | WARNING  | robot_0 collided with obstacle_3 at state [4.29, 8.46, 0.47]
2026-07-15 19:15 | WARNING  | robot_0 collided with obstacle_3 at state [4.51, 5.51, 3.05]
2026-07-15 19:15 | WARNING  | robot_0 collided with obstacle_7 at state [8.14, 7.06, 1.3]
2026-07-15 19:16 | WARNING  | robot_0 collided with obstacle_6 at state [4.3, 7.05, 1.85]
2026-07-15 19:16 | WARNING  | robot_0 collided with obstacle_7 at state [6.01, 7.79, 2.87]
2026-07-15 19:16 | WARNING  | robot_0 collided with obstacle_1 at state [6.58, 5.08, 1.76]
2026-07-15 19:16 | WARNING  | robot_0 collided with obstacle_3 at state [6.06, 4.86, -2.81]
2026-07-15 19:16 | WARNING  | robot_0 collided with obstacle_1 at state [3.33, 3.93, 0.58]
2026-07-15 19:16 | WARNING  | robot_0 collided with obstacle_6 at state [7.3, 6.72, -0.23]
--------------------------------------------------------------------------------------------
setting actor output action_std to min_action_std :  0.1
--------------------------------------------------------------------------------------------
2026-07-15 19:16 | WARNING  | robot_0 collided with obstacle_3 at state [6.33, 4.31, 2.23]
2026-07-15 19:16 | WARNING  | robot_0 collided with obstacle_1 at state [5.32, 4.04, -3.03]
..............................................
Epoch 34. Evaluating scenarios
2026-07-15 19:16 | WARNING  | robot_0 collided with obstacle_1 at state [6.77, 0.78, 2.61]
2026-07-15 19:16 | WARNING  | robot_0 collided with obstacle_6 at state [8.4, 3.84, -0.04]
2026-07-15 19:17 | WARNING  | robot_0 collided with obstacle_6 at state [2.6, 2.42, 2.54]
Average Reward: 40.0
Average Collision rate: 0.3
Average Goal rate: 0.7
..............................................
2026-07-15 19:17 | WARNING  | robot_0 collided with obstacle_7 at state [2.18, 3.23, -1.99]
2026-07-15 19:17 | WARNING  | robot_0 collided with obstacle_2 at state [3.29, 3.66, -2.79]
2026-07-15 19:17 | WARNING  | robot_0 collided with obstacle_1 at state [9.03, 4.97, -2.48]
2026-07-15 19:17 | WARNING  | robot_0 collided with obstacle_5 at state [4.82, 6.83, -0.05]
2026-07-15 19:18 | WARNING  | robot_0 collided with obstacle_1 at state [5.21, 2.64, 2.68]
--------------------------------------------------------------------------------------------
setting actor output action_std to min_action_std :  0.1
--------------------------------------------------------------------------------------------
2026-07-15 19:18 | WARNING  | robot_0 collided with obstacle_6 at state [4.36, 7.17, 3.04]
2026-07-15 19:18 | WARNING  | robot_0 collided with obstacle_6 at state [5.76, 2.17, -0.47]
2026-07-15 19:18 | WARNING  | robot_0 collided with obstacle_4 at state [5.39, 7.43, 0.61]
2026-07-15 19:18 | WARNING  | robot_0 collided with obstacle_4 at state [2.64, 5.8, -0.04]
2026-07-15 19:19 | WARNING  | robot_0 collided with obstacle_7 at state [2.67, 4.63, 1.81]
2026-07-15 19:19 | WARNING  | robot_0 collided with obstacle_1 at state [5.07, 3.56, 2.64]
2026-07-15 19:19 | WARNING  | robot_0 collided with obstacle_7 at state [5.6, 2.99, -0.3]
--------------------------------------------------------------------------------------------
setting actor output action_std to min_action_std :  0.1
--------------------------------------------------------------------------------------------
2026-07-15 19:19 | WARNING  | robot_0 collided with obstacle_6 at state [3.37, 4.54, 2.04]
2026-07-15 19:19 | WARNING  | robot_0 collided with obstacle_7 at state [4.95, 2.57, 1.62]
2026-07-15 19:19 | WARNING  | robot_0 collided with obstacle_4 at state [2.83, 1.61, 0.2]
2026-07-15 19:19 | WARNING  | robot_0 collided with obstacle_2 at state [8.94, 0.73, -2.91]
2026-07-15 19:19 | WARNING  | robot_0 collided with obstacle_1 at state [3.76, 4.66, 0.71]
2026-07-15 19:19 | WARNING  | robot_0 collided with obstacle_6 at state [7.2, 6.07, 2.36]
2026-07-15 19:19 | WARNING  | robot_0 collided with obstacle_2 at state [3.94, 3.55, 1.18]
2026-07-15 19:19 | WARNING  | robot_0 collided with obstacle_6 at state [5.58, 4.27, -0.37]
2026-07-15 19:19 | WARNING  | robot_0 collided with obstacle_3 at state [6.93, 0.47, -2.69]
--------------------------------------------------------------------------------------------
setting actor output action_std to min_action_std :  0.1
--------------------------------------------------------------------------------------------
2026-07-15 19:19 | WARNING  | robot_0 collided with obstacle_1 at state [3.69, 3.45, -0.38]
2026-07-15 19:19 | WARNING  | robot_0 collided with obstacle_6 at state [3.13, 7.41, 1.32]
2026-07-15 19:20 | WARNING  | robot_0 collided with obstacle_6 at state [7.56, 4.38, -0.67]
..............................................
Epoch 35. Evaluating scenarios
2026-07-15 19:20 | WARNING  | robot_0 collided with obstacle_7 at state [5.84, 7.07, 0.76]
2026-07-15 19:20 | WARNING  | robot_0 collided with obstacle_7 at state [7.42, 3.24, -2.22]
2026-07-15 19:20 | WARNING  | robot_0 collided with obstacle_5 at state [5.97, 2.36, 2.01]
Average Reward: 20.0
Average Collision rate: 0.3
Average Goal rate: 0.5
..............................................
2026-07-15 19:20 | WARNING  | robot_0 collided with obstacle_1 at state [6.71, 4.64, 3.01]
2026-07-15 19:21 | WARNING  | robot_0 collided with obstacle_2 at state [1.63, 3.52, -0.95]
2026-07-15 19:21 | WARNING  | robot_0 collided with obstacle_3 at state [3.81, 5.96, 1.61]
2026-07-15 19:21 | WARNING  | robot_0 collided with obstacle_6 at state [3.85, 8.11, -0.21]
2026-07-15 19:21 | WARNING  | robot_0 collided with obstacle_4 at state [7.97, 7.88, -1.25]
2026-07-15 19:21 | WARNING  | robot_0 collided with obstacle_4 at state [1.87, 1.41, -2.79]
2026-07-15 19:21 | WARNING  | robot_0 collided with obstacle_2 at state [5.05, 2.75, 2.89]
--------------------------------------------------------------------------------------------
setting actor output action_std to min_action_std :  0.1
--------------------------------------------------------------------------------------------
2026-07-15 19:21 | WARNING  | robot_0 collided with obstacle_4 at state [8.08, 7.38, -2.76]
2026-07-15 19:22 | WARNING  | robot_0 collided with obstacle_6 at state [6.26, 2.62, 2.1]
2026-07-15 19:22 | WARNING  | robot_0 collided with obstacle_6 at state [5.05, 6.85, -3.0]
2026-07-15 19:22 | WARNING  | robot_0 collided with obstacle_3 at state [8.82, 6.06, -1.45]
2026-07-15 19:22 | WARNING  | robot_0 collided with obstacle_2 at state [4.63, 8.7, -0.21]
2026-07-15 19:22 | WARNING  | robot_0 collided with obstacle_5 at state [5.41, 2.27, -0.09]
2026-07-15 19:22 | WARNING  | robot_0 collided with obstacle_2 at state [6.69, 5.84, -2.43]
2026-07-15 19:22 | WARNING  | robot_0 collided with obstacle_7 at state [2.04, 5.44, 2.16]
--------------------------------------------------------------------------------------------
setting actor output action_std to min_action_std :  0.1
--------------------------------------------------------------------------------------------
2026-07-15 19:22 | WARNING  | robot_0 collided with obstacle_3 at state [3.86, 7.29, -1.11]
2026-07-15 19:22 | WARNING  | robot_0 collided with obstacle_1 at state [6.46, 3.44, -3.13]
2026-07-15 19:23 | WARNING  | robot_0 collided with obstacle_1 at state [8.15, 6.85, -2.09]
2026-07-15 19:23 | WARNING  | robot_0 collided with obstacle_2 at state [8.0, 4.44, -1.67]
2026-07-15 19:23 | WARNING  | robot_0 collided with obstacle_4 at state [4.52, 3.63, -0.26]
2026-07-15 19:23 | WARNING  | robot_0 collided with obstacle_3 at state [7.36, 2.69, 2.24]
2026-07-15 19:23 | WARNING  | robot_0 collided with obstacle_4 at state [3.49, 3.24, -2.98]
2026-07-15 19:23 | WARNING  | robot_0 collided with obstacle_4 at state [5.73, 3.73, -0.42]
2026-07-15 19:23 | WARNING  | robot_0 collided with obstacle_2 at state [4.81, 3.74, -0.61]
2026-07-15 19:23 | WARNING  | robot_0 collided with obstacle_1 at state [8.36, 5.22, -1.41]
2026-07-15 19:23 | WARNING  | robot_0 collided with obstacle_1 at state [4.89, 6.05, 2.32]
--------------------------------------------------------------------------------------------
setting actor output action_std to min_action_std :  0.1
--------------------------------------------------------------------------------------------
2026-07-15 19:23 | WARNING  | robot_0 collided with obstacle_1 at state [2.87, 3.0, 1.34]
2026-07-15 19:23 | WARNING  | robot_0 collided with obstacle_6 at state [3.62, 3.4, -0.96]
2026-07-15 19:23 | WARNING  | robot_0 collided with obstacle_4 at state [7.5, 6.64, -0.19]
..............................................
Epoch 36. Evaluating scenarios
2026-07-15 19:23 | WARNING  | robot_0 collided with obstacle_5 at state [7.29, 2.98, -0.44]
2026-07-15 19:24 | WARNING  | robot_0 collided with obstacle_1 at state [6.91, 5.25, -0.21]
2026-07-15 19:24 | WARNING  | robot_0 collided with obstacle_2 at state [6.45, 3.24, -0.09]
2026-07-15 19:24 | WARNING  | robot_0 collided with obstacle_6 at state [2.74, 1.15, -0.06]
2026-07-15 19:24 | WARNING  | robot_0 collided with obstacle_2 at state [3.25, 6.38, 2.67]
Average Reward: -20.0
Average Collision rate: 0.5
Average Goal rate: 0.3
..............................................
2026-07-15 19:24 | WARNING  | robot_0 collided with obstacle_2 at state [6.49, 5.47, -1.42]
2026-07-15 19:24 | WARNING  | robot_0 collided with obstacle_4 at state [8.8, 2.22, 1.91]
2026-07-15 19:24 | WARNING  | robot_0 collided with obstacle_5 at state [9.27, 8.21, -1.27]
2026-07-15 19:24 | WARNING  | robot_0 collided with obstacle_7 at state [8.52, 1.24, -0.35]
2026-07-15 19:25 | WARNING  | robot_0 collided with obstacle_6 at state [4.37, 7.57, -0.1]
2026-07-15 19:25 | WARNING  | robot_0 collided with obstacle_7 at state [4.77, 3.26, 2.47]
2026-07-15 19:25 | WARNING  | robot_0 collided with obstacle_5 at state [3.79, 3.24, 0.11]
2026-07-15 19:25 | WARNING  | robot_0 collided with obstacle_1 at state [4.71, 1.46, 2.82]
--------------------------------------------------------------------------------------------
setting actor output action_std to min_action_std :  0.1
--------------------------------------------------------------------------------------------
2026-07-15 19:25 | WARNING  | robot_0 collided with obstacle_1 at state [4.94, 3.36, 2.19]
2026-07-15 19:25 | WARNING  | robot_0 collided with obstacle_2 at state [6.26, 3.06, -2.25]
2026-07-15 19:25 | WARNING  | robot_0 collided with obstacle_2 at state [3.37, 9.0, 0.61]
2026-07-15 19:25 | WARNING  | robot_0 collided with obstacle_4 at state [7.16, 7.8, -0.32]
2026-07-15 19:25 | WARNING  | robot_0 collided with obstacle_4 at state [2.7, 7.08, -0.77]
2026-07-15 19:25 | WARNING  | robot_0 collided with obstacle_3 at state [2.58, 7.11, -0.53]
2026-07-15 19:25 | WARNING  | robot_0 collided with obstacle_4 at state [5.63, 5.97, 3.0]
--------------------------------------------------------------------------------------------
setting actor output action_std to min_action_std :  0.1
--------------------------------------------------------------------------------------------
2026-07-15 19:25 | WARNING  | robot_0 collided with obstacle_3 at state [4.93, 1.11, -2.96]
2026-07-15 19:26 | WARNING  | robot_0 collided with obstacle_7 at state [7.3, 4.78, -1.68]
2026-07-15 19:26 | WARNING  | robot_0 collided with obstacle_3 at state [4.08, 7.19, 0.6]
2026-07-15 19:26 | WARNING  | robot_0 collided with obstacle_4 at state [3.27, 4.78, -0.09]
2026-07-15 19:26 | WARNING  | robot_0 collided with obstacle_2 at state [5.41, 3.66, 1.39]
2026-07-15 19:26 | WARNING  | robot_0 collided with obstacle_3 at state [5.44, 6.72, 0.0]
2026-07-15 19:26 | WARNING  | robot_0 collided with obstacle_2 at state [6.02, 0.79, 3.06]
2026-07-15 19:26 | WARNING  | robot_0 collided with obstacle_2 at state [2.49, 4.39, -1.71]
2026-07-15 19:26 | WARNING  | robot_0 collided with obstacle_3 at state [6.63, 2.2, -2.96]
2026-07-15 19:26 | WARNING  | robot_0 collided with obstacle_3 at state [5.62, 4.53, 2.4]
--------------------------------------------------------------------------------------------
setting actor output action_std to min_action_std :  0.1
--------------------------------------------------------------------------------------------
2026-07-15 19:26 | WARNING  | robot_0 collided with obstacle_1 at state [3.81, 3.6, 0.96]
2026-07-15 19:27 | WARNING  | robot_0 collided with obstacle_7 at state [6.83, 4.99, 1.87]
..............................................
Epoch 37. Evaluating scenarios
2026-07-15 19:27 | WARNING  | robot_0 collided with obstacle_5 at state [3.5, 7.43, -0.95]
2026-07-15 19:27 | WARNING  | robot_0 collided with obstacle_2 at state [6.62, 5.66, 1.89]
2026-07-15 19:27 | WARNING  | robot_0 collided with obstacle_1 at state [3.38, 2.42, -2.97]
Average Reward: 20.0
Average Collision rate: 0.3
Average Goal rate: 0.5
..............................................
2026-07-15 19:27 | WARNING  | robot_0 collided with obstacle_2 at state [6.49, 4.46, 0.77]
2026-07-15 19:27 | WARNING  | robot_0 collided with obstacle_1 at state [4.21, 5.37, 1.05]
2026-07-15 19:28 | WARNING  | robot_0 collided with obstacle_2 at state [6.8, 7.38, 0.01]
2026-07-15 19:28 | WARNING  | robot_0 collided with obstacle_1 at state [8.18, 7.13, -1.98]
2026-07-15 19:28 | WARNING  | robot_0 collided with obstacle_2 at state [7.86, 1.13, -2.2]
2026-07-15 19:28 | WARNING  | robot_0 collided with obstacle_3 at state [5.06, 2.41, 2.58]
2026-07-15 19:28 | WARNING  | robot_0 collided with obstacle_2 at state [3.98, 6.24, -0.29]
2026-07-15 19:28 | WARNING  | robot_0 collided with obstacle_4 at state [3.97, 6.12, -1.28]
--------------------------------------------------------------------------------------------
setting actor output action_std to min_action_std :  0.1
--------------------------------------------------------------------------------------------
2026-07-15 19:28 | WARNING  | robot_0 collided with obstacle_6 at state [3.08, 3.14, 2.28]
2026-07-15 19:28 | WARNING  | robot_0 collided with obstacle_5 at state [3.88, 8.95, 0.37]
2026-07-15 19:28 | WARNING  | robot_0 collided with obstacle_1 at state [6.29, 5.93, 1.49]
2026-07-15 19:28 | WARNING  | robot_0 collided with obstacle_5 at state [7.4, 8.94, -0.85]
2026-07-15 19:28 | WARNING  | robot_0 collided with obstacle_4 at state [5.54, 3.31, -2.12]
2026-07-15 19:29 | WARNING  | robot_0 collided with obstacle_1 at state [6.93, 5.5, -1.18]
2026-07-15 19:29 | WARNING  | robot_0 collided with obstacle_5 at state [1.56, 6.19, 2.21]
--------------------------------------------------------------------------------------------
setting actor output action_std to min_action_std :  0.1
--------------------------------------------------------------------------------------------
2026-07-15 19:29 | WARNING  | robot_0 collided with obstacle_4 at state [4.26, 4.2, 2.7]
2026-07-15 19:29 | WARNING  | robot_0 collided with obstacle_2 at state [2.8, 3.52, 0.12]
2026-07-15 19:29 | WARNING  | robot_0 collided with obstacle_5 at state [3.63, 7.8, -1.0]
2026-07-15 19:29 | WARNING  | robot_0 collided with obstacle_5 at state [3.31, 5.73, 0.16]
2026-07-15 19:29 | WARNING  | robot_0 collided with obstacle_2 at state [7.09, 2.63, -2.49]
2026-07-15 19:29 | WARNING  | robot_0 collided with obstacle_7 at state [4.98, 3.0, -0.24]
2026-07-15 19:29 | WARNING  | robot_0 collided with obstacle_6 at state [2.57, 6.43, 0.7]
2026-07-15 19:29 | WARNING  | robot_0 collided with obstacle_2 at state [3.77, 2.04, -0.02]
2026-07-15 19:29 | WARNING  | robot_0 collided with obstacle_6 at state [8.45, 4.75, -1.24]
2026-07-15 19:30 | WARNING  | robot_0 collided with obstacle_7 at state [6.48, 3.15, -2.53]
--------------------------------------------------------------------------------------------
setting actor output action_std to min_action_std :  0.1
--------------------------------------------------------------------------------------------
2026-07-15 19:30 | WARNING  | robot_0 collided with obstacle_3 at state [7.23, 4.5, 1.61]
2026-07-15 19:30 | WARNING  | robot_0 collided with obstacle_7 at state [3.55, 1.31, 0.02]
..............................................
Epoch 38. Evaluating scenarios
2026-07-15 19:30 | WARNING  | robot_0 collided with obstacle_7 at state [8.05, 6.21, 1.6]
2026-07-15 19:30 | WARNING  | robot_0 collided with obstacle_2 at state [2.18, 6.47, 0.0]
2026-07-15 19:30 | WARNING  | robot_0 collided with obstacle_2 at state [2.91, 7.84, 0.0]
2026-07-15 19:30 | WARNING  | robot_0 collided with obstacle_2 at state [5.47, 6.62, -1.0]
2026-07-15 19:30 | WARNING  | robot_0 collided with obstacle_6 at state [5.01, 7.18, -1.71]
Average Reward: 10.0
Average Collision rate: 0.4
Average Goal rate: 0.5
..............................................
2026-07-15 19:30 | WARNING  | robot_0 collided with obstacle_2 at state [4.23, 2.42, 0.4]
2026-07-15 19:31 | WARNING  | robot_0 collided with obstacle_3 at state [6.67, 4.48, 0.1]
2026-07-15 19:31 | WARNING  | robot_0 collided with obstacle_2 at state [5.46, 7.21, -0.63]
--------------------------------------------------------------------------------------------
setting actor output action_std to min_action_std :  0.1
--------------------------------------------------------------------------------------------
2026-07-15 19:31 | WARNING  | robot_0 collided with obstacle_3 at state [3.68, 5.69, 2.45]
2026-07-15 19:31 | WARNING  | robot_0 collided with obstacle_5 at state [7.14, 3.86, -2.64]
2026-07-15 19:31 | WARNING  | robot_0 collided with obstacle_7 at state [7.73, 1.56, -1.01]
2026-07-15 19:32 | WARNING  | robot_0 collided with obstacle_7 at state [1.79, 6.19, -1.19]
2026-07-15 19:32 | WARNING  | robot_0 collided with obstacle_6 at state [2.84, 2.75, -0.27]
2026-07-15 19:32 | WARNING  | robot_0 collided with obstacle_6 at state [1.8, 3.85, -3.06]
2026-07-15 19:32 | WARNING  | robot_0 collided with obstacle_5 at state [4.05, 4.28, -1.33]
2026-07-15 19:32 | WARNING  | robot_0 collided with obstacle_4 at state [4.96, 4.35, 2.3]
2026-07-15 19:32 | WARNING  | robot_0 collided with obstacle_5 at state [8.22, 4.73, -0.68]
--------------------------------------------------------------------------------------------
setting actor output action_std to min_action_std :  0.1
--------------------------------------------------------------------------------------------
2026-07-15 19:32 | WARNING  | robot_0 collided with obstacle_3 at state [7.67, 5.1, 1.39]
2026-07-15 19:32 | WARNING  | robot_0 collided with obstacle_5 at state [4.42, 6.38, -0.69]
2026-07-15 19:32 | WARNING  | robot_0 collided with obstacle_6 at state [5.97, 1.19, 2.91]
2026-07-15 19:32 | WARNING  | robot_0 collided with obstacle_1 at state [7.47, 7.57, -0.73]
2026-07-15 19:32 | WARNING  | robot_0 collided with obstacle_2 at state [4.57, 7.64, -0.89]
2026-07-15 19:32 | WARNING  | robot_0 collided with obstacle_1 at state [6.25, 7.72, 0.15]
2026-07-15 19:32 | WARNING  | robot_0 collided with obstacle_4 at state [3.28, 6.5, -0.23]
2026-07-15 19:32 | WARNING  | robot_0 collided with obstacle_2 at state [5.86, 4.16, -2.84]
--------------------------------------------------------------------------------------------
setting actor output action_std to min_action_std :  0.1
--------------------------------------------------------------------------------------------
2026-07-15 19:33 | WARNING  | robot_0 collided with obstacle_2 at state [4.89, 4.48, 2.56]
2026-07-15 19:33 | WARNING  | robot_0 collided with obstacle_6 at state [5.15, 8.84, -0.51]
2026-07-15 19:33 | WARNING  | robot_0 collided with obstacle_6 at state [7.26, 2.68, -0.3]
2026-07-15 19:33 | WARNING  | robot_0 collided with obstacle_5 at state [8.84, 4.25, -2.06]
2026-07-15 19:33 | WARNING  | robot_0 collided with obstacle_7 at state [5.12, 3.7, -0.11]
..............................................
Epoch 39. Evaluating scenarios
2026-07-15 19:33 | WARNING  | robot_0 collided with obstacle_7 at state [8.21, 5.54, 1.11]
2026-07-15 19:33 | WARNING  | robot_0 collided with obstacle_7 at state [1.42, 3.06, -1.53]
2026-07-15 19:33 | WARNING  | robot_0 collided with obstacle_4 at state [5.09, 5.43, 2.76]
2026-07-15 19:33 | WARNING  | robot_0 collided with obstacle_6 at state [5.69, 1.89, -0.44]
Average Reward: 10.0
Average Collision rate: 0.4
Average Goal rate: 0.5
..............................................
2026-07-15 19:34 | WARNING  | robot_0 collided with obstacle_2 at state [2.21, 4.28, -0.7]
2026-07-15 19:34 | WARNING  | robot_0 collided with obstacle_5 at state [4.94, 2.0, 2.52]
2026-07-15 19:34 | WARNING  | robot_0 collided with obstacle_3 at state [2.27, 7.11, 1.85]
2026-07-15 19:34 | WARNING  | robot_0 collided with obstacle_6 at state [2.19, 5.65, 1.49]
2026-07-15 19:34 | WARNING  | robot_0 collided with obstacle_4 at state [8.87, 7.89, -1.49]
--------------------------------------------------------------------------------------------
setting actor output action_std to min_action_std :  0.1
--------------------------------------------------------------------------------------------
2026-07-15 19:34 | WARNING  | robot_0 collided with obstacle_4 at state [4.99, 2.96, 2.79]
2026-07-15 19:34 | WARNING  | robot_0 collided with obstacle_4 at state [3.9, 5.47, -0.26]
2026-07-15 19:35 | WARNING  | robot_0 collided with obstacle_5 at state [3.7, 7.46, 0.72]
2026-07-15 19:35 | WARNING  | robot_0 collided with obstacle_3 at state [6.18, 3.84, 1.35]
2026-07-15 19:35 | WARNING  | robot_0 collided with obstacle_2 at state [5.74, 2.31, 2.41]
2026-07-15 19:35 | WARNING  | robot_0 collided with obstacle_3 at state [5.61, 2.82, -2.86]
--------------------------------------------------------------------------------------------
setting actor output action_std to min_action_std :  0.1
--------------------------------------------------------------------------------------------
2026-07-15 19:35 | WARNING  | robot_0 collided with obstacle_7 at state [5.47, 7.28, 0.29]
2026-07-15 19:35 | WARNING  | robot_0 collided with obstacle_2 at state [8.5, 5.62, -1.14]
2026-07-15 19:35 | WARNING  | robot_0 collided with obstacle_2 at state [3.21, 2.28, 2.9]
2026-07-15 19:35 | WARNING  | robot_0 collided with obstacle_4 at state [6.54, 3.78, -0.41]
2026-07-15 19:35 | WARNING  | robot_0 collided with obstacle_7 at state [5.44, 5.73, -2.81]
2026-07-15 19:35 | WARNING  | robot_0 collided with obstacle_4 at state [7.88, 2.91, -2.81]
2026-07-15 19:36 | WARNING  | robot_0 collided with obstacle_7 at state [3.34, 4.31, 1.59]
2026-07-15 19:36 | WARNING  | robot_0 collided with obstacle_5 at state [3.51, 5.3, 0.55]
2026-07-15 19:36 | WARNING  | robot_0 collided with obstacle_7 at state [4.15, 3.52, -1.63]
--------------------------------------------------------------------------------------------
setting actor output action_std to min_action_std :  0.1
--------------------------------------------------------------------------------------------
2026-07-15 19:36 | WARNING  | robot_0 collided with obstacle_7 at state [5.24, 1.39, -0.09]
2026-07-15 19:36 | WARNING  | robot_0 collided with obstacle_8 at state [5.31, 0.19, -2.99]
..............................................
Epoch 40. Evaluating scenarios
2026-07-15 19:36 | WARNING  | robot_0 collided with obstacle_6 at state [1.85, 4.41, 1.45]
2026-07-15 19:36 | WARNING  | robot_0 collided with obstacle_1 at state [4.92, 3.13, -1.26]
2026-07-15 19:36 | WARNING  | robot_0 collided with obstacle_3 at state [2.8, 6.36, 2.62]
2026-07-15 19:36 | WARNING  | robot_0 collided with obstacle_5 at state [3.12, 8.01, -1.57]
Average Reward: 20.0
Average Collision rate: 0.4
Average Goal rate: 0.6
..............................................
2026-07-15 19:36 | WARNING  | robot_0 collided with obstacle_6 at state [3.63, 4.57, -2.18]
2026-07-15 19:36 | WARNING  | robot_0 collided with obstacle_4 at state [4.14, 4.94, 2.48]
2026-07-15 19:37 | WARNING  | robot_0 collided with obstacle_5 at state [6.56, 5.7, -2.61]
2026-07-15 19:37 | WARNING  | robot_0 collided with obstacle_2 at state [5.24, 3.31, 0.03]
2026-07-15 19:37 | WARNING  | robot_0 collided with obstacle_2 at state [5.14, 1.37, -2.28]
2026-07-15 19:37 | WARNING  | robot_0 collided with obstacle_1 at state [4.25, 6.5, 1.78]
2026-07-15 19:37 | WARNING  | robot_0 collided with obstacle_2 at state [5.22, 3.84, 1.86]
--------------------------------------------------------------------------------------------
setting actor output action_std to min_action_std :  0.1
--------------------------------------------------------------------------------------------
2026-07-15 19:37 | WARNING  | robot_0 collided with obstacle_2 at state [3.81, 5.03, -1.2]
2026-07-15 19:37 | WARNING  | robot_0 collided with obstacle_6 at state [5.45, 4.67, 1.59]
2026-07-15 19:37 | WARNING  | robot_0 collided with obstacle_4 at state [6.41, 3.88, 3.04]
2026-07-15 19:37 | WARNING  | robot_0 collided with obstacle_2 at state [5.91, 2.78, -1.34]
2026-07-15 19:37 | WARNING  | robot_0 collided with obstacle_7 at state [3.86, 3.14, -2.49]
2026-07-15 19:37 | WARNING  | robot_0 collided with obstacle_3 at state [7.24, 4.36, -1.24]
2026-07-15 19:38 | WARNING  | robot_0 collided with obstacle_6 at state [8.59, 3.6, 1.79]
2026-07-15 19:38 | WARNING  | robot_0 collided with obstacle_5 at state [5.39, 3.17, 1.75]
--------------------------------------------------------------------------------------------
setting actor output action_std to min_action_std :  0.1
--------------------------------------------------------------------------------------------
2026-07-15 19:38 | WARNING  | robot_0 collided with obstacle_1 at state [6.8, 5.33, -0.11]
2026-07-15 19:38 | WARNING  | robot_0 collided with obstacle_2 at state [3.72, 3.53, 2.13]
2026-07-15 19:38 | WARNING  | robot_0 collided with obstacle_7 at state [7.62, 6.06, -1.14]
2026-07-15 19:38 | WARNING  | robot_0 collided with obstacle_7 at state [5.9, 0.87, 2.05]
2026-07-15 19:39 | WARNING  | robot_0 collided with obstacle_3 at state [5.74, 8.22, 0.03]
--------------------------------------------------------------------------------------------
setting actor output action_std to min_action_std :  0.1
--------------------------------------------------------------------------------------------
2026-07-15 19:39 | WARNING  | robot_0 collided with obstacle_1 at state [3.25, 3.05, 1.96]
2026-07-15 19:39 | WARNING  | robot_0 collided with obstacle_6 at state [2.91, 1.76, 0.14]
..............................................
Epoch 41. Evaluating scenarios
2026-07-15 19:39 | WARNING  | robot_0 collided with obstacle_7 at state [4.24, 4.86, -0.93]
2026-07-15 19:39 | WARNING  | robot_0 collided with obstacle_7 at state [6.2, 7.48, 0.18]
2026-07-15 19:39 | WARNING  | robot_0 collided with obstacle_3 at state [6.16, 6.84, -0.25]
2026-07-15 19:40 | WARNING  | robot_0 collided with obstacle_4 at state [5.31, 6.2, 0.21]
Average Reward: 10.0
Average Collision rate: 0.4
Average Goal rate: 0.5
..............................................
2026-07-15 19:40 | WARNING  | robot_0 collided with obstacle_2 at state [7.28, 7.51, -0.72]
2026-07-15 19:40 | WARNING  | robot_0 collided with obstacle_6 at state [7.81, 8.75, -0.42]
2026-07-15 19:40 | WARNING  | robot_0 collided with obstacle_1 at state [7.6, 3.17, -2.44]
2026-07-15 19:40 | WARNING  | robot_0 collided with obstacle_2 at state [5.33, 3.52, 0.0]
2026-07-15 19:40 | WARNING  | robot_0 collided with obstacle_1 at state [1.34, 7.19, 0.08]
2026-07-15 19:40 | WARNING  | robot_0 collided with obstacle_1 at state [4.04, 6.82, 1.89]
2026-07-15 19:40 | WARNING  | robot_0 collided with obstacle_6 at state [7.02, 7.72, -1.19]
2026-07-15 19:40 | WARNING  | robot_0 collided with obstacle_7 at state [7.8, 2.55, -1.56]
2026-07-15 19:40 | WARNING  | robot_0 collided with obstacle_2 at state [4.41, 2.18, 0.18]
2026-07-15 19:40 | WARNING  | robot_0 collided with obstacle_2 at state [4.45, 3.49, 0.0]
--------------------------------------------------------------------------------------------
setting actor output action_std to min_action_std :  0.1
--------------------------------------------------------------------------------------------
2026-07-15 19:40 | WARNING  | robot_0 collided with obstacle_7 at state [7.49, 5.07, -1.21]
2026-07-15 19:41 | WARNING  | robot_0 collided with obstacle_6 at state [6.56, 7.82, -0.04]
2026-07-15 19:41 | WARNING  | robot_0 collided with obstacle_2 at state [8.02, 3.15, 1.26]
2026-07-15 19:41 | WARNING  | robot_0 collided with obstacle_2 at state [5.4, 6.69, 0.26]
2026-07-15 19:41 | WARNING  | robot_0 collided with obstacle_6 at state [4.47, 3.87, 1.0]
2026-07-15 19:41 | WARNING  | robot_0 collided with obstacle_7 at state [6.69, 1.53, -0.02]
2026-07-15 19:41 | WARNING  | robot_0 collided with obstacle_6 at state [2.26, 4.92, 0.84]
--------------------------------------------------------------------------------------------
setting actor output action_std to min_action_std :  0.1
--------------------------------------------------------------------------------------------
2026-07-15 19:41 | WARNING  | robot_0 collided with obstacle_6 at state [7.12, 3.23, 3.0]
2026-07-15 19:42 | WARNING  | robot_0 collided with obstacle_1 at state [7.6, 4.47, -2.16]
2026-07-15 19:42 | WARNING  | robot_0 collided with obstacle_4 at state [5.43, 2.69, 2.81]
2026-07-15 19:42 | WARNING  | robot_0 collided with obstacle_7 at state [5.41, 1.96, 2.61]
2026-07-15 19:42 | WARNING  | robot_0 collided with obstacle_5 at state [4.19, 2.82, 0.4]
2026-07-15 19:42 | WARNING  | robot_0 collided with obstacle_1 at state [6.95, 6.64, 0.77]
2026-07-15 19:42 | WARNING  | robot_0 collided with obstacle_7 at state [6.18, 6.35, 1.88]
2026-07-15 19:42 | WARNING  | robot_0 collided with obstacle_5 at state [8.4, 5.02, -2.64]
--------------------------------------------------------------------------------------------
setting actor output action_std to min_action_std :  0.1
--------------------------------------------------------------------------------------------
2026-07-15 19:42 | WARNING  | robot_0 collided with obstacle_2 at state [4.87, 1.86, 2.75]
..............................................
Epoch 42. Evaluating scenarios
2026-07-15 19:43 | WARNING  | robot_0 collided with obstacle_4 at state [3.56, 6.65, -1.08]
2026-07-15 19:43 | WARNING  | robot_0 collided with obstacle_4 at state [4.95, 8.22, -0.32]
2026-07-15 19:43 | WARNING  | robot_0 collided with obstacle_7 at state [7.94, 4.14, -2.32]
2026-07-15 19:43 | WARNING  | robot_0 collided with obstacle_1 at state [3.12, 3.83, -0.32]
Average Reward: 10.0
Average Collision rate: 0.4
Average Goal rate: 0.5
..............................................
2026-07-15 19:43 | WARNING  | robot_0 collided with obstacle_5 at state [5.4, 8.58, -2.54]
2026-07-15 19:43 | WARNING  | robot_0 collided with obstacle_6 at state [4.56, 1.73, 0.07]
2026-07-15 19:43 | WARNING  | robot_0 collided with obstacle_3 at state [6.77, 3.36, 3.01]
2026-07-15 19:43 | WARNING  | robot_0 collided with obstacle_7 at state [7.05, 5.51, -2.74]
2026-07-15 19:43 | WARNING  | robot_0 collided with obstacle_2 at state [5.2, 1.77, -1.95]
2026-07-15 19:44 | WARNING  | robot_0 collided with obstacle_3 at state [6.62, 4.8, 2.72]
2026-07-15 19:44 | WARNING  | robot_0 collided with obstacle_2 at state [3.15, 4.59, 0.41]
--------------------------------------------------------------------------------------------
setting actor output action_std to min_action_std :  0.1
--------------------------------------------------------------------------------------------
2026-07-15 19:44 | WARNING  | robot_0 collided with obstacle_1 at state [8.17, 3.13, -1.88]
2026-07-15 19:44 | WARNING  | robot_0 collided with obstacle_2 at state [3.49, 4.52, -1.48]
2026-07-15 19:44 | WARNING  | robot_0 collided with obstacle_6 at state [7.76, 6.0, -1.3]
2026-07-15 19:44 | WARNING  | robot_0 collided with obstacle_2 at state [6.82, 1.71, -0.48]
--------------------------------------------------------------------------------------------
setting actor output action_std to min_action_std :  0.1
--------------------------------------------------------------------------------------------
2026-07-15 19:44 | WARNING  | robot_0 collided with obstacle_5 at state [8.12, 6.79, -2.7]
2026-07-15 19:45 | WARNING  | robot_0 collided with obstacle_1 at state [1.99, 3.98, -1.14]
2026-07-15 19:45 | WARNING  | robot_0 collided with obstacle_3 at state [5.69, 4.04, -2.24]
2026-07-15 19:45 | WARNING  | robot_0 collided with obstacle_5 at state [2.1, 1.95, 0.02]
2026-07-15 19:45 | WARNING  | robot_0 collided with obstacle_1 at state [4.09, 3.4, 2.29]
--------------------------------------------------------------------------------------------
setting actor output action_std to min_action_std :  0.1
--------------------------------------------------------------------------------------------
2026-07-15 19:46 | WARNING  | robot_0 collided with obstacle_5 at state [4.81, 3.51, -2.36]
2026-07-15 19:46 | WARNING  | robot_0 collided with obstacle_1 at state [2.54, 2.0, 0.16]
2026-07-15 19:46 | WARNING  | robot_0 collided with obstacle_2 at state [3.05, 4.83, -2.23]
..............................................
Epoch 43. Evaluating scenarios
2026-07-15 19:46 | WARNING  | robot_0 collided with obstacle_4 at state [7.06, 5.86, 0.35]
2026-07-15 19:46 | WARNING  | robot_0 collided with obstacle_1 at state [8.05, 7.4, -0.8]
2026-07-15 19:46 | WARNING  | robot_0 collided with obstacle_6 at state [7.91, 2.89, 1.75]
2026-07-15 19:46 | WARNING  | robot_0 collided with obstacle_2 at state [1.41, 3.31, -0.15]
Average Reward: 20.0
Average Collision rate: 0.4
Average Goal rate: 0.6
..............................................
2026-07-15 19:46 | WARNING  | robot_0 collided with obstacle_6 at state [5.49, 7.54, 0.41]
2026-07-15 19:46 | WARNING  | robot_0 collided with obstacle_5 at state [2.47, 3.47, -0.85]
2026-07-15 19:46 | WARNING  | robot_0 collided with obstacle_4 at state [3.52, 2.65, 1.39]
2026-07-15 19:46 | WARNING  | robot_0 collided with obstacle_6 at state [6.19, 3.82, 2.15]
2026-07-15 19:46 | WARNING  | robot_0 collided with obstacle_6 at state [2.61, 5.02, -1.2]
2026-07-15 19:46 | WARNING  | robot_0 collided with obstacle_4 at state [1.2, 3.67, 0.29]
2026-07-15 19:47 | WARNING  | robot_0 collided with obstacle_2 at state [5.45, 7.75, 2.68]
--------------------------------------------------------------------------------------------
setting actor output action_std to min_action_std :  0.1
--------------------------------------------------------------------------------------------
2026-07-15 19:47 | WARNING  | robot_0 collided with obstacle_6 at state [7.72, 6.27, -1.56]
2026-07-15 19:47 | WARNING  | robot_0 collided with obstacle_2 at state [4.69, 5.31, 2.42]
2026-07-15 19:47 | WARNING  | robot_0 collided with obstacle_6 at state [4.84, 6.15, -0.69]
2026-07-15 19:47 | WARNING  | robot_0 collided with obstacle_7 at state [6.62, 5.45, -2.94]
2026-07-15 19:48 | WARNING  | robot_0 collided with obstacle_4 at state [5.35, 6.72, -1.24]
2026-07-15 19:48 | WARNING  | robot_0 collided with obstacle_5 at state [2.04, 1.62, -0.11]
2026-07-15 19:48 | WARNING  | robot_0 collided with obstacle_6 at state [7.21, 2.91, -2.54]
--------------------------------------------------------------------------------------------
setting actor output action_std to min_action_std :  0.1
--------------------------------------------------------------------------------------------
2026-07-15 19:48 | WARNING  | robot_0 collided with obstacle_4 at state [5.19, 6.58, 2.53]
2026-07-15 19:48 | WARNING  | robot_0 collided with obstacle_4 at state [3.51, 4.42, 2.39]
2026-07-15 19:48 | WARNING  | robot_0 collided with obstacle_5 at state [6.66, 6.99, 0.36]
2026-07-15 19:48 | WARNING  | robot_0 collided with obstacle_4 at state [6.42, 7.01, -1.19]
--------------------------------------------------------------------------------------------
setting actor output action_std to min_action_std :  0.1
--------------------------------------------------------------------------------------------
2026-07-15 19:49 | WARNING  | robot_0 collided with obstacle_5 at state [5.12, 4.03, 1.2]
2026-07-15 19:49 | WARNING  | robot_0 collided with obstacle_3 at state [5.1, 7.96, -0.53]
2026-07-15 19:49 | WARNING  | robot_0 collided with obstacle_4 at state [1.84, 5.39, -0.56]
2026-07-15 19:49 | WARNING  | robot_0 collided with obstacle_1 at state [3.88, 2.08, -0.71]
2026-07-15 19:49 | WARNING  | robot_0 collided with obstacle_3 at state [4.7, 3.6, -2.43]
..............................................
Epoch 44. Evaluating scenarios
2026-07-15 19:49 | WARNING  | robot_0 collided with obstacle_2 at state [8.76, 7.12, -1.35]
2026-07-15 19:49 | WARNING  | robot_0 collided with obstacle_1 at state [9.06, 6.13, -0.67]
2026-07-15 19:49 | WARNING  | robot_0 collided with obstacle_4 at state [4.68, 6.78, -0.34]
2026-07-15 19:49 | WARNING  | robot_0 collided with obstacle_1 at state [5.7, 2.36, 2.76]
Average Reward: 10.0
Average Collision rate: 0.4
Average Goal rate: 0.5
..............................................
2026-07-15 19:49 | WARNING  | robot_0 collided with obstacle_4 at state [6.76, 3.31, -3.03]
2026-07-15 19:49 | WARNING  | robot_0 collided with obstacle_3 at state [2.88, 2.97, 1.49]
2026-07-15 19:50 | WARNING  | robot_0 collided with obstacle_2 at state [3.48, 4.47, -1.92]
2026-07-15 19:50 | WARNING  | robot_0 collided with obstacle_3 at state [5.64, 3.8, -1.98]
--------------------------------------------------------------------------------------------
setting actor output action_std to min_action_std :  0.1
--------------------------------------------------------------------------------------------
2026-07-15 19:51 | WARNING  | robot_0 collided with obstacle_4 at state [6.81, 4.33, -1.74]
2026-07-15 19:51 | WARNING  | robot_0 collided with obstacle_3 at state [2.74, 5.9, 1.07]
2026-07-15 19:51 | WARNING  | robot_0 collided with obstacle_4 at state [3.58, 4.89, 1.87]
--------------------------------------------------------------------------------------------
setting actor output action_std to min_action_std :  0.1
--------------------------------------------------------------------------------------------
2026-07-15 19:52 | WARNING  | robot_0 collided with obstacle_6 at state [3.76, 1.68, -0.74]
2026-07-15 19:52 | WARNING  | robot_0 collided with obstacle_6 at state [5.97, 7.49, -0.84]
2026-07-15 19:52 | WARNING  | robot_0 collided with obstacle_2 at state [6.77, 3.12, 3.01]
2026-07-15 19:52 | WARNING  | robot_0 collided with obstacle_7 at state [4.98, 1.41, 0.39]
--------------------------------------------------------------------------------------------
setting actor output action_std to min_action_std :  0.1
--------------------------------------------------------------------------------------------
2026-07-15 19:52 | WARNING  | robot_0 collided with obstacle_7 at state [6.27, 5.03, 2.15]
2026-07-15 19:52 | WARNING  | robot_0 collided with obstacle_2 at state [7.36, 7.31, -2.46]
2026-07-15 19:52 | WARNING  | robot_0 collided with obstacle_5 at state [6.64, 3.92, -1.86]
2026-07-15 19:53 | WARNING  | robot_0 collided with obstacle_6 at state [1.84, 2.03, -1.16]
..............................................
Epoch 45. Evaluating scenarios
2026-07-15 19:53 | WARNING  | robot_0 collided with obstacle_4 at state [6.06, 4.51, -0.5]
2026-07-15 19:53 | WARNING  | robot_0 collided with obstacle_7 at state [5.85, 2.21, -0.46]
2026-07-15 19:53 | WARNING  | robot_0 collided with obstacle_6 at state [1.65, 7.49, -0.71]
Average Reward: 30.0
Average Collision rate: 0.3
Average Goal rate: 0.6
..............................................
2026-07-15 19:53 | WARNING  | robot_0 collided with obstacle_4 at state [1.7, 7.41, 0.96]
2026-07-15 19:54 | WARNING  | robot_0 collided with obstacle_6 at state [4.95, 2.99, 2.57]
2026-07-15 19:54 | WARNING  | robot_0 collided with obstacle_3 at state [1.86, 5.68, 0.81]
--------------------------------------------------------------------------------------------
setting actor output action_std to min_action_std :  0.1
--------------------------------------------------------------------------------------------
2026-07-15 19:54 | WARNING  | robot_0 collided with obstacle_2 at state [7.33, 7.31, -0.13]
2026-07-15 19:54 | WARNING  | robot_0 collided with obstacle_5 at state [6.77, 2.86, -2.98]
2026-07-15 19:54 | WARNING  | robot_0 collided with obstacle_7 at state [7.44, 5.62, -2.94]
2026-07-15 19:54 | WARNING  | robot_0 collided with obstacle_5 at state [8.91, 3.55, -1.61]
2026-07-15 19:54 | WARNING  | robot_0 collided with obstacle_2 at state [3.88, 6.65, 0.0]
2026-07-15 19:54 | WARNING  | robot_0 collided with obstacle_2 at state [4.59, 1.64, -2.27]
2026-07-15 19:54 | WARNING  | robot_0 collided with obstacle_7 at state [8.81, 2.66, -1.47]
2026-07-15 19:54 | WARNING  | robot_0 collided with obstacle_5 at state [3.1, 3.96, 0.25]
2026-07-15 19:54 | WARNING  | robot_0 collided with obstacle_2 at state [7.02, 2.46, 1.54]
2026-07-15 19:54 | WARNING  | robot_0 collided with obstacle_4 at state [4.88, 2.41, 0.37]
2026-07-15 19:55 | WARNING  | robot_0 collided with obstacle_1 at state [2.73, 3.43, 1.9]
--------------------------------------------------------------------------------------------
setting actor output action_std to min_action_std :  0.1
--------------------------------------------------------------------------------------------
2026-07-15 19:55 | WARNING  | robot_0 collided with obstacle_5 at state [5.12, 1.96, -0.03]
2026-07-15 19:55 | WARNING  | robot_0 collided with obstacle_3 at state [6.22, 4.09, -2.86]
2026-07-15 19:55 | WARNING  | robot_0 collided with obstacle_3 at state [2.21, 5.08, -0.55]
2026-07-15 19:55 | WARNING  | robot_0 collided with obstacle_4 at state [3.84, 4.85, 1.93]
2026-07-15 19:55 | WARNING  | robot_0 collided with obstacle_5 at state [6.14, 5.66, -1.75]
2026-07-15 19:55 | WARNING  | robot_0 collided with obstacle_1 at state [4.03, 4.2, -0.11]
--------------------------------------------------------------------------------------------
setting actor output action_std to min_action_std :  0.1
--------------------------------------------------------------------------------------------
2026-07-15 19:56 | WARNING  | robot_0 collided with obstacle_4 at state [6.24, 2.37, -3.02]
2026-07-15 19:56 | WARNING  | robot_0 collided with obstacle_1 at state [6.47, 7.94, -0.34]
2026-07-15 19:56 | WARNING  | robot_0 collided with obstacle_4 at state [3.81, 8.12, -1.59]
2026-07-15 19:56 | WARNING  | robot_0 collided with obstacle_4 at state [1.81, 7.84, 0.1]
2026-07-15 19:56 | WARNING  | robot_0 collided with obstacle_6 at state [7.99, 7.14, -0.0]
..............................................
Epoch 46. Evaluating scenarios
2026-07-15 19:56 | WARNING  | robot_0 collided with obstacle_4 at state [4.45, 3.87, -1.87]
2026-07-15 19:56 | WARNING  | robot_0 collided with obstacle_3 at state [3.03, 3.37, 1.95]
Average Reward: 30.0
Average Collision rate: 0.2
Average Goal rate: 0.5
..............................................
2026-07-15 19:57 | WARNING  | robot_0 collided with obstacle_3 at state [9.04, 7.48, -2.73]
2026-07-15 19:57 | WARNING  | robot_0 collided with obstacle_3 at state [3.94, 4.7, 2.19]
2026-07-15 19:57 | WARNING  | robot_0 collided with obstacle_3 at state [6.23, 5.23, -3.06]
2026-07-15 19:57 | WARNING  | robot_0 collided with obstacle_4 at state [3.12, 1.78, 0.03]
2026-07-15 19:57 | WARNING  | robot_0 collided with obstacle_6 at state [5.11, 2.93, -0.42]
2026-07-15 19:57 | WARNING  | robot_0 collided with obstacle_6 at state [6.77, 4.85, -0.43]
--------------------------------------------------------------------------------------------
setting actor output action_std to min_action_std :  0.1
--------------------------------------------------------------------------------------------
2026-07-15 19:57 | WARNING  | robot_0 collided with obstacle_4 at state [5.46, 3.81, -2.63]
2026-07-15 19:58 | WARNING  | robot_0 collided with obstacle_6 at state [8.66, 2.77, 2.26]
2026-07-15 19:58 | WARNING  | robot_0 collided with obstacle_7 at state [2.63, 8.55, -0.88]
2026-07-15 19:58 | WARNING  | robot_0 collided with obstacle_4 at state [7.22, 4.86, -2.99]
2026-07-15 19:58 | WARNING  | robot_0 collided with obstacle_7 at state [3.91, 7.23, 0.24]
2026-07-15 19:58 | WARNING  | robot_0 collided with obstacle_4 at state [6.38, 4.35, -1.25]
--------------------------------------------------------------------------------------------
setting actor output action_std to min_action_std :  0.1
--------------------------------------------------------------------------------------------
2026-07-15 19:58 | WARNING  | robot_0 collided with obstacle_2 at state [1.83, 6.04, 0.32]
2026-07-15 19:58 | WARNING  | robot_0 collided with obstacle_1 at state [6.92, 6.01, 2.55]
2026-07-15 19:58 | WARNING  | robot_0 collided with obstacle_3 at state [6.9, 4.12, -1.39]
2026-07-15 19:58 | WARNING  | robot_0 collided with obstacle_6 at state [0.55, 4.39, 1.08]
2026-07-15 19:58 | WARNING  | robot_0 collided with obstacle_3 at state [7.83, 1.46, -0.73]
2026-07-15 19:59 | WARNING  | robot_0 collided with obstacle_7 at state [3.96, 2.97, 0.69]
2026-07-15 19:59 | WARNING  | robot_0 collided with obstacle_1 at state [3.63, 6.42, -1.15]
2026-07-15 19:59 | WARNING  | robot_0 collided with obstacle_7 at state [7.01, 1.98, 1.6]
2026-07-15 19:59 | WARNING  | robot_0 collided with obstacle_6 at state [6.75, 5.6, 0.16]
--------------------------------------------------------------------------------------------
setting actor output action_std to min_action_std :  0.1
--------------------------------------------------------------------------------------------
2026-07-15 19:59 | WARNING  | robot_0 collided with obstacle_7 at state [6.3, 4.76, -2.36]
..............................................
Epoch 47. Evaluating scenarios
2026-07-15 19:59 | WARNING  | robot_0 collided with obstacle_5 at state [3.72, 2.76, 1.73]
2026-07-15 19:59 | WARNING  | robot_0 collided with obstacle_7 at state [7.29, 3.08, -2.3]
Average Reward: 50.0
Average Collision rate: 0.2
Average Goal rate: 0.7
..............................................
2026-07-15 20:00 | WARNING  | robot_0 collided with obstacle_2 at state [5.59, 2.14, -1.05]
2026-07-15 20:00 | WARNING  | robot_0 collided with obstacle_4 at state [5.04, 5.33, -1.54]
2026-07-15 20:00 | WARNING  | robot_0 collided with obstacle_3 at state [1.67, 5.21, 2.17]
2026-07-15 20:00 | WARNING  | robot_0 collided with obstacle_1 at state [3.78, 5.93, 1.47]
2026-07-15 20:00 | WARNING  | robot_0 collided with obstacle_3 at state [6.82, 4.67, -2.16]
2026-07-15 20:00 | WARNING  | robot_0 collided with obstacle_4 at state [4.39, 5.39, 2.42]
--------------------------------------------------------------------------------------------
setting actor output action_std to min_action_std :  0.1
--------------------------------------------------------------------------------------------
2026-07-15 20:01 | WARNING  | robot_0 collided with obstacle_2 at state [8.47, 5.78, -1.62]
2026-07-15 20:01 | WARNING  | robot_0 collided with obstacle_5 at state [6.39, 2.08, 0.23]
2026-07-15 20:01 | WARNING  | robot_0 collided with obstacle_6 at state [8.1, 3.39, -0.97]
2026-07-15 20:01 | WARNING  | robot_0 collided with obstacle_5 at state [4.78, 2.47, 2.62]
2026-07-15 20:01 | WARNING  | robot_0 collided with obstacle_4 at state [4.76, 4.4, 2.94]
--------------------------------------------------------------------------------------------
setting actor output action_std to min_action_std :  0.1
--------------------------------------------------------------------------------------------
2026-07-15 20:02 | WARNING  | robot_0 collided with obstacle_5 at state [2.76, 1.56, 3.03]
2026-07-15 20:02 | WARNING  | robot_0 collided with obstacle_4 at state [7.63, 1.9, 0.1]
2026-07-15 20:02 | WARNING  | robot_0 collided with obstacle_1 at state [2.95, 2.41, 1.44]
2026-07-15 20:02 | WARNING  | robot_0 collided with obstacle_4 at state [4.23, 4.09, 2.45]
2026-07-15 20:02 | WARNING  | robot_0 collided with obstacle_1 at state [8.67, 5.23, -1.8]
--------------------------------------------------------------------------------------------
setting actor output action_std to min_action_std :  0.1
--------------------------------------------------------------------------------------------
2026-07-15 20:02 | WARNING  | robot_0 collided with obstacle_2 at state [2.74, 6.27, 0.38]
2026-07-15 20:02 | WARNING  | robot_0 collided with obstacle_4 at state [4.46, 4.77, -1.9]
2026-07-15 20:03 | WARNING  | robot_0 collided with obstacle_7 at state [2.76, 5.13, 0.99]
..............................................
Epoch 48. Evaluating scenarios
2026-07-15 20:03 | WARNING  | robot_0 collided with obstacle_2 at state [3.11, 1.69, 3.05]
2026-07-15 20:03 | WARNING  | robot_0 collided with obstacle_3 at state [2.36, 6.52, 0.34]
Average Reward: 60.0
Average Collision rate: 0.2
Average Goal rate: 0.8
..............................................
2026-07-15 20:03 | WARNING  | robot_0 collided with obstacle_5 at state [5.19, 4.72, 0.5]
2026-07-15 20:03 | WARNING  | robot_0 collided with obstacle_4 at state [5.21, 4.15, -1.93]
--------------------------------------------------------------------------------------------
setting actor output action_std to min_action_std :  0.1
--------------------------------------------------------------------------------------------
2026-07-15 20:04 | WARNING  | robot_0 collided with obstacle_2 at state [2.98, 5.81, -1.32]
2026-07-15 20:04 | WARNING  | robot_0 collided with obstacle_4 at state [4.85, 2.52, -2.5]
2026-07-15 20:04 | WARNING  | robot_0 collided with obstacle_4 at state [6.47, 2.81, 0.12]
2026-07-15 20:04 | WARNING  | robot_0 collided with obstacle_1 at state [4.37, 7.01, -0.57]
2026-07-15 20:04 | WARNING  | robot_0 collided with obstacle_6 at state [2.86, 5.85, 0.83]
2026-07-15 20:04 | WARNING  | robot_0 collided with obstacle_3 at state [5.68, 4.99, 0.0]
2026-07-15 20:04 | WARNING  | robot_0 collided with obstacle_2 at state [5.68, 4.99, 0.0]
2026-07-15 20:05 | WARNING  | robot_0 collided with obstacle_1 at state [7.76, 9.11, -1.21]
--------------------------------------------------------------------------------------------
setting actor output action_std to min_action_std :  0.1
--------------------------------------------------------------------------------------------
2026-07-15 20:05 | WARNING  | robot_0 collided with obstacle_7 at state [5.43, 2.42, 0.32]
2026-07-15 20:05 | WARNING  | robot_0 collided with obstacle_7 at state [4.89, 8.66, -1.77]
2026-07-15 20:05 | WARNING  | robot_0 collided with obstacle_5 at state [8.51, 3.15, -2.24]
2026-07-15 20:05 | WARNING  | robot_0 collided with obstacle_6 at state [3.87, 2.59, -0.22]
2026-07-15 20:05 | WARNING  | robot_0 collided with obstacle_1 at state [5.7, 5.71, 0.15]
--------------------------------------------------------------------------------------------
setting actor output action_std to min_action_std :  0.1
--------------------------------------------------------------------------------------------
2026-07-15 20:05 | WARNING  | robot_0 collided with obstacle_3 at state [4.68, 7.01, -0.55]
2026-07-15 20:06 | WARNING  | robot_0 collided with obstacle_7 at state [7.48, 4.73, 1.39]
2026-07-15 20:06 | WARNING  | robot_0 collided with obstacle_1 at state [7.36, 8.33, 0.07]
..............................................
Epoch 49. Evaluating scenarios
2026-07-15 20:06 | WARNING  | robot_0 collided with obstacle_4 at state [2.9, 6.07, 1.41]
2026-07-15 20:06 | WARNING  | robot_0 collided with obstacle_1 at state [5.34, 2.22, 0.06]
2026-07-15 20:06 | WARNING  | robot_0 collided with obstacle_6 at state [3.58, 2.18, 3.12]
2026-07-15 20:06 | WARNING  | robot_0 collided with obstacle_4 at state [3.79, 4.26, -1.65]
2026-07-15 20:06 | WARNING  | robot_0 collided with obstacle_4 at state [2.54, 4.34, 1.86]
Average Reward: -20.0
Average Collision rate: 0.5
Average Goal rate: 0.3
..............................................
2026-07-15 20:06 | WARNING  | robot_0 collided with obstacle_3 at state [2.26, 6.6, 1.44]
2026-07-15 20:07 | WARNING  | robot_0 collided with obstacle_6 at state [6.92, 3.45, -2.57]
2026-07-15 20:07 | WARNING  | robot_0 collided with obstacle_4 at state [4.26, 6.46, -2.14]
2026-07-15 20:07 | WARNING  | robot_0 collided with obstacle_6 at state [4.96, 7.17, 0.55]
2026-07-15 20:07 | WARNING  | robot_0 collided with obstacle_7 at state [6.31, 4.26, 1.35]
2026-07-15 20:07 | WARNING  | robot_0 collided with obstacle_4 at state [4.52, 4.7, -2.0]
--------------------------------------------------------------------------------------------
setting actor output action_std to min_action_std :  0.1
--------------------------------------------------------------------------------------------
2026-07-15 20:07 | WARNING  | robot_0 collided with obstacle_4 at state [6.01, 5.73, 0.26]
2026-07-15 20:08 | WARNING  | robot_0 collided with obstacle_4 at state [5.24, 3.71, -2.04]
2026-07-15 20:08 | WARNING  | robot_0 collided with obstacle_4 at state [6.37, 2.28, 1.6]
2026-07-15 20:08 | WARNING  | robot_0 collided with obstacle_4 at state [6.4, 4.06, 2.5]
2026-07-15 20:08 | WARNING  | robot_0 collided with obstacle_5 at state [3.69, 7.98, -1.58]
2026-07-15 20:08 | WARNING  | robot_0 collided with obstacle_6 at state [2.6, 2.71, 2.97]
2026-07-15 20:08 | WARNING  | robot_0 collided with obstacle_3 at state [4.42, 6.72, -0.94]
--------------------------------------------------------------------------------------------
setting actor output action_std to min_action_std :  0.1
--------------------------------------------------------------------------------------------
2026-07-15 20:08 | WARNING  | robot_0 collided with obstacle_7 at state [4.36, 6.41, 1.38]
2026-07-15 20:09 | WARNING  | robot_0 collided with obstacle_1 at state [5.99, 7.62, 1.01]
2026-07-15 20:09 | WARNING  | robot_0 collided with obstacle_4 at state [5.8, 6.84, 0.75]
2026-07-15 20:09 | WARNING  | robot_0 collided with obstacle_8 at state [9.81, 3.06, 0.05]
2026-07-15 20:09 | WARNING  | robot_0 collided with obstacle_2 at state [6.64, 5.62, -3.05]
2026-07-15 20:09 | WARNING  | robot_0 collided with obstacle_4 at state [3.99, 4.66, -1.87]
2026-07-15 20:09 | WARNING  | robot_0 collided with obstacle_2 at state [7.36, 1.06, -2.98]
--------------------------------------------------------------------------------------------
setting actor output action_std to min_action_std :  0.1
--------------------------------------------------------------------------------------------
2026-07-15 20:09 | WARNING  | robot_0 collided with obstacle_2 at state [6.72, 2.88, 2.38]
2026-07-15 20:09 | WARNING  | robot_0 collided with obstacle_1 at state [4.03, 2.06, 0.91]
2026-07-15 20:09 | WARNING  | robot_0 collided with obstacle_5 at state [5.53, 5.85, -1.16]
2026-07-15 20:09 | WARNING  | robot_0 collided with obstacle_2 at state [7.69, 7.87, -0.25]
..............................................
Epoch 50. Evaluating scenarios
2026-07-15 20:09 | WARNING  | robot_0 collided with obstacle_1 at state [1.27, 3.24, 2.82]
2026-07-15 20:10 | WARNING  | robot_0 collided with obstacle_5 at state [7.04, 5.2, 0.05]
2026-07-15 20:10 | WARNING  | robot_0 collided with obstacle_7 at state [4.95, 7.01, 1.46]
Average Reward: 40.0
Average Collision rate: 0.3
Average Goal rate: 0.7
..............................................
2026-07-15 20:10 | WARNING  | robot_0 collided with obstacle_1 at state [6.74, 5.92, 2.17]
2026-07-15 20:10 | WARNING  | robot_0 collided with obstacle_2 at state [3.21, 2.12, -0.39]
2026-07-15 20:10 | WARNING  | robot_0 collided with obstacle_2 at state [2.59, 2.98, -2.48]
2026-07-15 20:10 | WARNING  | robot_0 collided with obstacle_1 at state [6.57, 4.85, -1.96]
2026-07-15 20:10 | WARNING  | robot_0 collided with obstacle_3 at state [3.58, 5.35, 2.35]
2026-07-15 20:11 | WARNING  | robot_0 collided with obstacle_4 at state [6.54, 6.62, 0.34]
2026-07-15 20:11 | WARNING  | robot_0 collided with obstacle_4 at state [7.96, 5.5, -1.34]
--------------------------------------------------------------------------------------------
setting actor output action_std to min_action_std :  0.1
--------------------------------------------------------------------------------------------
2026-07-15 20:11 | WARNING  | robot_0 collided with obstacle_2 at state [3.0, 5.4, -2.04]
2026-07-15 20:11 | WARNING  | robot_0 collided with obstacle_5 at state [4.0, 2.13, 0.3]
2026-07-15 20:11 | WARNING  | robot_0 collided with obstacle_6 at state [5.3, 2.82, 1.41]
2026-07-15 20:11 | WARNING  | robot_0 collided with obstacle_6 at state [5.43, 1.7, -2.75]
2026-07-15 20:11 | WARNING  | robot_0 collided with obstacle_6 at state [8.81, 3.42, -2.85]
--------------------------------------------------------------------------------------------
setting actor output action_std to min_action_std :  0.1
--------------------------------------------------------------------------------------------
2026-07-15 20:12 | WARNING  | robot_0 collided with obstacle_5 at state [3.03, 2.82, 2.2]
2026-07-15 20:12 | WARNING  | robot_0 collided with obstacle_5 at state [2.85, 2.97, -0.49]
2026-07-15 20:12 | WARNING  | robot_0 collided with obstacle_1 at state [2.82, 3.55, -1.79]
2026-07-15 20:12 | WARNING  | robot_0 collided with obstacle_8 at state [7.41, 9.81, 2.06]
2026-07-15 20:12 | WARNING  | robot_0 collided with obstacle_1 at state [6.47, 8.12, -2.79]
2026-07-15 20:12 | WARNING  | robot_0 collided with obstacle_1 at state [6.68, 3.41, -2.79]
2026-07-15 20:12 | WARNING  | robot_0 collided with obstacle_4 at state [7.73, 7.77, -2.6]
2026-07-15 20:12 | WARNING  | robot_0 collided with obstacle_3 at state [5.97, 2.75, 0.28]
2026-07-15 20:12 | WARNING  | robot_0 collided with obstacle_7 at state [3.54, 2.04, -1.62]
--------------------------------------------------------------------------------------------
setting actor output action_std to min_action_std :  0.1
--------------------------------------------------------------------------------------------
2026-07-15 20:12 | WARNING  | robot_0 collided with obstacle_1 at state [4.98, 9.09, -0.34]
2026-07-15 20:12 | WARNING  | robot_0 collided with obstacle_5 at state [3.53, 6.72, 1.51]
2026-07-15 20:12 | WARNING  | robot_0 collided with obstacle_3 at state [5.87, 3.28, -0.15]
..............................................
Epoch 51. Evaluating scenarios
2026-07-15 20:13 | WARNING  | robot_0 collided with obstacle_2 at state [6.02, 6.22, -1.3]
2026-07-15 20:13 | WARNING  | robot_0 collided with obstacle_4 at state [5.47, 4.74, 1.65]
2026-07-15 20:13 | WARNING  | robot_0 collided with obstacle_5 at state [2.54, 2.65, 0.15]
Average Reward: 20.0
Average Collision rate: 0.3
Average Goal rate: 0.5
..............................................
2026-07-15 20:13 | WARNING  | robot_0 collided with obstacle_1 at state [6.12, 3.53, -2.88]
2026-07-15 20:14 | WARNING  | robot_0 collided with obstacle_2 at state [5.84, 7.71, -2.17]
2026-07-15 20:14 | WARNING  | robot_0 collided with obstacle_2 at state [5.92, 6.44, -3.09]
2026-07-15 20:14 | WARNING  | robot_0 collided with obstacle_1 at state [7.08, 5.9, 0.44]
2026-07-15 20:14 | WARNING  | robot_0 collided with obstacle_6 at state [1.23, 4.17, 0.61]
2026-07-15 20:14 | WARNING  | robot_0 collided with obstacle_6 at state [6.01, 3.25, -2.64]
2026-07-15 20:14 | WARNING  | robot_0 collided with obstacle_2 at state [4.52, 4.64, 2.14]
2026-07-15 20:14 | WARNING  | robot_0 collided with obstacle_5 at state [5.5, 2.43, -0.04]
2026-07-15 20:14 | WARNING  | robot_0 collided with obstacle_4 at state [3.88, 4.75, -1.11]
--------------------------------------------------------------------------------------------
setting actor output action_std to min_action_std :  0.1
--------------------------------------------------------------------------------------------
2026-07-15 20:14 | WARNING  | robot_0 collided with obstacle_1 at state [4.77, 7.55, -0.83]
2026-07-15 20:15 | WARNING  | robot_0 collided with obstacle_4 at state [6.09, 5.04, -1.65]
2026-07-15 20:15 | WARNING  | robot_0 collided with obstacle_6 at state [6.82, 2.75, -1.62]
2026-07-15 20:15 | WARNING  | robot_0 collided with obstacle_2 at state [2.5, 1.53, 2.6]
2026-07-15 20:15 | WARNING  | robot_0 collided with obstacle_4 at state [4.34, 6.42, -1.71]
2026-07-15 20:15 | WARNING  | robot_0 collided with obstacle_1 at state [3.44, 6.51, 0.45]
2026-07-15 20:15 | WARNING  | robot_0 collided with obstacle_6 at state [7.01, 5.88, 1.5]
--------------------------------------------------------------------------------------------
setting actor output action_std to min_action_std :  0.1
--------------------------------------------------------------------------------------------
2026-07-15 20:15 | WARNING  | robot_0 collided with obstacle_5 at state [7.24, 5.35, -0.72]
2026-07-15 20:15 | WARNING  | robot_0 collided with obstacle_4 at state [4.51, 2.47, 1.1]
2026-07-15 20:15 | WARNING  | robot_0 collided with obstacle_5 at state [2.83, 2.15, -0.12]
2026-07-15 20:15 | WARNING  | robot_0 collided with obstacle_1 at state [4.89, 8.23, -0.27]
2026-07-15 20:16 | WARNING  | robot_0 collided with obstacle_4 at state [7.83, 4.44, 2.11]
2026-07-15 20:16 | WARNING  | robot_0 collided with obstacle_2 at state [4.79, 2.41, 2.95]
2026-07-15 20:16 | WARNING  | robot_0 collided with obstacle_3 at state [2.71, 8.77, 0.0]
--------------------------------------------------------------------------------------------
setting actor output action_std to min_action_std :  0.1
--------------------------------------------------------------------------------------------
2026-07-15 20:16 | WARNING  | robot_0 collided with obstacle_1 at state [8.56, 1.36, -1.63]
2026-07-15 20:16 | WARNING  | robot_0 collided with obstacle_2 at state [6.45, 3.37, -0.33]
2026-07-15 20:16 | WARNING  | robot_0 collided with obstacle_6 at state [6.69, 2.87, 2.62]
2026-07-15 20:16 | WARNING  | robot_0 collided with obstacle_4 at state [6.29, 2.52, 2.88]
..............................................
Epoch 52. Evaluating scenarios
2026-07-15 20:16 | WARNING  | robot_0 collided with obstacle_2 at state [6.51, 2.42, -2.69]
2026-07-15 20:17 | WARNING  | robot_0 collided with obstacle_2 at state [7.07, 4.21, -1.36]
2026-07-15 20:17 | WARNING  | robot_0 collided with obstacle_5 at state [6.34, 5.71, 0.25]
Average Reward: 10.0
Average Collision rate: 0.3
Average Goal rate: 0.4
..............................................
2026-07-15 20:17 | WARNING  | robot_0 collided with obstacle_2 at state [7.17, 4.71, 2.59]
2026-07-15 20:17 | WARNING  | robot_0 collided with obstacle_5 at state [4.36, 5.86, -0.03]
2026-07-15 20:17 | WARNING  | robot_0 collided with obstacle_8 at state [9.8, 3.81, -1.13]
2026-07-15 20:17 | WARNING  | robot_0 collided with obstacle_7 at state [6.51, 5.19, -1.07]
2026-07-15 20:17 | WARNING  | robot_0 collided with obstacle_2 at state [2.97, 6.74, -0.05]
2026-07-15 20:17 | WARNING  | robot_0 collided with obstacle_4 at state [6.66, 4.55, 3.03]
2026-07-15 20:18 | WARNING  | robot_0 collided with obstacle_4 at state [6.79, 2.16, 2.08]
2026-07-15 20:18 | WARNING  | robot_0 collided with obstacle_4 at state [2.23, 7.63, 0.51]
--------------------------------------------------------------------------------------------
setting actor output action_std to min_action_std :  0.1
--------------------------------------------------------------------------------------------
2026-07-15 20:18 | WARNING  | robot_0 collided with obstacle_1 at state [4.94, 7.41, -0.45]
2026-07-15 20:18 | WARNING  | robot_0 collided with obstacle_2 at state [7.28, 7.04, -3.09]
2026-07-15 20:18 | WARNING  | robot_0 collided with obstacle_4 at state [7.21, 3.38, 0.7]
2026-07-15 20:18 | WARNING  | robot_0 collided with obstacle_6 at state [2.34, 7.32, -0.89]
2026-07-15 20:18 | WARNING  | robot_0 collided with obstacle_1 at state [5.94, 6.05, 2.69]
2026-07-15 20:18 | WARNING  | robot_0 collided with obstacle_5 at state [3.93, 4.81, 1.77]
--------------------------------------------------------------------------------------------
setting actor output action_std to min_action_std :  0.1
--------------------------------------------------------------------------------------------
2026-07-15 20:18 | WARNING  | robot_0 collided with obstacle_1 at state [6.16, 7.25, -1.45]
2026-07-15 20:18 | WARNING  | robot_0 collided with obstacle_4 at state [6.4, 3.31, 2.9]
2026-07-15 20:18 | WARNING  | robot_0 collided with obstacle_4 at state [7.63, 2.51, -0.06]
2026-07-15 20:19 | WARNING  | robot_0 collided with obstacle_2 at state [5.87, 2.43, -2.65]
2026-07-15 20:19 | WARNING  | robot_0 collided with obstacle_7 at state [2.73, 2.47, -0.04]
2026-07-15 20:19 | WARNING  | robot_0 collided with obstacle_2 at state [2.98, 2.45, 2.2]
2026-07-15 20:19 | WARNING  | robot_0 collided with obstacle_2 at state [3.79, 4.87, -1.93]
2026-07-15 20:19 | WARNING  | robot_0 collided with obstacle_7 at state [7.64, 4.45, -1.77]
2026-07-15 20:19 | WARNING  | robot_0 collided with obstacle_3 at state [4.39, 6.4, -0.2]
--------------------------------------------------------------------------------------------
setting actor output action_std to min_action_std :  0.1
--------------------------------------------------------------------------------------------
2026-07-15 20:19 | WARNING  | robot_0 collided with obstacle_1 at state [7.8, 3.67, -2.04]
2026-07-15 20:19 | WARNING  | robot_0 collided with obstacle_7 at state [3.26, 7.77, 2.33]
..............................................
Epoch 53. Evaluating scenarios
2026-07-15 20:20 | WARNING  | robot_0 collided with obstacle_7 at state [4.92, 1.72, -0.93]
2026-07-15 20:20 | WARNING  | robot_0 collided with obstacle_1 at state [6.87, 2.24, 0.0]
2026-07-15 20:20 | WARNING  | robot_0 collided with obstacle_3 at state [7.71, 7.05, 3.11]
2026-07-15 20:20 | WARNING  | robot_0 collided with obstacle_7 at state [8.78, 4.68, -0.36]
Average Reward: 10.0
Average Collision rate: 0.4
Average Goal rate: 0.5
..............................................
2026-07-15 20:20 | WARNING  | robot_0 collided with obstacle_2 at state [3.59, 1.95, 2.67]
2026-07-15 20:20 | WARNING  | robot_0 collided with obstacle_4 at state [6.17, 3.93, -0.73]
2026-07-15 20:20 | WARNING  | robot_0 collided with obstacle_2 at state [5.65, 7.58, 2.75]
2026-07-15 20:20 | WARNING  | robot_0 collided with obstacle_4 at state [2.63, 4.52, 2.38]
2026-07-15 20:20 | WARNING  | robot_0 collided with obstacle_2 at state [6.69, 7.92, -1.1]
2026-07-15 20:21 | WARNING  | robot_0 collided with obstacle_7 at state [2.91, 2.89, -2.79]
--------------------------------------------------------------------------------------------
setting actor output action_std to min_action_std :  0.1
--------------------------------------------------------------------------------------------
2026-07-15 20:21 | WARNING  | robot_0 collided with obstacle_7 at state [8.17, 8.23, 0.02]
2026-07-15 20:21 | WARNING  | robot_0 collided with obstacle_2 at state [5.21, 0.85, -2.63]
2026-07-15 20:21 | WARNING  | robot_0 collided with obstacle_7 at state [7.53, 8.17, -0.55]
2026-07-15 20:21 | WARNING  | robot_0 collided with obstacle_2 at state [2.24, 7.4, -0.57]
2026-07-15 20:21 | WARNING  | robot_0 collided with obstacle_4 at state [4.07, 3.27, 0.97]
2026-07-15 20:21 | WARNING  | robot_0 collided with obstacle_4 at state [3.37, 8.81, 0.47]
2026-07-15 20:21 | WARNING  | robot_0 collided with obstacle_6 at state [2.92, 6.88, -1.51]
2026-07-15 20:21 | WARNING  | robot_0 collided with obstacle_3 at state [7.67, 5.1, -2.14]
--------------------------------------------------------------------------------------------
setting actor output action_std to min_action_std :  0.1
--------------------------------------------------------------------------------------------
2026-07-15 20:22 | WARNING  | robot_0 collided with obstacle_7 at state [8.11, 4.51, 1.21]
2026-07-15 20:22 | WARNING  | robot_0 collided with obstacle_3 at state [5.14, 4.41, 0.97]
2026-07-15 20:22 | WARNING  | robot_0 collided with obstacle_4 at state [3.18, 5.84, -0.69]
2026-07-15 20:22 | WARNING  | robot_0 collided with obstacle_7 at state [2.79, 6.19, -1.31]
2026-07-15 20:22 | WARNING  | robot_0 collided with obstacle_2 at state [4.2, 2.52, 3.09]
2026-07-15 20:22 | WARNING  | robot_0 collided with obstacle_2 at state [6.51, 3.82, 2.65]
2026-07-15 20:22 | WARNING  | robot_0 collided with obstacle_3 at state [8.08, 3.8, 1.93]
--------------------------------------------------------------------------------------------
setting actor output action_std to min_action_std :  0.1
--------------------------------------------------------------------------------------------
2026-07-15 20:22 | WARNING  | robot_0 collided with obstacle_5 at state [2.13, 2.69, 1.97]
2026-07-15 20:23 | WARNING  | robot_0 collided with obstacle_7 at state [3.47, 4.4, 0.09]
2026-07-15 20:23 | WARNING  | robot_0 collided with obstacle_7 at state [8.91, 4.97, 3.11]
..............................................
Epoch 54. Evaluating scenarios
2026-07-15 20:23 | WARNING  | robot_0 collided with obstacle_2 at state [3.3, 1.91, -0.31]
2026-07-15 20:23 | WARNING  | robot_0 collided with obstacle_7 at state [7.54, 2.76, 2.88]
2026-07-15 20:23 | WARNING  | robot_0 collided with obstacle_4 at state [4.29, 5.0, 1.34]
2026-07-15 20:23 | WARNING  | robot_0 collided with obstacle_7 at state [7.13, 1.27, -1.57]
Average Reward: 0.0
Average Collision rate: 0.4
Average Goal rate: 0.4
..............................................
2026-07-15 20:24 | WARNING  | robot_0 collided with obstacle_2 at state [6.91, 3.16, 0.11]
2026-07-15 20:24 | WARNING  | robot_0 collided with obstacle_4 at state [2.12, 2.66, 1.37]
2026-07-15 20:24 | WARNING  | robot_0 collided with obstacle_6 at state [8.27, 3.3, 1.63]
--------------------------------------------------------------------------------------------
setting actor output action_std to min_action_std :  0.1
--------------------------------------------------------------------------------------------
2026-07-15 20:24 | WARNING  | robot_0 collided with obstacle_7 at state [7.19, 6.41, -1.76]
2026-07-15 20:25 | WARNING  | robot_0 collided with obstacle_4 at state [7.39, 6.72, -0.51]
2026-07-15 20:25 | WARNING  | robot_0 collided with obstacle_3 at state [6.38, 2.85, 0.78]
2026-07-15 20:25 | WARNING  | robot_0 collided with obstacle_3 at state [6.01, 5.2, 1.28]
2026-07-15 20:25 | WARNING  | robot_0 collided with obstacle_2 at state [4.59, 1.81, -1.38]
2026-07-15 20:25 | WARNING  | robot_0 collided with obstacle_6 at state [5.56, 1.19, 2.63]
2026-07-15 20:25 | WARNING  | robot_0 collided with obstacle_1 at state [5.53, 8.58, -0.94]
2026-07-15 20:25 | WARNING  | robot_0 collided with obstacle_1 at state [5.46, 5.18, -2.81]
--------------------------------------------------------------------------------------------
setting actor output action_std to min_action_std :  0.1
--------------------------------------------------------------------------------------------
2026-07-15 20:25 | WARNING  | robot_0 collided with obstacle_7 at state [5.2, 8.13, -0.67]
2026-07-15 20:25 | WARNING  | robot_0 collided with obstacle_3 at state [2.93, 6.67, 0.61]
2026-07-15 20:26 | WARNING  | robot_0 collided with obstacle_6 at state [8.81, 6.07, -1.11]
2026-07-15 20:26 | WARNING  | robot_0 collided with obstacle_6 at state [3.35, 5.29, 1.07]
2026-07-15 20:26 | WARNING  | robot_0 collided with obstacle_2 at state [4.01, 2.92, -2.77]
2026-07-15 20:26 | WARNING  | robot_0 collided with obstacle_7 at state [6.76, 4.42, -1.27]
2026-07-15 20:26 | WARNING  | robot_0 collided with obstacle_1 at state [4.06, 2.53, -0.22]
--------------------------------------------------------------------------------------------
setting actor output action_std to min_action_std :  0.1
--------------------------------------------------------------------------------------------
2026-07-15 20:26 | WARNING  | robot_0 collided with obstacle_7 at state [7.39, 4.84, 0.39]
2026-07-15 20:26 | WARNING  | robot_0 collided with obstacle_4 at state [1.97, 1.99, 0.05]
2026-07-15 20:26 | WARNING  | robot_0 collided with obstacle_2 at state [9.03, 4.72, -2.03]
..............................................
Epoch 55. Evaluating scenarios
2026-07-15 20:27 | WARNING  | robot_0 collided with obstacle_2 at state [4.59, 5.48, -1.98]
2026-07-15 20:27 | WARNING  | robot_0 collided with obstacle_3 at state [4.03, 3.37, -0.03]
2026-07-15 20:27 | WARNING  | robot_0 collided with obstacle_4 at state [7.4, 8.53, 1.22]
2026-07-15 20:27 | WARNING  | robot_0 collided with obstacle_1 at state [7.09, 2.97, -1.56]
Average Reward: 0.0
Average Collision rate: 0.4
Average Goal rate: 0.4
..............................................
2026-07-15 20:27 | WARNING  | robot_0 collided with obstacle_4 at state [4.17, 3.73, 0.95]
2026-07-15 20:28 | WARNING  | robot_0 collided with obstacle_3 at state [3.84, 4.48, 2.05]
2026-07-15 20:28 | WARNING  | robot_0 collided with obstacle_7 at state [7.01, 8.55, 0.75]
2026-07-15 20:28 | WARNING  | robot_0 collided with obstacle_2 at state [2.71, 4.66, 1.81]
2026-07-15 20:28 | WARNING  | robot_0 collided with obstacle_2 at state [8.86, 3.34, 1.63]
2026-07-15 20:28 | WARNING  | robot_0 collided with obstacle_4 at state [5.1, 5.06, -1.74]
--------------------------------------------------------------------------------------------
setting actor output action_std to min_action_std :  0.1
--------------------------------------------------------------------------------------------
2026-07-15 20:28 | WARNING  | robot_0 collided with obstacle_6 at state [6.34, 2.17, 2.51]
2026-07-15 20:28 | WARNING  | robot_0 collided with obstacle_1 at state [7.31, 6.22, 3.14]
2026-07-15 20:29 | WARNING  | robot_0 collided with obstacle_4 at state [4.28, 2.97, 1.82]
2026-07-15 20:29 | WARNING  | robot_0 collided with obstacle_2 at state [7.82, 4.56, 1.26]
2026-07-15 20:29 | WARNING  | robot_0 collided with obstacle_6 at state [2.67, 5.32, 0.84]
2026-07-15 20:29 | WARNING  | robot_0 collided with obstacle_4 at state [4.28, 3.46, -0.22]
2026-07-15 20:29 | WARNING  | robot_0 collided with obstacle_2 at state [5.06, 1.71, -0.24]
--------------------------------------------------------------------------------------------
setting actor output action_std to min_action_std :  0.1
--------------------------------------------------------------------------------------------
2026-07-15 20:29 | WARNING  | robot_0 collided with obstacle_5 at state [8.63, 3.52, -1.31]
2026-07-15 20:29 | WARNING  | robot_0 collided with obstacle_7 at state [5.52, 6.2, 0.7]
2026-07-15 20:30 | WARNING  | robot_0 collided with obstacle_3 at state [1.93, 6.55, 1.11]
2026-07-15 20:30 | WARNING  | robot_0 collided with obstacle_4 at state [7.89, 4.46, 2.32]
--------------------------------------------------------------------------------------------
setting actor output action_std to min_action_std :  0.1
--------------------------------------------------------------------------------------------
2026-07-15 20:30 | WARNING  | robot_0 collided with obstacle_2 at state [6.42, 7.43, -2.39]
2026-07-15 20:30 | WARNING  | robot_0 collided with obstacle_2 at state [1.53, 3.71, -3.13]
2026-07-15 20:30 | WARNING  | robot_0 collided with obstacle_1 at state [7.22, 7.38, -1.81]
2026-07-15 20:30 | WARNING  | robot_0 collided with obstacle_4 at state [1.35, 4.16, 1.9]
..............................................
Epoch 56. Evaluating scenarios
2026-07-15 20:31 | WARNING  | robot_0 collided with obstacle_3 at state [3.12, 3.73, 1.86]
2026-07-15 20:31 | WARNING  | robot_0 collided with obstacle_3 at state [4.01, 5.1, -1.8]
Average Reward: 40.0
Average Collision rate: 0.2
Average Goal rate: 0.6
..............................................
2026-07-15 20:31 | WARNING  | robot_0 collided with obstacle_2 at state [4.21, 2.14, 3.0]
2026-07-15 20:31 | WARNING  | robot_0 collided with obstacle_7 at state [2.76, 8.31, -0.97]
2026-07-15 20:31 | WARNING  | robot_0 collided with obstacle_7 at state [6.78, 8.7, -0.16]
2026-07-15 20:31 | WARNING  | robot_0 collided with obstacle_5 at state [7.12, 3.93, -2.07]
2026-07-15 20:31 | WARNING  | robot_0 collided with obstacle_4 at state [6.36, 2.27, 0.35]
2026-07-15 20:31 | WARNING  | robot_0 collided with obstacle_6 at state [4.2, 7.6, 0.23]
2026-07-15 20:32 | WARNING  | robot_0 collided with obstacle_5 at state [8.05, 5.69, -0.68]
--------------------------------------------------------------------------------------------
setting actor output action_std to min_action_std :  0.1
--------------------------------------------------------------------------------------------
2026-07-15 20:32 | WARNING  | robot_0 collided with obstacle_6 at state [5.89, 5.41, -1.01]
2026-07-15 20:32 | WARNING  | robot_0 collided with obstacle_5 at state [4.64, 3.95, 2.24]
2026-07-15 20:32 | WARNING  | robot_0 collided with obstacle_4 at state [5.55, 3.24, 2.15]
2026-07-15 20:32 | WARNING  | robot_0 collided with obstacle_2 at state [7.23, 6.86, 2.49]
2026-07-15 20:32 | WARNING  | robot_0 collided with obstacle_8 at state [9.08, 0.18, -1.53]
2026-07-15 20:32 | WARNING  | robot_0 collided with obstacle_5 at state [7.29, 6.37, -2.63]
--------------------------------------------------------------------------------------------
setting actor output action_std to min_action_std :  0.1
--------------------------------------------------------------------------------------------
2026-07-15 20:33 | WARNING  | robot_0 collided with obstacle_7 at state [5.26, 1.93, -2.48]
2026-07-15 20:33 | WARNING  | robot_0 collided with obstacle_3 at state [8.43, 3.81, -0.25]
2026-07-15 20:33 | WARNING  | robot_0 collided with obstacle_4 at state [1.94, 6.2, 2.36]
2026-07-15 20:33 | WARNING  | robot_0 collided with obstacle_3 at state [6.86, 2.55, -0.83]
2026-07-15 20:33 | WARNING  | robot_0 collided with obstacle_7 at state [5.08, 5.06, -2.77]
2026-07-15 20:33 | WARNING  | robot_0 collided with obstacle_1 at state [2.33, 2.79, -2.74]
2026-07-15 20:33 | WARNING  | robot_0 collided with obstacle_7 at state [3.33, 3.91, 3.06]
--------------------------------------------------------------------------------------------
setting actor output action_std to min_action_std :  0.1
--------------------------------------------------------------------------------------------
2026-07-15 20:33 | WARNING  | robot_0 collided with obstacle_3 at state [7.61, 2.47, -0.22]
2026-07-15 20:34 | WARNING  | robot_0 collided with obstacle_3 at state [7.38, 3.65, -1.69]
..............................................
Epoch 57. Evaluating scenarios
2026-07-15 20:34 | WARNING  | robot_0 collided with obstacle_3 at state [5.46, 6.29, 0.0]
2026-07-15 20:34 | WARNING  | robot_0 collided with obstacle_4 at state [1.52, 3.13, -2.65]
2026-07-15 20:34 | WARNING  | robot_0 collided with obstacle_6 at state [6.25, 4.57, 1.24]
2026-07-15 20:34 | WARNING  | robot_0 collided with obstacle_2 at state [7.4, 2.36, -0.19]
2026-07-15 20:34 | WARNING  | robot_0 collided with obstacle_6 at state [4.49, 7.95, 1.25]
Average Reward: -10.0
Average Collision rate: 0.5
Average Goal rate: 0.4
..............................................
2026-07-15 20:34 | WARNING  | robot_0 collided with obstacle_7 at state [7.89, 5.77, 1.14]
2026-07-15 20:34 | WARNING  | robot_0 collided with obstacle_6 at state [4.26, 3.83, -2.88]
2026-07-15 20:34 | WARNING  | robot_0 collided with obstacle_6 at state [7.32, 3.87, -0.91]
2026-07-15 20:35 | WARNING  | robot_0 collided with obstacle_7 at state [7.38, 0.85, 2.55]
--------------------------------------------------------------------------------------------
setting actor output action_std to min_action_std :  0.1
--------------------------------------------------------------------------------------------
2026-07-15 20:35 | WARNING  | robot_0 collided with obstacle_3 at state [6.77, 3.6, -3.07]
2026-07-15 20:35 | WARNING  | robot_0 collided with obstacle_2 at state [6.8, 4.14, -0.51]
2026-07-15 20:35 | WARNING  | robot_0 collided with obstacle_3 at state [7.31, 4.65, 1.89]
2026-07-15 20:35 | WARNING  | robot_0 collided with obstacle_5 at state [3.73, 1.1, -0.03]
2026-07-15 20:35 | WARNING  | robot_0 collided with obstacle_1 at state [2.91, 4.86, -0.44]
2026-07-15 20:35 | WARNING  | robot_0 collided with obstacle_7 at state [2.53, 5.7, -1.12]
2026-07-15 20:35 | WARNING  | robot_0 collided with obstacle_4 at state [3.42, 3.79, 3.07]
--------------------------------------------------------------------------------------------
setting actor output action_std to min_action_std :  0.1
--------------------------------------------------------------------------------------------
2026-07-15 20:36 | WARNING  | robot_0 collided with obstacle_2 at state [7.73, 3.47, -0.46]
2026-07-15 20:36 | WARNING  | robot_0 collided with obstacle_5 at state [5.48, 3.8, -2.07]
2026-07-15 20:36 | WARNING  | robot_0 collided with obstacle_7 at state [2.66, 4.5, -0.13]
2026-07-15 20:36 | WARNING  | robot_0 collided with obstacle_1 at state [3.09, 7.31, 0.81]
2026-07-15 20:36 | WARNING  | robot_0 collided with obstacle_4 at state [5.97, 8.38, -1.14]
2026-07-15 20:36 | WARNING  | robot_0 collided with obstacle_2 at state [2.24, 2.44, 0.27]
2026-07-15 20:36 | WARNING  | robot_0 collided with obstacle_7 at state [2.76, 3.53, 2.27]
2026-07-15 20:36 | WARNING  | robot_0 collided with obstacle_7 at state [6.16, 6.1, -2.06]
2026-07-15 20:36 | WARNING  | robot_0 collided with obstacle_4 at state [4.08, 2.79, 0.25]
2026-07-15 20:36 | WARNING  | robot_0 collided with obstacle_3 at state [5.85, 6.99, 1.13]
2026-07-15 20:36 | WARNING  | robot_0 collided with obstacle_1 at state [5.88, 6.61, -2.84]
--------------------------------------------------------------------------------------------
setting actor output action_std to min_action_std :  0.1
--------------------------------------------------------------------------------------------
2026-07-15 20:36 | WARNING  | robot_0 collided with obstacle_3 at state [4.84, 1.21, 0.04]
2026-07-15 20:36 | WARNING  | robot_0 collided with obstacle_5 at state [7.95, 4.89, -2.84]
2026-07-15 20:36 | WARNING  | robot_0 collided with obstacle_3 at state [4.39, 5.03, 2.51]
2026-07-15 20:36 | WARNING  | robot_0 collided with obstacle_6 at state [8.55, 6.06, -1.41]
..............................................
Epoch 58. Evaluating scenarios
2026-07-15 20:37 | WARNING  | robot_0 collided with obstacle_7 at state [3.07, 1.41, 2.81]
2026-07-15 20:37 | WARNING  | robot_0 collided with obstacle_7 at state [7.04, 4.16, 0.57]
2026-07-15 20:37 | WARNING  | robot_0 collided with obstacle_4 at state [4.73, 4.81, 1.41]
2026-07-15 20:37 | WARNING  | robot_0 collided with obstacle_4 at state [5.39, 7.24, -0.18]
Average Reward: 20.0
Average Collision rate: 0.4
Average Goal rate: 0.6
..............................................
2026-07-15 20:37 | WARNING  | robot_0 collided with obstacle_7 at state [5.96, 4.95, -1.38]
--------------------------------------------------------------------------------------------
setting actor output action_std to min_action_std :  0.1
--------------------------------------------------------------------------------------------
2026-07-15 20:38 | WARNING  | robot_0 collided with obstacle_1 at state [4.29, 6.87, 1.29]
2026-07-15 20:38 | WARNING  | robot_0 collided with obstacle_7 at state [7.71, 5.71, 1.3]
2026-07-15 20:38 | WARNING  | robot_0 collided with obstacle_4 at state [4.35, 7.22, 0.98]
2026-07-15 20:39 | WARNING  | robot_0 collided with obstacle_6 at state [4.21, 5.21, -0.49]
2026-07-15 20:39 | WARNING  | robot_0 collided with obstacle_2 at state [4.27, 3.68, 0.8]
2026-07-15 20:39 | WARNING  | robot_0 collided with obstacle_3 at state [6.76, 2.81, -2.61]
2026-07-15 20:39 | WARNING  | robot_0 collided with obstacle_4 at state [2.21, 8.86, 1.05]
--------------------------------------------------------------------------------------------
setting actor output action_std to min_action_std :  0.1
--------------------------------------------------------------------------------------------
2026-07-15 20:39 | WARNING  | robot_0 collided with obstacle_2 at state [1.98, 6.31, 1.6]
2026-07-15 20:39 | WARNING  | robot_0 collided with obstacle_2 at state [5.83, 2.75, -3.0]
2026-07-15 20:39 | WARNING  | robot_0 collided with obstacle_4 at state [2.94, 4.49, 1.56]
2026-07-15 20:39 | WARNING  | robot_0 collided with obstacle_1 at state [4.46, 7.68, -1.21]
2026-07-15 20:39 | WARNING  | robot_0 collided with obstacle_1 at state [5.99, 8.51, -0.6]
2026-07-15 20:39 | WARNING  | robot_0 collided with obstacle_5 at state [4.58, 5.67, -2.77]
2026-07-15 20:39 | WARNING  | robot_0 collided with obstacle_1 at state [4.38, 5.36, -1.61]
2026-07-15 20:39 | WARNING  | robot_0 collided with obstacle_4 at state [2.46, 7.28, -0.11]
--------------------------------------------------------------------------------------------
setting actor output action_std to min_action_std :  0.1
--------------------------------------------------------------------------------------------
2026-07-15 20:40 | WARNING  | robot_0 collided with obstacle_4 at state [4.81, 5.5, -1.87]
2026-07-15 20:40 | WARNING  | robot_0 collided with obstacle_1 at state [4.27, 6.84, 0.34]
2026-07-15 20:40 | WARNING  | robot_0 collided with obstacle_6 at state [5.18, 2.83, -0.33]
2026-07-15 20:40 | WARNING  | robot_0 collided with obstacle_3 at state [5.69, 3.41, -2.42]
2026-07-15 20:40 | WARNING  | robot_0 collided with obstacle_4 at state [5.29, 3.11, 1.95]
..............................................
Epoch 59. Evaluating scenarios
2026-07-15 20:40 | WARNING  | robot_0 collided with obstacle_5 at state [3.83, 7.29, -1.33]
2026-07-15 20:40 | WARNING  | robot_0 collided with obstacle_3 at state [4.48, 3.13, 2.62]
2026-07-15 20:40 | WARNING  | robot_0 collided with obstacle_4 at state [5.03, 4.03, 2.35]
2026-07-15 20:40 | WARNING  | robot_0 collided with obstacle_6 at state [4.46, 1.47, -0.05]
2026-07-15 20:40 | WARNING  | robot_0 collided with obstacle_1 at state [1.85, 6.31, 2.36]
Average Reward: 0.0
Average Collision rate: 0.5
Average Goal rate: 0.5
..............................................
2026-07-15 20:40 | WARNING  | robot_0 collided with obstacle_4 at state [7.71, 4.12, -1.12]
2026-07-15 20:40 | WARNING  | robot_0 collided with obstacle_3 at state [3.99, 3.82, 0.92]
2026-07-15 20:40 | WARNING  | robot_0 collided with obstacle_2 at state [4.19, 3.13, -1.39]
2026-07-15 20:40 | WARNING  | robot_0 collided with obstacle_7 at state [2.34, 3.32, 2.11]
2026-07-15 20:41 | WARNING  | robot_0 collided with obstacle_2 at state [5.85, 8.19, -0.4]
2026-07-15 20:41 | WARNING  | robot_0 collided with obstacle_1 at state [7.31, 4.65, 1.87]
2026-07-15 20:41 | WARNING  | robot_0 collided with obstacle_5 at state [8.94, 5.51, -1.33]
2026-07-15 20:41 | WARNING  | robot_0 collided with obstacle_5 at state [7.76, 3.43, -2.16]
2026-07-15 20:41 | WARNING  | robot_0 collided with obstacle_2 at state [7.15, 4.09, -0.78]
--------------------------------------------------------------------------------------------
setting actor output action_std to min_action_std :  0.1
--------------------------------------------------------------------------------------------
2026-07-15 20:41 | WARNING  | robot_0 collided with obstacle_4 at state [2.46, 3.84, 2.37]
2026-07-15 20:41 | WARNING  | robot_0 collided with obstacle_2 at state [5.27, 3.29, -0.3]
2026-07-15 20:41 | WARNING  | robot_0 collided with obstacle_2 at state [3.49, 1.47, 0.02]
2026-07-15 20:41 | WARNING  | robot_0 collided with obstacle_3 at state [1.02, 3.64, 1.67]
2026-07-15 20:41 | WARNING  | robot_0 collided with obstacle_1 at state [4.45, 3.12, -0.3]
2026-07-15 20:41 | WARNING  | robot_0 collided with obstacle_3 at state [5.54, 7.8, -0.1]
2026-07-15 20:41 | WARNING  | robot_0 collided with obstacle_2 at state [4.46, 4.51, 0.7]
2026-07-15 20:41 | WARNING  | robot_0 collided with obstacle_5 at state [6.18, 7.21, 0.55]
2026-07-15 20:41 | WARNING  | robot_0 collided with obstacle_7 at state [7.87, 7.16, -0.12]
2026-07-15 20:41 | WARNING  | robot_0 collided with obstacle_4 at state [2.46, 1.68, -0.13]
2026-07-15 20:41 | WARNING  | robot_0 collided with obstacle_4 at state [3.69, 7.74, -1.18]
--------------------------------------------------------------------------------------------
setting actor output action_std to min_action_std :  0.1
--------------------------------------------------------------------------------------------
2026-07-15 20:41 | WARNING  | robot_0 collided with obstacle_3 at state [7.44, 3.56, 0.14]
2026-07-15 20:42 | WARNING  | robot_0 collided with obstacle_6 at state [1.89, 3.3, 2.05]
2026-07-15 20:42 | WARNING  | robot_0 collided with obstacle_3 at state [5.77, 5.55, 1.22]
2026-07-15 20:42 | WARNING  | robot_0 collided with obstacle_7 at state [8.9, 4.54, -0.42]
2026-07-15 20:42 | WARNING  | robot_0 collided with obstacle_4 at state [3.24, 3.39, 1.8]
2026-07-15 20:42 | WARNING  | robot_0 collided with obstacle_1 at state [6.38, 3.37, -0.27]
2026-07-15 20:42 | WARNING  | robot_0 collided with obstacle_4 at state [2.78, 4.66, 0.69]
2026-07-15 20:42 | WARNING  | robot_0 collided with obstacle_7 at state [7.34, 4.56, -2.68]
--------------------------------------------------------------------------------------------
setting actor output action_std to min_action_std :  0.1
--------------------------------------------------------------------------------------------
2026-07-15 20:42 | WARNING  | robot_0 collided with obstacle_7 at state [7.08, 5.61, 0.6]
2026-07-15 20:42 | WARNING  | robot_0 collided with obstacle_7 at state [5.44, 1.08, -2.47]
2026-07-15 20:42 | WARNING  | robot_0 collided with obstacle_5 at state [7.05, 4.79, 2.95]
..............................................
Epoch 60. Evaluating scenarios
2026-07-15 20:43 | WARNING  | robot_0 collided with obstacle_3 at state [4.8, 3.81, -3.05]
2026-07-15 20:43 | WARNING  | robot_0 collided with obstacle_1 at state [5.12, 6.96, 0.7]
2026-07-15 20:43 | WARNING  | robot_0 collided with obstacle_4 at state [4.76, 7.92, -0.5]
2026-07-15 20:43 | WARNING  | robot_0 collided with obstacle_2 at state [2.24, 2.38, 2.75]
2026-07-15 20:43 | WARNING  | robot_0 collided with obstacle_5 at state [7.23, 0.92, -3.08]
Average Reward: 20.0
Average Collision rate: 0.5
Average Goal rate: 0.6
..............................................
