Training with PPO on cuda for 60 epochs
2026-07-05 18:28 | WARNING  | The state dimension 4 of r0 is larger than the desired dimension 3, the state dimension is truncated
2026-07-05 18:28 | INFO     | Simulation environment 'robot_world' started. Step time 0.300 s.
2026-07-05 18:28 | WARNING  | robot_0 collided with obstacle_5 at state [4.01, 1.98, -0.33]
2026-07-05 18:28 | WARNING  | robot_0 collided with obstacle_4 at state [1.56, 1.77, 0.02]
--------------------------------------------------------------------------------------------
setting actor output action_std to :  0.585
--------------------------------------------------------------------------------------------
2026-07-05 18:28 | WARNING  | robot_0 collided with obstacle_6 at state [2.53, 2.43, 0.24]
2026-07-05 18:28 | WARNING  | robot_0 collided with obstacle_8 at state [9.86, 5.04, -0.65]
--------------------------------------------------------------------------------------------
setting actor output action_std to :  0.57
--------------------------------------------------------------------------------------------
2026-07-05 18:28 | WARNING  | robot_0 collided with obstacle_2 at state [6.29, 5.91, -0.18]
2026-07-05 18:29 | WARNING  | robot_0 collided with obstacle_4 at state [4.88, 1.41, 0.61]
--------------------------------------------------------------------------------------------
setting actor output action_std to :  0.555
--------------------------------------------------------------------------------------------
2026-07-05 18:29 | WARNING  | robot_0 collided with obstacle_1 at state [5.81, 1.36, 0.48]
2026-07-05 18:29 | WARNING  | robot_0 collided with obstacle_1 at state [9.23, 6.39, -1.67]
--------------------------------------------------------------------------------------------
setting actor output action_std to :  0.54
--------------------------------------------------------------------------------------------
2026-07-05 18:29 | WARNING  | robot_0 collided with obstacle_8 at state [0.19, 8.65, 3.04]
--------------------------------------------------------------------------------------------
setting actor output action_std to :  0.525
--------------------------------------------------------------------------------------------
--------------------------------------------------------------------------------------------
setting actor output action_std to :  0.51
--------------------------------------------------------------------------------------------
2026-07-05 18:29 | WARNING  | robot_0 collided with obstacle_8 at state [0.93, 0.15, -1.44]
2026-07-05 18:29 | WARNING  | robot_0 collided with obstacle_7 at state [2.74, 3.99, -1.65]
--------------------------------------------------------------------------------------------
setting actor output action_std to :  0.495
--------------------------------------------------------------------------------------------
2026-07-05 18:29 | WARNING  | robot_0 collided with obstacle_3 at state [4.13, 5.56, -2.47]
--------------------------------------------------------------------------------------------
setting actor output action_std to :  0.48
--------------------------------------------------------------------------------------------
2026-07-05 18:29 | WARNING  | robot_0 collided with obstacle_3 at state [4.02, 3.52, 0.97]
--------------------------------------------------------------------------------------------
setting actor output action_std to :  0.465
--------------------------------------------------------------------------------------------
2026-07-05 18:29 | WARNING  | robot_0 collided with obstacle_5 at state [4.53, 2.14, 1.46]
--------------------------------------------------------------------------------------------
setting actor output action_std to :  0.45
--------------------------------------------------------------------------------------------
2026-07-05 18:29 | WARNING  | robot_0 collided with obstacle_6 at state [2.09, 7.7, -0.5]
2026-07-05 18:29 | WARNING  | robot_0 collided with obstacle_8 at state [9.83, 5.99, 1.51]
--------------------------------------------------------------------------------------------
setting actor output action_std to :  0.435
--------------------------------------------------------------------------------------------
2026-07-05 18:29 | WARNING  | robot_0 collided with obstacle_7 at state [2.11, 4.45, 1.11]
2026-07-05 18:29 | WARNING  | robot_0 collided with obstacle_2 at state [8.51, 8.55, 2.91]
--------------------------------------------------------------------------------------------
setting actor output action_std to :  0.42
--------------------------------------------------------------------------------------------
2026-07-05 18:29 | WARNING  | robot_0 collided with obstacle_4 at state [9.05, 2.82, 1.65]
2026-07-05 18:29 | WARNING  | robot_0 collided with obstacle_2 at state [5.99, 5.45, 0.1]
--------------------------------------------------------------------------------------------
setting actor output action_std to :  0.405
--------------------------------------------------------------------------------------------
2026-07-05 18:29 | WARNING  | robot_0 collided with obstacle_2 at state [6.26, 7.81, -0.42]
2026-07-05 18:29 | WARNING  | robot_0 collided with obstacle_6 at state [7.54, 6.18, -3.12]
--------------------------------------------------------------------------------------------
setting actor output action_std to :  0.39
--------------------------------------------------------------------------------------------
2026-07-05 18:29 | WARNING  | robot_0 collided with obstacle_7 at state [7.3, 2.28, 1.21]
2026-07-05 18:29 | WARNING  | robot_0 collided with obstacle_8 at state [9.43, 9.83, 1.61]
--------------------------------------------------------------------------------------------
setting actor output action_std to :  0.375
--------------------------------------------------------------------------------------------
2026-07-05 18:29 | WARNING  | robot_0 collided with obstacle_3 at state [2.63, 2.73, -0.58]
2026-07-05 18:29 | WARNING  | robot_0 collided with obstacle_2 at state [6.15, 5.94, -0.66]
--------------------------------------------------------------------------------------------
setting actor output action_std to :  0.36
--------------------------------------------------------------------------------------------
2026-07-05 18:29 | WARNING  | robot_0 collided with obstacle_8 at state [0.19, 4.96, -1.62]
2026-07-05 18:29 | WARNING  | robot_0 collided with obstacle_5 at state [7.63, 1.92, 0.74]
--------------------------------------------------------------------------------------------
setting actor output action_std to :  0.345
--------------------------------------------------------------------------------------------
2026-07-05 18:29 | WARNING  | robot_0 collided with obstacle_6 at state [4.83, 2.81, -1.3]
2026-07-05 18:29 | WARNING  | robot_0 collided with obstacle_4 at state [2.16, 6.81, 0.5]
--------------------------------------------------------------------------------------------
setting actor output action_std to :  0.33
--------------------------------------------------------------------------------------------
2026-07-05 18:29 | WARNING  | robot_0 collided with obstacle_4 at state [5.41, 8.82, 1.39]
2026-07-05 18:29 | WARNING  | robot_0 collided with obstacle_4 at state [6.52, 3.19, -0.71]
--------------------------------------------------------------------------------------------
setting actor output action_std to :  0.315
--------------------------------------------------------------------------------------------
2026-07-05 18:29 | WARNING  | robot_0 collided with obstacle_6 at state [8.65, 2.21, -1.34]
2026-07-05 18:29 | WARNING  | robot_0 collided with obstacle_8 at state [9.84, 6.12, 1.51]
--------------------------------------------------------------------------------------------
setting actor output action_std to :  0.3
--------------------------------------------------------------------------------------------
2026-07-05 18:29 | WARNING  | robot_0 collided with obstacle_7 at state [5.29, 2.5, 0.82]
2026-07-05 18:29 | WARNING  | robot_0 collided with obstacle_1 at state [7.65, 5.43, 2.99]
--------------------------------------------------------------------------------------------
setting actor output action_std to :  0.285
--------------------------------------------------------------------------------------------
2026-07-05 18:29 | WARNING  | robot_0 collided with obstacle_5 at state [4.85, 6.5, 0.19]
2026-07-05 18:29 | WARNING  | robot_0 collided with obstacle_7 at state [4.25, 6.14, -2.85]
--------------------------------------------------------------------------------------------
setting actor output action_std to :  0.27
--------------------------------------------------------------------------------------------
2026-07-05 18:30 | WARNING  | robot_0 collided with obstacle_8 at state [6.25, 9.82, 3.11]
2026-07-05 18:30 | WARNING  | robot_0 collided with obstacle_5 at state [4.71, 8.44, -1.24]
--------------------------------------------------------------------------------------------
setting actor output action_std to :  0.255
--------------------------------------------------------------------------------------------
2026-07-05 18:30 | WARNING  | robot_0 collided with obstacle_8 at state [4.3, 9.82, 3.14]
2026-07-05 18:30 | WARNING  | robot_0 collided with obstacle_6 at state [7.62, 9.32, -3.12]
--------------------------------------------------------------------------------------------
setting actor output action_std to :  0.24
--------------------------------------------------------------------------------------------
2026-07-05 18:30 | WARNING  | robot_0 collided with obstacle_5 at state [7.24, 8.51, -0.72]
2026-07-05 18:30 | WARNING  | robot_0 collided with obstacle_4 at state [8.92, 4.22, 1.24]
--------------------------------------------------------------------------------------------
setting actor output action_std to :  0.225
--------------------------------------------------------------------------------------------
--------------------------------------------------------------------------------------------
setting actor output action_std to :  0.21
--------------------------------------------------------------------------------------------
2026-07-05 18:30 | WARNING  | robot_0 collided with obstacle_4 at state [6.82, 6.43, 0.3]
--------------------------------------------------------------------------------------------
setting actor output action_std to :  0.195
--------------------------------------------------------------------------------------------
--------------------------------------------------------------------------------------------
setting actor output action_std to :  0.18
--------------------------------------------------------------------------------------------
2026-07-05 18:30 | WARNING  | robot_0 collided with obstacle_2 at state [2.59, 7.72, -1.19]
2026-07-05 18:30 | WARNING  | robot_0 collided with obstacle_4 at state [5.09, 6.15, -1.16]
--------------------------------------------------------------------------------------------
setting actor output action_std to :  0.165
--------------------------------------------------------------------------------------------
2026-07-05 18:30 | WARNING  | robot_0 collided with obstacle_4 at state [3.55, 3.78, -0.38]
2026-07-05 18:30 | WARNING  | robot_0 collided with obstacle_1 at state [2.99, 8.82, -1.31]
--------------------------------------------------------------------------------------------
setting actor output action_std to :  0.15
--------------------------------------------------------------------------------------------
--------------------------------------------------------------------------------------------
setting actor output action_std to :  0.135
--------------------------------------------------------------------------------------------
2026-07-05 18:30 | WARNING  | robot_0 collided with obstacle_6 at state [7.25, 8.52, 2.83]
2026-07-05 18:30 | WARNING  | robot_0 collided with obstacle_3 at state [5.16, 4.33, -2.14]
--------------------------------------------------------------------------------------------
setting actor output action_std to :  0.12
--------------------------------------------------------------------------------------------
2026-07-05 18:30 | WARNING  | robot_0 collided with obstacle_3 at state [5.25, 1.79, 1.15]
2026-07-05 18:30 | WARNING  | robot_0 collided with obstacle_7 at state [4.93, 3.12, 0.3]
--------------------------------------------------------------------------------------------
setting actor output action_std to :  0.105
--------------------------------------------------------------------------------------------
--------------------------------------------------------------------------------------------
setting actor output action_std to min_action_std :  0.1
--------------------------------------------------------------------------------------------
..............................................
Epoch 1. Evaluating scenarios
2026-07-05 18:31 | WARNING  | robot_0 collided with obstacle_5 at state [1.68, 5.51, 1.5]
2026-07-05 18:31 | WARNING  | robot_0 collided with obstacle_4 at state [6.54, 6.26, -1.18]
2026-07-05 18:31 | WARNING  | robot_0 collided with obstacle_5 at state [5.32, 5.66, 1.8]
2026-07-05 18:31 | WARNING  | robot_0 collided with obstacle_2 at state [5.21, 7.52, -1.17]
2026-07-05 18:31 | WARNING  | robot_0 collided with obstacle_7 at state [9.0, 7.29, 2.1]
2026-07-05 18:31 | WARNING  | robot_0 collided with obstacle_5 at state [3.99, 3.34, 0.45]
Average Reward: -67.15246735687712
Average Collision rate: 0.6
Average Goal rate: 0.1
..............................................
2026-07-05 18:31 | WARNING  | robot_0 collided with obstacle_7 at state [6.24, 3.69, 0.85]
--------------------------------------------------------------------------------------------
setting actor output action_std to min_action_std :  0.1
--------------------------------------------------------------------------------------------
2026-07-05 18:31 | WARNING  | robot_0 collided with obstacle_4 at state [8.19, 5.27, 1.77]
2026-07-05 18:31 | WARNING  | robot_0 collided with obstacle_3 at state [3.35, 6.86, 2.04]
--------------------------------------------------------------------------------------------
setting actor output action_std to min_action_std :  0.1
--------------------------------------------------------------------------------------------
2026-07-05 18:31 | WARNING  | robot_0 collided with obstacle_5 at state [4.63, 5.15, -3.01]
2026-07-05 18:31 | WARNING  | robot_0 collided with obstacle_6 at state [8.3, 8.64, 0.88]
--------------------------------------------------------------------------------------------
setting actor output action_std to min_action_std :  0.1
--------------------------------------------------------------------------------------------
2026-07-05 18:31 | WARNING  | robot_0 collided with obstacle_6 at state [3.05, 4.82, 1.48]
--------------------------------------------------------------------------------------------
setting actor output action_std to min_action_std :  0.1
--------------------------------------------------------------------------------------------
2026-07-05 18:31 | WARNING  | robot_0 collided with obstacle_4 at state [2.28, 6.2, 2.0]
2026-07-05 18:31 | WARNING  | robot_0 collided with obstacle_5 at state [2.54, 5.35, 1.49]
--------------------------------------------------------------------------------------------
setting actor output action_std to min_action_std :  0.1
--------------------------------------------------------------------------------------------
2026-07-05 18:31 | WARNING  | robot_0 collided with obstacle_7 at state [2.25, 2.04, 1.48]
--------------------------------------------------------------------------------------------
setting actor output action_std to min_action_std :  0.1
--------------------------------------------------------------------------------------------
2026-07-05 18:31 | WARNING  | robot_0 collided with obstacle_3 at state [7.17, 5.55, 0.75]
--------------------------------------------------------------------------------------------
setting actor output action_std to min_action_std :  0.1
--------------------------------------------------------------------------------------------
2026-07-05 18:31 | WARNING  | robot_0 collided with obstacle_8 at state [3.6, 9.82, -3.09]
--------------------------------------------------------------------------------------------
setting actor output action_std to min_action_std :  0.1
--------------------------------------------------------------------------------------------
2026-07-05 18:31 | WARNING  | robot_0 collided with obstacle_6 at state [8.17, 8.08, 1.75]
--------------------------------------------------------------------------------------------
setting actor output action_std to min_action_std :  0.1
--------------------------------------------------------------------------------------------
--------------------------------------------------------------------------------------------
setting actor output action_std to min_action_std :  0.1
--------------------------------------------------------------------------------------------
--------------------------------------------------------------------------------------------
setting actor output action_std to min_action_std :  0.1
--------------------------------------------------------------------------------------------
2026-07-05 18:32 | WARNING  | robot_0 collided with obstacle_4 at state [5.03, 4.28, 2.0]
--------------------------------------------------------------------------------------------
setting actor output action_std to min_action_std :  0.1
--------------------------------------------------------------------------------------------
2026-07-05 18:32 | WARNING  | robot_0 collided with obstacle_4 at state [4.64, 4.63, -2.85]
--------------------------------------------------------------------------------------------
setting actor output action_std to min_action_std :  0.1
--------------------------------------------------------------------------------------------
--------------------------------------------------------------------------------------------
setting actor output action_std to min_action_std :  0.1
--------------------------------------------------------------------------------------------
--------------------------------------------------------------------------------------------
setting actor output action_std to min_action_std :  0.1
--------------------------------------------------------------------------------------------
--------------------------------------------------------------------------------------------
setting actor output action_std to min_action_std :  0.1
--------------------------------------------------------------------------------------------
--------------------------------------------------------------------------------------------
setting actor output action_std to min_action_std :  0.1
--------------------------------------------------------------------------------------------
2026-07-05 18:33 | WARNING  | robot_0 collided with obstacle_3 at state [5.54, 6.17, 1.17]
--------------------------------------------------------------------------------------------
setting actor output action_std to min_action_std :  0.1
--------------------------------------------------------------------------------------------
2026-07-05 18:33 | WARNING  | robot_0 collided with obstacle_1 at state [6.62, 8.51, -3.07]
2026-07-05 18:33 | WARNING  | robot_0 collided with obstacle_3 at state [8.96, 2.14, -3.1]
--------------------------------------------------------------------------------------------
setting actor output action_std to min_action_std :  0.1
--------------------------------------------------------------------------------------------
2026-07-05 18:33 | WARNING  | robot_0 collided with obstacle_4 at state [1.83, 3.37, -2.53]
--------------------------------------------------------------------------------------------
setting actor output action_std to min_action_std :  0.1
--------------------------------------------------------------------------------------------
--------------------------------------------------------------------------------------------
setting actor output action_std to min_action_std :  0.1
--------------------------------------------------------------------------------------------
2026-07-05 18:33 | WARNING  | robot_0 collided with obstacle_3 at state [7.59, 6.75, -1.49]
--------------------------------------------------------------------------------------------
setting actor output action_std to min_action_std :  0.1
--------------------------------------------------------------------------------------------
2026-07-05 18:33 | WARNING  | robot_0 collided with obstacle_2 at state [8.12, 8.64, 0.43]
--------------------------------------------------------------------------------------------
setting actor output action_std to min_action_std :  0.1
--------------------------------------------------------------------------------------------
2026-07-05 18:33 | WARNING  | robot_0 collided with obstacle_5 at state [5.6, 5.0, 1.68]
--------------------------------------------------------------------------------------------
setting actor output action_std to min_action_std :  0.1
--------------------------------------------------------------------------------------------
2026-07-05 18:33 | WARNING  | robot_0 collided with obstacle_1 at state [2.47, 7.64, -0.05]
--------------------------------------------------------------------------------------------
setting actor output action_std to min_action_std :  0.1
--------------------------------------------------------------------------------------------
2026-07-05 18:34 | WARNING  | robot_0 collided with obstacle_1 at state [3.28, 3.6, 2.3]
--------------------------------------------------------------------------------------------
setting actor output action_std to min_action_std :  0.1
--------------------------------------------------------------------------------------------
--------------------------------------------------------------------------------------------
setting actor output action_std to min_action_std :  0.1
--------------------------------------------------------------------------------------------
2026-07-05 18:34 | WARNING  | robot_0 collided with obstacle_6 at state [5.95, 3.75, 2.32]
2026-07-05 18:34 | WARNING  | robot_0 collided with obstacle_2 at state [7.53, 2.01, 0.6]
--------------------------------------------------------------------------------------------
setting actor output action_std to min_action_std :  0.1
--------------------------------------------------------------------------------------------
2026-07-05 18:34 | WARNING  | robot_0 collided with obstacle_7 at state [5.15, 6.74, -1.71]
2026-07-05 18:34 | WARNING  | robot_0 collided with obstacle_3 at state [7.62, 1.3, 0.28]
--------------------------------------------------------------------------------------------
setting actor output action_std to min_action_std :  0.1
--------------------------------------------------------------------------------------------
2026-07-05 18:34 | WARNING  | robot_0 collided with obstacle_5 at state [8.08, 7.99, 1.13]
2026-07-05 18:34 | WARNING  | robot_0 collided with obstacle_6 at state [7.31, 2.83, -2.15]
--------------------------------------------------------------------------------------------
setting actor output action_std to min_action_std :  0.1
--------------------------------------------------------------------------------------------
2026-07-05 18:34 | WARNING  | robot_0 collided with obstacle_2 at state [1.85, 2.28, 0.08]
--------------------------------------------------------------------------------------------
setting actor output action_std to min_action_std :  0.1
--------------------------------------------------------------------------------------------
2026-07-05 18:34 | WARNING  | robot_0 collided with obstacle_2 at state [2.04, 5.98, 2.97]
2026-07-05 18:34 | WARNING  | robot_0 collided with obstacle_2 at state [1.81, 3.41, -2.74]
--------------------------------------------------------------------------------------------
setting actor output action_std to min_action_std :  0.1
--------------------------------------------------------------------------------------------
2026-07-05 18:34 | WARNING  | robot_0 collided with obstacle_8 at state [2.91, 9.87, 2.87]
--------------------------------------------------------------------------------------------
setting actor output action_std to min_action_std :  0.1
--------------------------------------------------------------------------------------------
2026-07-05 18:34 | WARNING  | robot_0 collided with obstacle_1 at state [6.5, 8.47, -0.94]
--------------------------------------------------------------------------------------------
setting actor output action_std to min_action_std :  0.1
--------------------------------------------------------------------------------------------
..............................................
Epoch 2. Evaluating scenarios
2026-07-05 18:34 | WARNING  | robot_0 collided with obstacle_4 at state [1.48, 3.81, 0.02]
2026-07-05 18:35 | WARNING  | robot_0 collided with obstacle_7 at state [2.35, 8.71, 0.6]
2026-07-05 18:35 | WARNING  | robot_0 collided with obstacle_6 at state [3.58, 2.87, 2.7]
2026-07-05 18:35 | WARNING  | robot_0 collided with obstacle_3 at state [7.06, 5.91, -0.27]
2026-07-05 18:35 | WARNING  | robot_0 collided with obstacle_3 at state [6.73, 7.53, -1.02]
Average Reward: -80.59720726293986
Average Collision rate: 0.5
Average Goal rate: 0.0
..............................................
2026-07-05 18:35 | WARNING  | robot_0 collided with obstacle_4 at state [8.23, 8.08, 2.61]
--------------------------------------------------------------------------------------------
setting actor output action_std to min_action_std :  0.1
--------------------------------------------------------------------------------------------
--------------------------------------------------------------------------------------------
setting actor output action_std to min_action_std :  0.1
--------------------------------------------------------------------------------------------
2026-07-05 18:35 | WARNING  | robot_0 collided with obstacle_5 at state [5.61, 2.99, 0.27]
2026-07-05 18:35 | WARNING  | robot_0 collided with obstacle_1 at state [3.8, 7.58, -1.94]
--------------------------------------------------------------------------------------------
setting actor output action_std to min_action_std :  0.1
--------------------------------------------------------------------------------------------
2026-07-05 18:35 | WARNING  | robot_0 collided with obstacle_4 at state [6.74, 8.85, 0.6]
--------------------------------------------------------------------------------------------
setting actor output action_std to min_action_std :  0.1
--------------------------------------------------------------------------------------------
2026-07-05 18:35 | WARNING  | robot_0 collided with obstacle_7 at state [4.32, 7.35, 2.9]
--------------------------------------------------------------------------------------------
setting actor output action_std to min_action_std :  0.1
--------------------------------------------------------------------------------------------
2026-07-05 18:35 | WARNING  | robot_0 collided with obstacle_8 at state [8.15, 9.82, 3.11]
--------------------------------------------------------------------------------------------
setting actor output action_std to min_action_std :  0.1
--------------------------------------------------------------------------------------------
2026-07-05 18:35 | WARNING  | robot_0 collided with obstacle_8 at state [4.16, 9.81, 2.64]
2026-07-05 18:35 | WARNING  | robot_0 collided with obstacle_6 at state [3.72, 2.19, 1.2]
--------------------------------------------------------------------------------------------
setting actor output action_std to min_action_std :  0.1
--------------------------------------------------------------------------------------------
2026-07-05 18:36 | WARNING  | robot_0 collided with obstacle_3 at state [1.95, 1.43, 1.55]
2026-07-05 18:36 | WARNING  | robot_0 collided with obstacle_4 at state [2.2, 3.4, -0.81]
--------------------------------------------------------------------------------------------
setting actor output action_std to min_action_std :  0.1
--------------------------------------------------------------------------------------------
2026-07-05 18:36 | WARNING  | robot_0 collided with obstacle_4 at state [5.77, 1.5, 0.8]
--------------------------------------------------------------------------------------------
setting actor output action_std to min_action_std :  0.1
--------------------------------------------------------------------------------------------
2026-07-05 18:36 | WARNING  | robot_0 collided with obstacle_1 at state [7.58, 7.88, -3.14]
--------------------------------------------------------------------------------------------
setting actor output action_std to min_action_std :  0.1
--------------------------------------------------------------------------------------------
2026-07-05 18:36 | WARNING  | robot_0 collided with obstacle_7 at state [3.99, 1.35, 0.84]
--------------------------------------------------------------------------------------------
setting actor output action_std to min_action_std :  0.1
--------------------------------------------------------------------------------------------
2026-07-05 18:36 | WARNING  | robot_0 collided with obstacle_2 at state [5.85, 3.85, -2.28]
--------------------------------------------------------------------------------------------
setting actor output action_std to min_action_std :  0.1
--------------------------------------------------------------------------------------------
--------------------------------------------------------------------------------------------
setting actor output action_std to min_action_std :  0.1
--------------------------------------------------------------------------------------------
2026-07-05 18:36 | WARNING  | robot_0 collided with obstacle_3 at state [5.04, 6.95, -2.28]
--------------------------------------------------------------------------------------------
setting actor output action_std to min_action_std :  0.1
--------------------------------------------------------------------------------------------
2026-07-05 18:36 | WARNING  | robot_0 collided with obstacle_3 at state [5.76, 3.09, 2.6]
--------------------------------------------------------------------------------------------
setting actor output action_std to min_action_std :  0.1
--------------------------------------------------------------------------------------------
2026-07-05 18:36 | WARNING  | robot_0 collided with obstacle_7 at state [8.93, 7.94, 2.27]
--------------------------------------------------------------------------------------------
setting actor output action_std to min_action_std :  0.1
--------------------------------------------------------------------------------------------
--------------------------------------------------------------------------------------------
setting actor output action_std to min_action_std :  0.1
--------------------------------------------------------------------------------------------
2026-07-05 18:36 | WARNING  | robot_0 collided with obstacle_4 at state [7.85, 7.23, 0.3]
--------------------------------------------------------------------------------------------
setting actor output action_std to min_action_std :  0.1
--------------------------------------------------------------------------------------------
--------------------------------------------------------------------------------------------
setting actor output action_std to min_action_std :  0.1
--------------------------------------------------------------------------------------------
2026-07-05 18:37 | WARNING  | robot_0 collided with obstacle_6 at state [4.42, 4.94, 0.84]
--------------------------------------------------------------------------------------------
setting actor output action_std to min_action_std :  0.1
--------------------------------------------------------------------------------------------
2026-07-05 18:37 | WARNING  | robot_0 collided with obstacle_1 at state [7.81, 3.01, -1.08]
2026-07-05 18:37 | WARNING  | robot_0 collided with obstacle_1 at state [6.78, 6.49, 1.17]
--------------------------------------------------------------------------------------------
setting actor output action_std to min_action_std :  0.1
--------------------------------------------------------------------------------------------
--------------------------------------------------------------------------------------------
setting actor output action_std to min_action_std :  0.1
--------------------------------------------------------------------------------------------
2026-07-05 18:37 | WARNING  | robot_0 collided with obstacle_3 at state [2.44, 7.27, -0.72]
--------------------------------------------------------------------------------------------
setting actor output action_std to min_action_std :  0.1
--------------------------------------------------------------------------------------------
--------------------------------------------------------------------------------------------
setting actor output action_std to min_action_std :  0.1
--------------------------------------------------------------------------------------------
2026-07-05 18:37 | WARNING  | robot_0 collided with obstacle_8 at state [7.6, 9.84, 2.89]
--------------------------------------------------------------------------------------------
setting actor output action_std to min_action_std :  0.1
--------------------------------------------------------------------------------------------
2026-07-05 18:37 | WARNING  | robot_0 collided with obstacle_3 at state [5.31, 7.15, 1.15]
2026-07-05 18:37 | WARNING  | robot_0 collided with obstacle_4 at state [2.98, 6.39, 0.56]
--------------------------------------------------------------------------------------------
setting actor output action_std to min_action_std :  0.1
--------------------------------------------------------------------------------------------
2026-07-05 18:37 | WARNING  | robot_0 collided with obstacle_3 at state [7.87, 7.47, -2.83]
--------------------------------------------------------------------------------------------
setting actor output action_std to min_action_std :  0.1
--------------------------------------------------------------------------------------------
2026-07-05 18:37 | WARNING  | robot_0 collided with obstacle_5 at state [5.14, 3.58, 1.13]
2026-07-05 18:37 | WARNING  | robot_0 collided with obstacle_2 at state [3.83, 8.58, 1.7]
--------------------------------------------------------------------------------------------
setting actor output action_std to min_action_std :  0.1
--------------------------------------------------------------------------------------------
2026-07-05 18:38 | WARNING  | robot_0 collided with obstacle_3 at state [2.89, 2.34, -3.1]
2026-07-05 18:38 | WARNING  | robot_0 collided with obstacle_2 at state [1.62, 2.89, 0.61]
--------------------------------------------------------------------------------------------
setting actor output action_std to min_action_std :  0.1
--------------------------------------------------------------------------------------------
2026-07-05 18:38 | WARNING  | robot_0 collided with obstacle_4 at state [3.73, 7.7, 2.74]
--------------------------------------------------------------------------------------------
setting actor output action_std to min_action_std :  0.1
--------------------------------------------------------------------------------------------
2026-07-05 18:38 | WARNING  | robot_0 collided with obstacle_3 at state [2.52, 4.39, -0.04]
2026-07-05 18:38 | WARNING  | robot_0 collided with obstacle_4 at state [2.16, 1.99, 0.03]
--------------------------------------------------------------------------------------------
setting actor output action_std to min_action_std :  0.1
--------------------------------------------------------------------------------------------
2026-07-05 18:38 | WARNING  | robot_0 collided with obstacle_3 at state [6.21, 4.95, 1.92]
--------------------------------------------------------------------------------------------
setting actor output action_std to min_action_std :  0.1
--------------------------------------------------------------------------------------------
2026-07-05 18:38 | WARNING  | robot_0 collided with obstacle_1 at state [8.18, 2.56, 1.46]
2026-07-05 18:38 | WARNING  | robot_0 collided with obstacle_5 at state [5.47, 4.94, 2.3]
--------------------------------------------------------------------------------------------
setting actor output action_std to min_action_std :  0.1
--------------------------------------------------------------------------------------------
--------------------------------------------------------------------------------------------
setting actor output action_std to min_action_std :  0.1
--------------------------------------------------------------------------------------------
2026-07-05 18:38 | WARNING  | robot_0 collided with obstacle_5 at state [7.98, 8.62, 1.98]
..............................................
Epoch 3. Evaluating scenarios
2026-07-05 18:38 | WARNING  | robot_0 collided with obstacle_4 at state [7.34, 4.86, 3.02]
2026-07-05 18:38 | WARNING  | robot_0 collided with obstacle_2 at state [2.05, 4.64, 1.2]
2026-07-05 18:38 | WARNING  | robot_0 collided with obstacle_4 at state [8.77, 2.56, -2.45]
2026-07-05 18:38 | WARNING  | robot_0 collided with obstacle_8 at state [1.87, 9.81, 3.0]
2026-07-05 18:38 | WARNING  | robot_0 collided with obstacle_6 at state [5.23, 6.23, 3.0]
Average Reward: -57.09401431995199
Average Collision rate: 0.5
Average Goal rate: 0.1
..............................................
2026-07-05 18:39 | WARNING  | robot_0 collided with obstacle_7 at state [7.25, 4.94, 0.88]
--------------------------------------------------------------------------------------------
setting actor output action_std to min_action_std :  0.1
--------------------------------------------------------------------------------------------
2026-07-05 18:39 | WARNING  | robot_0 collided with obstacle_5 at state [2.76, 2.94, -2.64]
2026-07-05 18:39 | WARNING  | robot_0 collided with obstacle_2 at state [2.37, 7.58, 0.19]
--------------------------------------------------------------------------------------------
setting actor output action_std to min_action_std :  0.1
--------------------------------------------------------------------------------------------
2026-07-05 18:39 | WARNING  | robot_0 collided with obstacle_2 at state [7.26, 8.76, -0.63]
2026-07-05 18:39 | WARNING  | robot_0 collided with obstacle_1 at state [3.9, 7.57, -1.37]
--------------------------------------------------------------------------------------------
setting actor output action_std to min_action_std :  0.1
--------------------------------------------------------------------------------------------
2026-07-05 18:39 | WARNING  | robot_0 collided with obstacle_3 at state [6.45, 5.43, -2.65]
2026-07-05 18:39 | WARNING  | robot_0 collided with obstacle_4 at state [2.21, 3.28, -0.42]
--------------------------------------------------------------------------------------------
setting actor output action_std to min_action_std :  0.1
--------------------------------------------------------------------------------------------
2026-07-05 18:39 | WARNING  | robot_0 collided with obstacle_4 at state [4.86, 4.21, 3.12]
--------------------------------------------------------------------------------------------
setting actor output action_std to min_action_std :  0.1
--------------------------------------------------------------------------------------------
2026-07-05 18:39 | WARNING  | robot_0 collided with obstacle_3 at state [7.78, 4.69, -3.11]
--------------------------------------------------------------------------------------------
setting actor output action_std to min_action_std :  0.1
--------------------------------------------------------------------------------------------
2026-07-05 18:39 | WARNING  | robot_0 collided with obstacle_3 at state [1.76, 4.46, 1.5]
2026-07-05 18:39 | WARNING  | robot_0 collided with obstacle_7 at state [5.94, 8.47, -2.92]
--------------------------------------------------------------------------------------------
setting actor output action_std to min_action_std :  0.1
--------------------------------------------------------------------------------------------
2026-07-05 18:39 | WARNING  | robot_0 collided with obstacle_2 at state [4.18, 5.8, -0.19]
--------------------------------------------------------------------------------------------
setting actor output action_std to min_action_std :  0.1
--------------------------------------------------------------------------------------------
2026-07-05 18:39 | WARNING  | robot_0 collided with obstacle_5 at state [6.93, 6.34, 2.47]
2026-07-05 18:39 | WARNING  | robot_0 collided with obstacle_8 at state [2.64, 9.82, -3.09]
--------------------------------------------------------------------------------------------
setting actor output action_std to min_action_std :  0.1
--------------------------------------------------------------------------------------------
2026-07-05 18:39 | WARNING  | robot_0 collided with obstacle_7 at state [3.56, 7.74, 2.62]
--------------------------------------------------------------------------------------------
setting actor output action_std to min_action_std :  0.1
--------------------------------------------------------------------------------------------
--------------------------------------------------------------------------------------------
setting actor output action_std to min_action_std :  0.1
--------------------------------------------------------------------------------------------
2026-07-05 18:39 | WARNING  | robot_0 collided with obstacle_7 at state [3.78, 4.11, 2.33]
2026-07-05 18:39 | WARNING  | robot_0 collided with obstacle_3 at state [3.53, 2.35, -2.4]
--------------------------------------------------------------------------------------------
setting actor output action_std to min_action_std :  0.1
--------------------------------------------------------------------------------------------
2026-07-05 18:39 | WARNING  | robot_0 collided with obstacle_3 at state [6.1, 4.94, -0.41]
--------------------------------------------------------------------------------------------
setting actor output action_std to min_action_std :  0.1
--------------------------------------------------------------------------------------------
2026-07-05 18:39 | WARNING  | robot_0 collided with obstacle_1 at state [8.11, 4.62, 1.44]
2026-07-05 18:39 | WARNING  | robot_0 collided with obstacle_2 at state [6.02, 2.58, 0.0]
--------------------------------------------------------------------------------------------
setting actor output action_std to min_action_std :  0.1
--------------------------------------------------------------------------------------------
2026-07-05 18:39 | WARNING  | robot_0 collided with obstacle_3 at state [5.66, 3.44, -0.52]
--------------------------------------------------------------------------------------------
setting actor output action_std to min_action_std :  0.1
--------------------------------------------------------------------------------------------
2026-07-05 18:39 | WARNING  | robot_0 collided with obstacle_3 at state [4.29, 4.13, 1.55]
--------------------------------------------------------------------------------------------
setting actor output action_std to min_action_std :  0.1
--------------------------------------------------------------------------------------------
2026-07-05 18:40 | WARNING  | robot_0 collided with obstacle_4 at state [8.25, 5.72, -2.29]
--------------------------------------------------------------------------------------------
setting actor output action_std to min_action_std :  0.1
--------------------------------------------------------------------------------------------
2026-07-05 18:40 | WARNING  | robot_0 collided with obstacle_7 at state [2.77, 3.54, 0.6]
--------------------------------------------------------------------------------------------
setting actor output action_std to min_action_std :  0.1
--------------------------------------------------------------------------------------------
2026-07-05 18:40 | WARNING  | robot_0 collided with obstacle_2 at state [2.54, 3.65, 0.3]
2026-07-05 18:40 | WARNING  | robot_0 collided with obstacle_4 at state [5.35, 2.24, 2.25]
--------------------------------------------------------------------------------------------
setting actor output action_std to min_action_std :  0.1
--------------------------------------------------------------------------------------------
2026-07-05 18:40 | WARNING  | robot_0 collided with obstacle_2 at state [1.39, 7.2, 0.0]
--------------------------------------------------------------------------------------------
setting actor output action_std to min_action_std :  0.1
--------------------------------------------------------------------------------------------
2026-07-05 18:40 | WARNING  | robot_0 collided with obstacle_3 at state [3.22, 6.68, -0.71]
--------------------------------------------------------------------------------------------
setting actor output action_std to min_action_std :  0.1
--------------------------------------------------------------------------------------------
--------------------------------------------------------------------------------------------
setting actor output action_std to min_action_std :  0.1
--------------------------------------------------------------------------------------------
--------------------------------------------------------------------------------------------
setting actor output action_std to min_action_std :  0.1
--------------------------------------------------------------------------------------------
--------------------------------------------------------------------------------------------
setting actor output action_std to min_action_std :  0.1
--------------------------------------------------------------------------------------------
2026-07-05 18:41 | WARNING  | robot_0 collided with obstacle_7 at state [3.22, 7.9, 2.55]
--------------------------------------------------------------------------------------------
setting actor output action_std to min_action_std :  0.1
--------------------------------------------------------------------------------------------
2026-07-05 18:41 | WARNING  | robot_0 collided with obstacle_6 at state [6.16, 4.23, -3.06]
2026-07-05 18:41 | WARNING  | robot_0 collided with obstacle_2 at state [5.34, 3.5, -2.81]
--------------------------------------------------------------------------------------------
setting actor output action_std to min_action_std :  0.1
--------------------------------------------------------------------------------------------
2026-07-05 18:41 | WARNING  | robot_0 collided with obstacle_1 at state [3.6, 6.96, -1.38]
--------------------------------------------------------------------------------------------
setting actor output action_std to min_action_std :  0.1
--------------------------------------------------------------------------------------------
2026-07-05 18:41 | WARNING  | robot_0 collided with obstacle_5 at state [4.1, 2.85, 0.3]
--------------------------------------------------------------------------------------------
setting actor output action_std to min_action_std :  0.1
--------------------------------------------------------------------------------------------
2026-07-05 18:41 | WARNING  | robot_0 collided with obstacle_5 at state [4.79, 6.54, 2.36]
--------------------------------------------------------------------------------------------
setting actor output action_std to min_action_std :  0.1
--------------------------------------------------------------------------------------------
2026-07-05 18:41 | WARNING  | robot_0 collided with obstacle_6 at state [4.97, 6.24, -2.77]
2026-07-05 18:41 | WARNING  | robot_0 collided with obstacle_7 at state [7.68, 2.33, 0.6]
--------------------------------------------------------------------------------------------
setting actor output action_std to min_action_std :  0.1
--------------------------------------------------------------------------------------------
--------------------------------------------------------------------------------------------
setting actor output action_std to min_action_std :  0.1
--------------------------------------------------------------------------------------------
2026-07-05 18:41 | WARNING  | robot_0 collided with obstacle_2 at state [7.2, 6.65, 1.46]
--------------------------------------------------------------------------------------------
setting actor output action_std to min_action_std :  0.1
--------------------------------------------------------------------------------------------
2026-07-05 18:41 | WARNING  | robot_0 collided with obstacle_3 at state [3.98, 7.18, 1.43]
--------------------------------------------------------------------------------------------
setting actor output action_std to min_action_std :  0.1
--------------------------------------------------------------------------------------------
2026-07-05 18:41 | WARNING  | robot_0 collided with obstacle_7 at state [3.44, 4.37, -2.79]
--------------------------------------------------------------------------------------------
setting actor output action_std to min_action_std :  0.1
--------------------------------------------------------------------------------------------
2026-07-05 18:41 | WARNING  | robot_0 collided with obstacle_7 at state [5.24, 8.21, 2.53]
..............................................
Epoch 4. Evaluating scenarios
2026-07-05 18:41 | WARNING  | robot_0 collided with obstacle_1 at state [8.49, 5.9, -2.98]
2026-07-05 18:41 | WARNING  | robot_0 collided with obstacle_3 at state [2.65, 7.32, 2.7]
2026-07-05 18:42 | WARNING  | robot_0 collided with obstacle_4 at state [3.41, 9.42, -2.08]
2026-07-05 18:42 | WARNING  | robot_0 collided with obstacle_8 at state [1.41, 9.83, 3.0]
2026-07-05 18:42 | WARNING  | robot_0 collided with obstacle_3 at state [3.46, 5.21, 0.32]
2026-07-05 18:42 | WARNING  | robot_0 collided with obstacle_3 at state [1.13, 5.82, -0.66]
Average Reward: -61.08551946651694
Average Collision rate: 0.6
Average Goal rate: 0.1
..............................................
2026-07-05 18:42 | WARNING  | robot_0 collided with obstacle_7 at state [2.77, 5.94, 3.07]
--------------------------------------------------------------------------------------------
setting actor output action_std to min_action_std :  0.1
--------------------------------------------------------------------------------------------
2026-07-05 18:42 | WARNING  | robot_0 collided with obstacle_1 at state [8.2, 6.13, 1.12]
--------------------------------------------------------------------------------------------
setting actor output action_std to min_action_std :  0.1
--------------------------------------------------------------------------------------------
2026-07-05 18:42 | WARNING  | robot_0 collided with obstacle_3 at state [3.15, 1.94, 1.17]
2026-07-05 18:42 | WARNING  | robot_0 collided with obstacle_3 at state [3.87, 8.22, -0.14]
--------------------------------------------------------------------------------------------
setting actor output action_std to min_action_std :  0.1
--------------------------------------------------------------------------------------------
--------------------------------------------------------------------------------------------
setting actor output action_std to min_action_std :  0.1
--------------------------------------------------------------------------------------------
2026-07-05 18:42 | WARNING  | robot_0 collided with obstacle_6 at state [5.77, 2.62, -1.37]
2026-07-05 18:42 | WARNING  | robot_0 collided with obstacle_1 at state [5.05, 6.51, 0.49]
--------------------------------------------------------------------------------------------
setting actor output action_std to min_action_std :  0.1
--------------------------------------------------------------------------------------------
2026-07-05 18:42 | WARNING  | robot_0 collided with obstacle_4 at state [3.94, 8.31, 0.22]
2026-07-05 18:42 | WARNING  | robot_0 collided with obstacle_3 at state [7.09, 2.95, -3.07]
--------------------------------------------------------------------------------------------
setting actor output action_std to min_action_std :  0.1
--------------------------------------------------------------------------------------------
2026-07-05 18:42 | WARNING  | robot_0 collided with obstacle_8 at state [6.96, 9.86, 2.57]
2026-07-05 18:42 | WARNING  | robot_0 collided with obstacle_5 at state [7.07, 4.67, 2.28]
--------------------------------------------------------------------------------------------
setting actor output action_std to min_action_std :  0.1
--------------------------------------------------------------------------------------------
2026-07-05 18:42 | WARNING  | robot_0 collided with obstacle_4 at state [8.29, 7.32, 2.62]
2026-07-05 18:42 | WARNING  | robot_0 collided with obstacle_6 at state [8.55, 4.4, 1.45]
--------------------------------------------------------------------------------------------
setting actor output action_std to min_action_std :  0.1
--------------------------------------------------------------------------------------------
2026-07-05 18:42 | WARNING  | robot_0 collided with obstacle_3 at state [6.78, 4.85, 2.65]
2026-07-05 18:42 | WARNING  | robot_0 collided with obstacle_4 at state [5.19, 3.91, -2.63]
--------------------------------------------------------------------------------------------
setting actor output action_std to min_action_std :  0.1
--------------------------------------------------------------------------------------------
--------------------------------------------------------------------------------------------
setting actor output action_std to min_action_std :  0.1
--------------------------------------------------------------------------------------------
2026-07-05 18:43 | WARNING  | robot_0 collided with obstacle_4 at state [3.08, 7.42, 2.25]
--------------------------------------------------------------------------------------------
setting actor output action_std to min_action_std :  0.1
--------------------------------------------------------------------------------------------
2026-07-05 18:43 | WARNING  | robot_0 collided with obstacle_4 at state [8.49, 3.19, 1.12]
--------------------------------------------------------------------------------------------
setting actor output action_std to min_action_std :  0.1
--------------------------------------------------------------------------------------------
2026-07-05 18:43 | WARNING  | robot_0 collided with obstacle_2 at state [4.17, 2.13, -0.94]
--------------------------------------------------------------------------------------------
setting actor output action_std to min_action_std :  0.1
--------------------------------------------------------------------------------------------
2026-07-05 18:43 | WARNING  | robot_0 collided with obstacle_7 at state [8.25, 1.63, 0.56]
--------------------------------------------------------------------------------------------
setting actor output action_std to min_action_std :  0.1
--------------------------------------------------------------------------------------------
2026-07-05 18:43 | WARNING  | robot_0 collided with obstacle_1 at state [6.6, 6.25, 1.43]
--------------------------------------------------------------------------------------------
setting actor output action_std to min_action_std :  0.1
--------------------------------------------------------------------------------------------
2026-07-05 18:43 | WARNING  | robot_0 collided with obstacle_8 at state [8.08, 9.81, 3.03]
--------------------------------------------------------------------------------------------
setting actor output action_std to min_action_std :  0.1
--------------------------------------------------------------------------------------------
2026-07-05 18:43 | WARNING  | robot_0 collided with obstacle_8 at state [7.25, 9.81, 2.92]
--------------------------------------------------------------------------------------------
setting actor output action_std to min_action_std :  0.1
--------------------------------------------------------------------------------------------
2026-07-05 18:43 | WARNING  | robot_0 collided with obstacle_4 at state [3.06, 8.26, -1.36]
--------------------------------------------------------------------------------------------
setting actor output action_std to min_action_std :  0.1
--------------------------------------------------------------------------------------------
2026-07-05 18:43 | WARNING  | robot_0 collided with obstacle_4 at state [4.12, 3.28, -0.56]
--------------------------------------------------------------------------------------------
setting actor output action_std to min_action_std :  0.1
--------------------------------------------------------------------------------------------
2026-07-05 18:43 | WARNING  | robot_0 collided with obstacle_7 at state [7.61, 4.35, 2.38]
2026-07-05 18:43 | WARNING  | robot_0 collided with obstacle_3 at state [6.31, 2.34, -1.71]
--------------------------------------------------------------------------------------------
setting actor output action_std to min_action_std :  0.1
--------------------------------------------------------------------------------------------
--------------------------------------------------------------------------------------------
setting actor output action_std to min_action_std :  0.1
--------------------------------------------------------------------------------------------
2026-07-05 18:43 | WARNING  | robot_0 collided with obstacle_4 at state [5.86, 5.42, -1.98]
--------------------------------------------------------------------------------------------
setting actor output action_std to min_action_std :  0.1
--------------------------------------------------------------------------------------------
2026-07-05 18:43 | WARNING  | robot_0 collided with obstacle_2 at state [2.64, 7.44, -0.02]
--------------------------------------------------------------------------------------------
setting actor output action_std to min_action_std :  0.1
--------------------------------------------------------------------------------------------
2026-07-05 18:44 | WARNING  | robot_0 collided with obstacle_4 at state [5.24, 1.75, -1.66]
--------------------------------------------------------------------------------------------
setting actor output action_std to min_action_std :  0.1
--------------------------------------------------------------------------------------------
2026-07-05 18:44 | WARNING  | robot_0 collided with obstacle_4 at state [2.7, 4.31, 0.25]
2026-07-05 18:44 | WARNING  | robot_0 collided with obstacle_6 at state [5.95, 7.88, 0.6]
--------------------------------------------------------------------------------------------
setting actor output action_std to min_action_std :  0.1
--------------------------------------------------------------------------------------------
2026-07-05 18:44 | WARNING  | robot_0 collided with obstacle_1 at state [6.11, 4.58, 0.9]
2026-07-05 18:44 | WARNING  | robot_0 collided with obstacle_3 at state [3.44, 2.2, 0.44]
--------------------------------------------------------------------------------------------
setting actor output action_std to min_action_std :  0.1
--------------------------------------------------------------------------------------------
2026-07-05 18:44 | WARNING  | robot_0 collided with obstacle_5 at state [8.14, 5.46, 1.71]
--------------------------------------------------------------------------------------------
setting actor output action_std to min_action_std :  0.1
--------------------------------------------------------------------------------------------
2026-07-05 18:44 | WARNING  | robot_0 collided with obstacle_6 at state [4.81, 5.85, -2.53]
--------------------------------------------------------------------------------------------
setting actor output action_std to min_action_std :  0.1
--------------------------------------------------------------------------------------------
2026-07-05 18:44 | WARNING  | robot_0 collided with obstacle_2 at state [7.69, 8.2, -0.28]
2026-07-05 18:44 | WARNING  | robot_0 collided with obstacle_7 at state [6.87, 2.47, -2.81]
--------------------------------------------------------------------------------------------
setting actor output action_std to min_action_std :  0.1
--------------------------------------------------------------------------------------------
2026-07-05 18:44 | WARNING  | robot_0 collided with obstacle_3 at state [3.35, 2.76, 2.29]
2026-07-05 18:44 | WARNING  | robot_0 collided with obstacle_7 at state [2.85, 7.27, 1.75]
--------------------------------------------------------------------------------------------
setting actor output action_std to min_action_std :  0.1
--------------------------------------------------------------------------------------------
2026-07-05 18:44 | WARNING  | robot_0 collided with obstacle_1 at state [2.48, 7.37, -1.93]
--------------------------------------------------------------------------------------------
setting actor output action_std to min_action_std :  0.1
--------------------------------------------------------------------------------------------
--------------------------------------------------------------------------------------------
setting actor output action_std to min_action_std :  0.1
--------------------------------------------------------------------------------------------
2026-07-05 18:44 | WARNING  | robot_0 collided with obstacle_3 at state [8.29, 5.01, -2.21]
2026-07-05 18:44 | WARNING  | robot_0 collided with obstacle_5 at state [5.37, 7.15, -0.7]
--------------------------------------------------------------------------------------------
setting actor output action_std to min_action_std :  0.1
--------------------------------------------------------------------------------------------
--------------------------------------------------------------------------------------------
setting actor output action_std to min_action_std :  0.1
--------------------------------------------------------------------------------------------
2026-07-05 18:44 | WARNING  | robot_0 collided with obstacle_5 at state [5.76, 8.0, 0.86]
..............................................
Epoch 5. Evaluating scenarios
2026-07-05 18:44 | WARNING  | robot_0 collided with obstacle_6 at state [5.84, 4.11, 1.2]
2026-07-05 18:45 | WARNING  | robot_0 collided with obstacle_4 at state [8.33, 5.37, 0.9]
2026-07-05 18:45 | WARNING  | robot_0 collided with obstacle_2 at state [7.24, 5.38, -0.53]
Average Reward: -61.72184386383469
Average Collision rate: 0.3
Average Goal rate: 0.0
..............................................
--------------------------------------------------------------------------------------------
setting actor output action_std to min_action_std :  0.1
--------------------------------------------------------------------------------------------
2026-07-05 18:45 | WARNING  | robot_0 collided with obstacle_5 at state [1.89, 2.5, -1.71]
2026-07-05 18:45 | WARNING  | robot_0 collided with obstacle_4 at state [5.97, 1.8, 0.85]
--------------------------------------------------------------------------------------------
setting actor output action_std to min_action_std :  0.1
--------------------------------------------------------------------------------------------
--------------------------------------------------------------------------------------------
setting actor output action_std to min_action_std :  0.1
--------------------------------------------------------------------------------------------
2026-07-05 18:46 | WARNING  | robot_0 collided with obstacle_5 at state [5.21, 7.38, 2.92]
--------------------------------------------------------------------------------------------
setting actor output action_std to min_action_std :  0.1
--------------------------------------------------------------------------------------------
2026-07-05 18:46 | WARNING  | robot_0 collided with obstacle_3 at state [3.28, 6.59, 2.54]
--------------------------------------------------------------------------------------------
setting actor output action_std to min_action_std :  0.1
--------------------------------------------------------------------------------------------
2026-07-05 18:46 | WARNING  | robot_0 collided with obstacle_7 at state [7.58, 4.18, 1.44]
--------------------------------------------------------------------------------------------
setting actor output action_std to min_action_std :  0.1
--------------------------------------------------------------------------------------------
2026-07-05 18:46 | WARNING  | robot_0 collided with obstacle_3 at state [4.38, 3.11, 0.53]
--------------------------------------------------------------------------------------------
setting actor output action_std to min_action_std :  0.1
--------------------------------------------------------------------------------------------
2026-07-05 18:46 | WARNING  | robot_0 collided with obstacle_4 at state [6.7, 2.4, 2.31]
2026-07-05 18:46 | WARNING  | robot_0 collided with obstacle_4 at state [7.05, 3.53, -0.31]
--------------------------------------------------------------------------------------------
setting actor output action_std to min_action_std :  0.1
--------------------------------------------------------------------------------------------
2026-07-05 18:46 | WARNING  | robot_0 collided with obstacle_2 at state [5.82, 2.87, -1.89]
2026-07-05 18:46 | WARNING  | robot_0 collided with obstacle_6 at state [1.79, 6.87, 0.1]
--------------------------------------------------------------------------------------------
setting actor output action_std to min_action_std :  0.1
--------------------------------------------------------------------------------------------
2026-07-05 18:46 | WARNING  | robot_0 collided with obstacle_6 at state [4.44, 8.32, 1.15]
2026-07-05 18:46 | WARNING  | robot_0 collided with obstacle_6 at state [4.62, 7.91, 0.88]
--------------------------------------------------------------------------------------------
setting actor output action_std to min_action_std :  0.1
--------------------------------------------------------------------------------------------
2026-07-05 18:46 | WARNING  | robot_0 collided with obstacle_5 at state [9.08, 5.3, 0.88]
--------------------------------------------------------------------------------------------
setting actor output action_std to min_action_std :  0.1
--------------------------------------------------------------------------------------------
2026-07-05 18:46 | WARNING  | robot_0 collided with obstacle_5 at state [5.57, 5.6, 0.89]
2026-07-05 18:46 | WARNING  | robot_0 collided with obstacle_2 at state [5.43, 6.66, 1.69]
--------------------------------------------------------------------------------------------
setting actor output action_std to min_action_std :  0.1
--------------------------------------------------------------------------------------------
--------------------------------------------------------------------------------------------
setting actor output action_std to min_action_std :  0.1
--------------------------------------------------------------------------------------------
2026-07-05 18:46 | WARNING  | robot_0 collided with obstacle_4 at state [6.55, 2.8, 1.36]
--------------------------------------------------------------------------------------------
setting actor output action_std to min_action_std :  0.1
--------------------------------------------------------------------------------------------
2026-07-05 18:46 | WARNING  | robot_0 collided with obstacle_8 at state [7.22, 9.8, 2.34]
--------------------------------------------------------------------------------------------
setting actor output action_std to min_action_std :  0.1
--------------------------------------------------------------------------------------------
2026-07-05 18:46 | WARNING  | robot_0 collided with obstacle_6 at state [5.44, 4.79, -2.6]
2026-07-05 18:46 | WARNING  | robot_0 collided with obstacle_8 at state [2.08, 9.9, 2.55]
--------------------------------------------------------------------------------------------
setting actor output action_std to min_action_std :  0.1
--------------------------------------------------------------------------------------------
--------------------------------------------------------------------------------------------
setting actor output action_std to min_action_std :  0.1
--------------------------------------------------------------------------------------------
2026-07-05 18:46 | WARNING  | robot_0 collided with obstacle_4 at state [5.67, 6.58, 1.61]
--------------------------------------------------------------------------------------------
setting actor output action_std to min_action_std :  0.1
--------------------------------------------------------------------------------------------
2026-07-05 18:47 | WARNING  | robot_0 collided with obstacle_7 at state [2.99, 5.43, -1.52]
2026-07-05 18:47 | WARNING  | robot_0 collided with obstacle_5 at state [3.92, 4.63, 2.62]
--------------------------------------------------------------------------------------------
setting actor output action_std to min_action_std :  0.1
--------------------------------------------------------------------------------------------
2026-07-05 18:47 | WARNING  | robot_0 collided with obstacle_3 at state [6.63, 4.04, 3.13]
--------------------------------------------------------------------------------------------
setting actor output action_std to min_action_std :  0.1
--------------------------------------------------------------------------------------------
--------------------------------------------------------------------------------------------
setting actor output action_std to min_action_std :  0.1
--------------------------------------------------------------------------------------------
2026-07-05 18:47 | WARNING  | robot_0 collided with obstacle_3 at state [1.92, 2.49, -3.07]
--------------------------------------------------------------------------------------------
setting actor output action_std to min_action_std :  0.1
--------------------------------------------------------------------------------------------
--------------------------------------------------------------------------------------------
setting actor output action_std to min_action_std :  0.1
--------------------------------------------------------------------------------------------
2026-07-05 18:47 | WARNING  | robot_0 collided with obstacle_7 at state [6.42, 3.44, 1.16]
--------------------------------------------------------------------------------------------
setting actor output action_std to min_action_std :  0.1
--------------------------------------------------------------------------------------------
--------------------------------------------------------------------------------------------
setting actor output action_std to min_action_std :  0.1
--------------------------------------------------------------------------------------------
2026-07-05 18:47 | WARNING  | robot_0 collided with obstacle_7 at state [3.77, 8.1, 2.71]
2026-07-05 18:47 | WARNING  | robot_0 collided with obstacle_7 at state [3.2, 6.74, -2.17]
--------------------------------------------------------------------------------------------
setting actor output action_std to min_action_std :  0.1
--------------------------------------------------------------------------------------------
--------------------------------------------------------------------------------------------
setting actor output action_std to min_action_std :  0.1
--------------------------------------------------------------------------------------------
2026-07-05 18:47 | WARNING  | robot_0 collided with obstacle_2 at state [5.11, 2.66, 2.61]
--------------------------------------------------------------------------------------------
setting actor output action_std to min_action_std :  0.1
--------------------------------------------------------------------------------------------
2026-07-05 18:48 | WARNING  | robot_0 collided with obstacle_2 at state [3.03, 8.54, -0.38]
--------------------------------------------------------------------------------------------
setting actor output action_std to min_action_std :  0.1
--------------------------------------------------------------------------------------------
2026-07-05 18:48 | WARNING  | robot_0 collided with obstacle_3 at state [4.82, 6.49, -2.76]
--------------------------------------------------------------------------------------------
setting actor output action_std to min_action_std :  0.1
--------------------------------------------------------------------------------------------
2026-07-05 18:48 | WARNING  | robot_0 collided with obstacle_5 at state [2.71, 2.89, 0.56]
2026-07-05 18:48 | WARNING  | robot_0 collided with obstacle_8 at state [1.65, 9.81, -3.04]
--------------------------------------------------------------------------------------------
setting actor output action_std to min_action_std :  0.1
--------------------------------------------------------------------------------------------
2026-07-05 18:48 | WARNING  | robot_0 collided with obstacle_4 at state [2.64, 4.11, 0.55]
--------------------------------------------------------------------------------------------
setting actor output action_std to min_action_std :  0.1
--------------------------------------------------------------------------------------------
2026-07-05 18:48 | WARNING  | robot_0 collided with obstacle_2 at state [2.81, 2.92, -1.28]
2026-07-05 18:48 | WARNING  | robot_0 collided with obstacle_5 at state [7.23, 8.01, 0.87]
--------------------------------------------------------------------------------------------
setting actor output action_std to min_action_std :  0.1
--------------------------------------------------------------------------------------------
2026-07-05 18:48 | WARNING  | robot_0 collided with obstacle_3 at state [2.22, 3.24, 0.97]
2026-07-05 18:48 | WARNING  | robot_0 collided with obstacle_2 at state [5.91, 7.82, 0.87]
--------------------------------------------------------------------------------------------
setting actor output action_std to min_action_std :  0.1
--------------------------------------------------------------------------------------------
..............................................
Epoch 6. Evaluating scenarios
2026-07-05 18:48 | WARNING  | robot_0 collided with obstacle_2 at state [4.16, 6.49, 0.93]
2026-07-05 18:48 | WARNING  | robot_0 collided with obstacle_1 at state [7.36, 2.92, -0.28]
2026-07-05 18:48 | WARNING  | robot_0 collided with obstacle_2 at state [7.47, 2.75, -0.87]
2026-07-05 18:48 | WARNING  | robot_0 collided with obstacle_2 at state [8.01, 1.36, 0.93]
2026-07-05 18:48 | WARNING  | robot_0 collided with obstacle_7 at state [3.22, 8.49, 2.4]
Average Reward: -75.89096420338807
Average Collision rate: 0.5
Average Goal rate: 0.0
..............................................
2026-07-05 18:49 | WARNING  | robot_0 collided with obstacle_3 at state [7.88, 3.91, -1.38]
--------------------------------------------------------------------------------------------
setting actor output action_std to min_action_std :  0.1
--------------------------------------------------------------------------------------------
--------------------------------------------------------------------------------------------
setting actor output action_std to min_action_std :  0.1
--------------------------------------------------------------------------------------------
--------------------------------------------------------------------------------------------
setting actor output action_std to min_action_std :  0.1
--------------------------------------------------------------------------------------------
2026-07-05 18:49 | WARNING  | robot_0 collided with obstacle_1 at state [5.74, 1.65, -1.12]
2026-07-05 18:49 | WARNING  | robot_0 collided with obstacle_5 at state [4.29, 3.33, -0.93]
--------------------------------------------------------------------------------------------
setting actor output action_std to min_action_std :  0.1
--------------------------------------------------------------------------------------------
2026-07-05 18:49 | WARNING  | robot_0 collided with obstacle_2 at state [5.93, 3.9, 0.0]
--------------------------------------------------------------------------------------------
setting actor output action_std to min_action_std :  0.1
--------------------------------------------------------------------------------------------
2026-07-05 18:49 | WARNING  | robot_0 collided with obstacle_3 at state [6.19, 6.36, 1.74]
2026-07-05 18:49 | WARNING  | robot_0 collided with obstacle_7 at state [8.22, 4.62, 2.84]
--------------------------------------------------------------------------------------------
setting actor output action_std to min_action_std :  0.1
--------------------------------------------------------------------------------------------
2026-07-05 18:49 | WARNING  | robot_0 collided with obstacle_7 at state [4.34, 3.47, 1.65]
--------------------------------------------------------------------------------------------
setting actor output action_std to min_action_std :  0.1
--------------------------------------------------------------------------------------------
2026-07-05 18:49 | WARNING  | robot_0 collided with obstacle_3 at state [3.35, 2.1, 2.02]
2026-07-05 18:49 | WARNING  | robot_0 collided with obstacle_7 at state [4.48, 2.96, 2.25]
--------------------------------------------------------------------------------------------
setting actor output action_std to min_action_std :  0.1
--------------------------------------------------------------------------------------------
2026-07-05 18:49 | WARNING  | robot_0 collided with obstacle_8 at state [2.63, 9.87, 2.6]
2026-07-05 18:49 | WARNING  | robot_0 collided with obstacle_1 at state [4.17, 6.41, 1.92]
--------------------------------------------------------------------------------------------
setting actor output action_std to min_action_std :  0.1
--------------------------------------------------------------------------------------------
2026-07-05 18:49 | WARNING  | robot_0 collided with obstacle_4 at state [3.04, 5.89, 1.18]
--------------------------------------------------------------------------------------------
setting actor output action_std to min_action_std :  0.1
--------------------------------------------------------------------------------------------
--------------------------------------------------------------------------------------------
setting actor output action_std to min_action_std :  0.1
--------------------------------------------------------------------------------------------
2026-07-05 18:50 | WARNING  | robot_0 collided with obstacle_8 at state [1.67, 9.83, 3.11]
--------------------------------------------------------------------------------------------
setting actor output action_std to min_action_std :  0.1
--------------------------------------------------------------------------------------------
2026-07-05 18:50 | WARNING  | robot_0 collided with obstacle_5 at state [6.38, 2.29, -1.94]
2026-07-05 18:50 | WARNING  | robot_0 collided with obstacle_6 at state [3.3, 5.06, 2.58]
--------------------------------------------------------------------------------------------
setting actor output action_std to min_action_std :  0.1
--------------------------------------------------------------------------------------------
2026-07-05 18:50 | WARNING  | robot_0 collided with obstacle_6 at state [5.83, 2.37, 1.46]
--------------------------------------------------------------------------------------------
setting actor output action_std to min_action_std :  0.1
--------------------------------------------------------------------------------------------
2026-07-05 18:50 | WARNING  | robot_0 collided with obstacle_4 at state [3.21, 6.05, -1.86]
2026-07-05 18:50 | WARNING  | robot_0 collided with obstacle_4 at state [5.4, 3.12, -0.45]
--------------------------------------------------------------------------------------------
setting actor output action_std to min_action_std :  0.1
--------------------------------------------------------------------------------------------
2026-07-05 18:50 | WARNING  | robot_0 collided with obstacle_6 at state [2.06, 8.92, 0.9]
--------------------------------------------------------------------------------------------
setting actor output action_std to min_action_std :  0.1
--------------------------------------------------------------------------------------------
2026-07-05 18:50 | WARNING  | robot_0 collided with obstacle_4 at state [8.28, 6.69, -0.05]
2026-07-05 18:50 | WARNING  | robot_0 collided with obstacle_1 at state [1.56, 2.11, -2.23]
--------------------------------------------------------------------------------------------
setting actor output action_std to min_action_std :  0.1
--------------------------------------------------------------------------------------------
2026-07-05 18:50 | WARNING  | robot_0 collided with obstacle_4 at state [3.0, 4.73, -2.23]
2026-07-05 18:50 | WARNING  | robot_0 collided with obstacle_2 at state [2.74, 6.0, 3.12]
--------------------------------------------------------------------------------------------
setting actor output action_std to min_action_std :  0.1
--------------------------------------------------------------------------------------------
--------------------------------------------------------------------------------------------
setting actor output action_std to min_action_std :  0.1
--------------------------------------------------------------------------------------------
--------------------------------------------------------------------------------------------
setting actor output action_std to min_action_std :  0.1
--------------------------------------------------------------------------------------------
2026-07-05 18:50 | WARNING  | robot_0 collided with obstacle_6 at state [1.29, 6.8, -3.09]
--------------------------------------------------------------------------------------------
setting actor output action_std to min_action_std :  0.1
--------------------------------------------------------------------------------------------
--------------------------------------------------------------------------------------------
setting actor output action_std to min_action_std :  0.1
--------------------------------------------------------------------------------------------
2026-07-05 18:51 | WARNING  | robot_0 collided with obstacle_2 at state [5.5, 3.43, -1.19]
--------------------------------------------------------------------------------------------
setting actor output action_std to min_action_std :  0.1
--------------------------------------------------------------------------------------------
2026-07-05 18:51 | WARNING  | robot_0 collided with obstacle_5 at state [5.88, 1.68, 2.03]
2026-07-05 18:51 | WARNING  | robot_0 collided with obstacle_8 at state [7.15, 9.84, 2.92]
--------------------------------------------------------------------------------------------
setting actor output action_std to min_action_std :  0.1
--------------------------------------------------------------------------------------------
2026-07-05 18:51 | WARNING  | robot_0 collided with obstacle_4 at state [6.28, 6.31, -0.82]
--------------------------------------------------------------------------------------------
setting actor output action_std to min_action_std :  0.1
--------------------------------------------------------------------------------------------
--------------------------------------------------------------------------------------------
setting actor output action_std to min_action_std :  0.1
--------------------------------------------------------------------------------------------
--------------------------------------------------------------------------------------------
setting actor output action_std to min_action_std :  0.1
--------------------------------------------------------------------------------------------
2026-07-05 18:51 | WARNING  | robot_0 collided with obstacle_3 at state [2.12, 3.45, -2.25]
--------------------------------------------------------------------------------------------
setting actor output action_std to min_action_std :  0.1
--------------------------------------------------------------------------------------------
2026-07-05 18:51 | WARNING  | robot_0 collided with obstacle_3 at state [8.44, 3.93, 1.97]
2026-07-05 18:51 | WARNING  | robot_0 collided with obstacle_2 at state [5.58, 2.12, -0.47]
--------------------------------------------------------------------------------------------
setting actor output action_std to min_action_std :  0.1
--------------------------------------------------------------------------------------------
--------------------------------------------------------------------------------------------
setting actor output action_std to min_action_std :  0.1
--------------------------------------------------------------------------------------------
2026-07-05 18:52 | WARNING  | robot_0 collided with obstacle_4 at state [7.75, 8.13, 1.75]
2026-07-05 18:52 | WARNING  | robot_0 collided with obstacle_1 at state [7.13, 1.83, 0.12]
--------------------------------------------------------------------------------------------
setting actor output action_std to min_action_std :  0.1
--------------------------------------------------------------------------------------------
--------------------------------------------------------------------------------------------
setting actor output action_std to min_action_std :  0.1
--------------------------------------------------------------------------------------------
2026-07-05 18:52 | WARNING  | robot_0 collided with obstacle_3 at state [4.56, 3.72, -1.61]
--------------------------------------------------------------------------------------------
setting actor output action_std to min_action_std :  0.1
--------------------------------------------------------------------------------------------
2026-07-05 18:52 | WARNING  | robot_0 collided with obstacle_3 at state [4.07, 5.14, -2.15]
--------------------------------------------------------------------------------------------
setting actor output action_std to min_action_std :  0.1
--------------------------------------------------------------------------------------------
2026-07-05 18:52 | WARNING  | robot_0 collided with obstacle_3 at state [4.78, 7.99, 0.52]
..............................................
Epoch 7. Evaluating scenarios
2026-07-05 18:52 | WARNING  | robot_0 collided with obstacle_6 at state [5.79, 2.29, 2.1]
2026-07-05 18:52 | WARNING  | robot_0 collided with obstacle_5 at state [3.2, 8.01, 0.3]
2026-07-05 18:52 | WARNING  | robot_0 collided with obstacle_1 at state [7.05, 2.58, -0.88]
2026-07-05 18:52 | WARNING  | robot_0 collided with obstacle_3 at state [1.84, 2.91, -2.58]
2026-07-05 18:52 | WARNING  | robot_0 collided with obstacle_3 at state [1.82, 5.65, 0.33]
2026-07-05 18:52 | WARNING  | robot_0 collided with obstacle_3 at state [6.47, 7.23, 0.6]
Average Reward: -78.26717217348524
Average Collision rate: 0.6
Average Goal rate: 0.0
..............................................
--------------------------------------------------------------------------------------------
setting actor output action_std to min_action_std :  0.1
--------------------------------------------------------------------------------------------
2026-07-05 18:53 | WARNING  | robot_0 collided with obstacle_1 at state [3.17, 8.45, -0.36]
2026-07-05 18:53 | WARNING  | robot_0 collided with obstacle_7 at state [3.55, 4.38, -1.25]
--------------------------------------------------------------------------------------------
setting actor output action_std to min_action_std :  0.1
--------------------------------------------------------------------------------------------
--------------------------------------------------------------------------------------------
setting actor output action_std to min_action_std :  0.1
--------------------------------------------------------------------------------------------
--------------------------------------------------------------------------------------------
setting actor output action_std to min_action_std :  0.1
--------------------------------------------------------------------------------------------
2026-07-05 18:53 | WARNING  | robot_0 collided with obstacle_3 at state [2.69, 2.29, 0.86]
--------------------------------------------------------------------------------------------
setting actor output action_std to min_action_std :  0.1
--------------------------------------------------------------------------------------------
2026-07-05 18:53 | WARNING  | robot_0 collided with obstacle_4 at state [4.92, 1.99, 2.85]
--------------------------------------------------------------------------------------------
setting actor output action_std to min_action_std :  0.1
--------------------------------------------------------------------------------------------
2026-07-05 18:53 | WARNING  | robot_0 collided with obstacle_4 at state [2.62, 2.64, 0.76]
--------------------------------------------------------------------------------------------
setting actor output action_std to min_action_std :  0.1
--------------------------------------------------------------------------------------------
2026-07-05 18:53 | WARNING  | robot_0 collided with obstacle_2 at state [6.73, 6.37, 2.36]
--------------------------------------------------------------------------------------------
setting actor output action_std to min_action_std :  0.1
--------------------------------------------------------------------------------------------
2026-07-05 18:54 | WARNING  | robot_0 collided with obstacle_1 at state [4.0, 5.01, 2.43]
2026-07-05 18:54 | WARNING  | robot_0 collided with obstacle_8 at state [6.77, 9.88, 2.82]
--------------------------------------------------------------------------------------------
setting actor output action_std to min_action_std :  0.1
--------------------------------------------------------------------------------------------
2026-07-05 18:54 | WARNING  | robot_0 collided with obstacle_1 at state [5.71, 4.85, 2.62]
--------------------------------------------------------------------------------------------
setting actor output action_std to min_action_std :  0.1
--------------------------------------------------------------------------------------------
2026-07-05 18:54 | WARNING  | robot_0 collided with obstacle_2 at state [1.79, 7.25, 1.87]
--------------------------------------------------------------------------------------------
setting actor output action_std to min_action_std :  0.1
--------------------------------------------------------------------------------------------
2026-07-05 18:54 | WARNING  | robot_0 collided with obstacle_5 at state [3.17, 5.07, -2.17]
--------------------------------------------------------------------------------------------
setting actor output action_std to min_action_std :  0.1
--------------------------------------------------------------------------------------------
--------------------------------------------------------------------------------------------
setting actor output action_std to min_action_std :  0.1
--------------------------------------------------------------------------------------------
2026-07-05 18:54 | WARNING  | robot_0 collided with obstacle_2 at state [8.55, 7.18, -0.32]
2026-07-05 18:54 | WARNING  | robot_0 collided with obstacle_1 at state [5.85, 8.69, -1.4]
--------------------------------------------------------------------------------------------
setting actor output action_std to min_action_std :  0.1
--------------------------------------------------------------------------------------------
2026-07-05 18:54 | WARNING  | robot_0 collided with obstacle_3 at state [6.74, 2.0, -2.22]
2026-07-05 18:54 | WARNING  | robot_0 collided with obstacle_1 at state [6.85, 7.86, 1.42]
--------------------------------------------------------------------------------------------
setting actor output action_std to min_action_std :  0.1
--------------------------------------------------------------------------------------------
--------------------------------------------------------------------------------------------
setting actor output action_std to min_action_std :  0.1
--------------------------------------------------------------------------------------------
--------------------------------------------------------------------------------------------
setting actor output action_std to min_action_std :  0.1
--------------------------------------------------------------------------------------------
2026-07-05 18:54 | WARNING  | robot_0 collided with obstacle_7 at state [4.23, 5.89, 1.7]
--------------------------------------------------------------------------------------------
setting actor output action_std to min_action_std :  0.1
--------------------------------------------------------------------------------------------
2026-07-05 18:54 | WARNING  | robot_0 collided with obstacle_7 at state [2.73, 1.66, -1.58]
--------------------------------------------------------------------------------------------
setting actor output action_std to min_action_std :  0.1
--------------------------------------------------------------------------------------------
--------------------------------------------------------------------------------------------
setting actor output action_std to min_action_std :  0.1
--------------------------------------------------------------------------------------------
2026-07-05 18:55 | WARNING  | robot_0 collided with obstacle_8 at state [8.87, 9.83, -3.08]
--------------------------------------------------------------------------------------------
setting actor output action_std to min_action_std :  0.1
--------------------------------------------------------------------------------------------
2026-07-05 18:55 | WARNING  | robot_0 collided with obstacle_1 at state [7.54, 3.99, 2.96]
--------------------------------------------------------------------------------------------
setting actor output action_std to min_action_std :  0.1
--------------------------------------------------------------------------------------------
2026-07-05 18:55 | WARNING  | robot_0 collided with obstacle_5 at state [1.76, 3.49, 0.9]
2026-07-05 18:55 | WARNING  | robot_0 collided with obstacle_5 at state [7.48, 4.12, 1.5]
--------------------------------------------------------------------------------------------
setting actor output action_std to min_action_std :  0.1
--------------------------------------------------------------------------------------------
--------------------------------------------------------------------------------------------
setting actor output action_std to min_action_std :  0.1
--------------------------------------------------------------------------------------------
2026-07-05 18:55 | WARNING  | robot_0 collided with obstacle_6 at state [7.26, 7.66, 0.3]
--------------------------------------------------------------------------------------------
setting actor output action_std to min_action_std :  0.1
--------------------------------------------------------------------------------------------
2026-07-05 18:55 | WARNING  | robot_0 collided with obstacle_4 at state [8.03, 4.06, 0.6]
--------------------------------------------------------------------------------------------
setting actor output action_std to min_action_std :  0.1
--------------------------------------------------------------------------------------------
2026-07-05 18:55 | WARNING  | robot_0 collided with obstacle_2 at state [6.21, 9.23, -2.21]
2026-07-05 18:55 | WARNING  | robot_0 collided with obstacle_7 at state [3.83, 8.61, 1.14]
--------------------------------------------------------------------------------------------
setting actor output action_std to min_action_std :  0.1
--------------------------------------------------------------------------------------------
2026-07-05 18:55 | WARNING  | robot_0 collided with obstacle_2 at state [7.77, 8.61, -1.36]
--------------------------------------------------------------------------------------------
setting actor output action_std to min_action_std :  0.1
--------------------------------------------------------------------------------------------
2026-07-05 18:55 | WARNING  | robot_0 collided with obstacle_4 at state [1.79, 8.4, 1.13]
--------------------------------------------------------------------------------------------
setting actor output action_std to min_action_std :  0.1
--------------------------------------------------------------------------------------------
2026-07-05 18:55 | WARNING  | robot_0 collided with obstacle_6 at state [8.41, 6.07, 2.34]
--------------------------------------------------------------------------------------------
setting actor output action_std to min_action_std :  0.1
--------------------------------------------------------------------------------------------
2026-07-05 18:55 | WARNING  | robot_0 collided with obstacle_6 at state [1.56, 3.73, -1.63]
--------------------------------------------------------------------------------------------
setting actor output action_std to min_action_std :  0.1
--------------------------------------------------------------------------------------------
2026-07-05 18:55 | WARNING  | robot_0 collided with obstacle_6 at state [6.9, 8.32, 0.58]
--------------------------------------------------------------------------------------------
setting actor output action_std to min_action_std :  0.1
--------------------------------------------------------------------------------------------
2026-07-05 18:55 | WARNING  | robot_0 collided with obstacle_4 at state [4.95, 8.66, -2.33]
2026-07-05 18:55 | WARNING  | robot_0 collided with obstacle_3 at state [6.05, 4.72, 0.0]
--------------------------------------------------------------------------------------------
setting actor output action_std to min_action_std :  0.1
--------------------------------------------------------------------------------------------
--------------------------------------------------------------------------------------------
setting actor output action_std to min_action_std :  0.1
--------------------------------------------------------------------------------------------
..............................................
Epoch 8. Evaluating scenarios
2026-07-05 18:56 | WARNING  | robot_0 collided with obstacle_2 at state [8.23, 8.08, -0.55]
2026-07-05 18:56 | WARNING  | robot_0 collided with obstacle_3 at state [8.26, 5.41, 3.08]
2026-07-05 18:56 | WARNING  | robot_0 collided with obstacle_7 at state [8.79, 5.42, 0.6]
2026-07-05 18:56 | WARNING  | robot_0 collided with obstacle_7 at state [7.23, 8.74, 2.1]
2026-07-05 18:56 | WARNING  | robot_0 collided with obstacle_2 at state [6.85, 8.21, -0.27]
Average Reward: -70.98398169829707
Average Collision rate: 0.5
Average Goal rate: 0.0
..............................................
--------------------------------------------------------------------------------------------
setting actor output action_std to min_action_std :  0.1
--------------------------------------------------------------------------------------------
--------------------------------------------------------------------------------------------
setting actor output action_std to min_action_std :  0.1
--------------------------------------------------------------------------------------------
2026-07-05 18:57 | WARNING  | robot_0 collided with obstacle_6 at state [4.05, 2.54, 2.05]
2026-07-05 18:57 | WARNING  | robot_0 collided with obstacle_7 at state [4.9, 4.65, 2.94]
--------------------------------------------------------------------------------------------
setting actor output action_std to min_action_std :  0.1
--------------------------------------------------------------------------------------------
2026-07-05 18:57 | WARNING  | robot_0 collided with obstacle_3 at state [5.42, 7.11, -1.94]
--------------------------------------------------------------------------------------------
setting actor output action_std to min_action_std :  0.1
--------------------------------------------------------------------------------------------
2026-07-05 18:57 | WARNING  | robot_0 collided with obstacle_1 at state [5.37, 6.38, 2.98]
--------------------------------------------------------------------------------------------
setting actor output action_std to min_action_std :  0.1
--------------------------------------------------------------------------------------------
--------------------------------------------------------------------------------------------
setting actor output action_std to min_action_std :  0.1
--------------------------------------------------------------------------------------------
--------------------------------------------------------------------------------------------
setting actor output action_std to min_action_std :  0.1
--------------------------------------------------------------------------------------------
2026-07-05 18:57 | WARNING  | robot_0 collided with obstacle_8 at state [6.1, 9.81, -3.09]
2026-07-05 18:57 | WARNING  | robot_0 collided with obstacle_5 at state [4.43, 7.89, 2.09]
--------------------------------------------------------------------------------------------
setting actor output action_std to min_action_std :  0.1
--------------------------------------------------------------------------------------------
2026-07-05 18:57 | WARNING  | robot_0 collided with obstacle_2 at state [1.54, 3.82, 1.15]
--------------------------------------------------------------------------------------------
setting actor output action_std to min_action_std :  0.1
--------------------------------------------------------------------------------------------
2026-07-05 18:57 | WARNING  | robot_0 collided with obstacle_3 at state [1.88, 5.39, 0.28]
2026-07-05 18:57 | WARNING  | robot_0 collided with obstacle_4 at state [1.24, 6.83, -0.99]
--------------------------------------------------------------------------------------------
setting actor output action_std to min_action_std :  0.1
--------------------------------------------------------------------------------------------
2026-07-05 18:57 | WARNING  | robot_0 collided with obstacle_4 at state [0.84, 6.45, -0.8]
2026-07-05 18:57 | WARNING  | robot_0 collided with obstacle_5 at state [4.27, 5.76, -2.81]
--------------------------------------------------------------------------------------------
setting actor output action_std to min_action_std :  0.1
--------------------------------------------------------------------------------------------
2026-07-05 18:57 | WARNING  | robot_0 collided with obstacle_5 at state [4.41, 7.71, -2.57]
--------------------------------------------------------------------------------------------
setting actor output action_std to min_action_std :  0.1
--------------------------------------------------------------------------------------------
2026-07-05 18:57 | WARNING  | robot_0 collided with obstacle_5 at state [4.77, 6.2, 0.28]
--------------------------------------------------------------------------------------------
setting actor output action_std to min_action_std :  0.1
--------------------------------------------------------------------------------------------
2026-07-05 18:57 | WARNING  | robot_0 collided with obstacle_6 at state [5.26, 4.2, -1.69]
2026-07-05 18:57 | WARNING  | robot_0 collided with obstacle_1 at state [8.14, 6.26, -1.23]
--------------------------------------------------------------------------------------------
setting actor output action_std to min_action_std :  0.1
--------------------------------------------------------------------------------------------
2026-07-05 18:57 | WARNING  | robot_0 collided with obstacle_7 at state [4.24, 8.77, -2.24]
--------------------------------------------------------------------------------------------
setting actor output action_std to min_action_std :  0.1
--------------------------------------------------------------------------------------------
2026-07-05 18:58 | WARNING  | robot_0 collided with obstacle_5 at state [3.29, 7.59, -2.8]
--------------------------------------------------------------------------------------------
setting actor output action_std to min_action_std :  0.1
--------------------------------------------------------------------------------------------
2026-07-05 18:58 | WARNING  | robot_0 collided with obstacle_7 at state [2.33, 6.23, -2.53]
2026-07-05 18:58 | WARNING  | robot_0 collided with obstacle_3 at state [8.11, 4.41, 2.09]
--------------------------------------------------------------------------------------------
setting actor output action_std to min_action_std :  0.1
--------------------------------------------------------------------------------------------
2026-07-05 18:58 | WARNING  | robot_0 collided with obstacle_1 at state [2.66, 4.11, 2.6]
2026-07-05 18:58 | WARNING  | robot_0 collided with obstacle_8 at state [6.96, 9.82, 2.58]
--------------------------------------------------------------------------------------------
setting actor output action_std to min_action_std :  0.1
--------------------------------------------------------------------------------------------
2026-07-05 18:58 | WARNING  | robot_0 collided with obstacle_8 at state [8.87, 9.83, -3.03]
--------------------------------------------------------------------------------------------
setting actor output action_std to min_action_std :  0.1
--------------------------------------------------------------------------------------------
2026-07-05 18:58 | WARNING  | robot_0 collided with obstacle_4 at state [3.86, 8.51, -1.07]
--------------------------------------------------------------------------------------------
setting actor output action_std to min_action_std :  0.1
--------------------------------------------------------------------------------------------
2026-07-05 18:58 | WARNING  | robot_0 collided with obstacle_8 at state [2.46, 9.84, 2.91]
--------------------------------------------------------------------------------------------
setting actor output action_std to min_action_std :  0.1
--------------------------------------------------------------------------------------------
2026-07-05 18:58 | WARNING  | robot_0 collided with obstacle_7 at state [3.2, 2.59, 2.85]
--------------------------------------------------------------------------------------------
setting actor output action_std to min_action_std :  0.1
--------------------------------------------------------------------------------------------
--------------------------------------------------------------------------------------------
setting actor output action_std to min_action_std :  0.1
--------------------------------------------------------------------------------------------
2026-07-05 18:58 | WARNING  | robot_0 collided with obstacle_3 at state [2.53, 5.93, -1.64]
--------------------------------------------------------------------------------------------
setting actor output action_std to min_action_std :  0.1
--------------------------------------------------------------------------------------------
2026-07-05 18:58 | WARNING  | robot_0 collided with obstacle_6 at state [3.02, 1.46, 1.15]
--------------------------------------------------------------------------------------------
setting actor output action_std to min_action_std :  0.1
--------------------------------------------------------------------------------------------
--------------------------------------------------------------------------------------------
setting actor output action_std to min_action_std :  0.1
--------------------------------------------------------------------------------------------
--------------------------------------------------------------------------------------------
setting actor output action_std to min_action_std :  0.1
--------------------------------------------------------------------------------------------
2026-07-05 18:58 | WARNING  | robot_0 collided with obstacle_2 at state [4.05, 4.1, 0.09]
--------------------------------------------------------------------------------------------
setting actor output action_std to min_action_std :  0.1
--------------------------------------------------------------------------------------------
2026-07-05 18:58 | WARNING  | robot_0 collided with obstacle_3 at state [3.52, 3.44, -1.06]
--------------------------------------------------------------------------------------------
setting actor output action_std to min_action_std :  0.1
--------------------------------------------------------------------------------------------
2026-07-05 18:59 | WARNING  | robot_0 collided with obstacle_7 at state [8.51, 2.14, 1.44]
--------------------------------------------------------------------------------------------
setting actor output action_std to min_action_std :  0.1
--------------------------------------------------------------------------------------------
2026-07-05 18:59 | WARNING  | robot_0 collided with obstacle_6 at state [2.31, 7.78, -3.08]
2026-07-05 18:59 | WARNING  | robot_0 collided with obstacle_4 at state [7.07, 7.23, -2.74]
--------------------------------------------------------------------------------------------
setting actor output action_std to min_action_std :  0.1
--------------------------------------------------------------------------------------------
2026-07-05 18:59 | WARNING  | robot_0 collided with obstacle_8 at state [3.6, 9.81, 3.13]
--------------------------------------------------------------------------------------------
setting actor output action_std to min_action_std :  0.1
--------------------------------------------------------------------------------------------
--------------------------------------------------------------------------------------------
setting actor output action_std to min_action_std :  0.1
--------------------------------------------------------------------------------------------
--------------------------------------------------------------------------------------------
setting actor output action_std to min_action_std :  0.1
--------------------------------------------------------------------------------------------
2026-07-05 18:59 | WARNING  | robot_0 collided with obstacle_7 at state [7.85, 6.45, 1.79]
..............................................
Epoch 9. Evaluating scenarios
2026-07-05 18:59 | WARNING  | robot_0 collided with obstacle_4 at state [6.8, 5.14, -1.25]
2026-07-05 18:59 | WARNING  | robot_0 collided with obstacle_2 at state [5.44, 3.75, 0.6]
2026-07-05 19:00 | WARNING  | robot_0 collided with obstacle_4 at state [4.84, 5.36, 2.72]
2026-07-05 19:00 | WARNING  | robot_0 collided with obstacle_7 at state [3.18, 1.78, 2.1]
Average Reward: -51.01108826007294
Average Collision rate: 0.4
Average Goal rate: 0.1
..............................................
2026-07-05 19:00 | WARNING  | robot_0 collided with obstacle_5 at state [7.48, 6.47, 1.34]
--------------------------------------------------------------------------------------------
setting actor output action_std to min_action_std :  0.1
--------------------------------------------------------------------------------------------
2026-07-05 19:00 | WARNING  | robot_0 collided with obstacle_4 at state [6.3, 4.13, -0.43]
2026-07-05 19:00 | WARNING  | robot_0 collided with obstacle_7 at state [5.16, 8.5, 1.18]
--------------------------------------------------------------------------------------------
setting actor output action_std to min_action_std :  0.1
--------------------------------------------------------------------------------------------
2026-07-05 19:00 | WARNING  | robot_0 collided with obstacle_4 at state [4.94, 6.86, -0.78]
2026-07-05 19:00 | WARNING  | robot_0 collided with obstacle_1 at state [8.11, 6.78, 0.86]
--------------------------------------------------------------------------------------------
setting actor output action_std to min_action_std :  0.1
--------------------------------------------------------------------------------------------
2026-07-05 19:00 | WARNING  | robot_0 collided with obstacle_6 at state [2.26, 7.31, 0.3]
2026-07-05 19:00 | WARNING  | robot_0 collided with obstacle_3 at state [7.21, 2.46, 1.1]
--------------------------------------------------------------------------------------------
setting actor output action_std to min_action_std :  0.1
--------------------------------------------------------------------------------------------
2026-07-05 19:00 | WARNING  | robot_0 collided with obstacle_2 at state [5.89, 2.63, 1.07]
--------------------------------------------------------------------------------------------
setting actor output action_std to min_action_std :  0.1
--------------------------------------------------------------------------------------------
2026-07-05 19:00 | WARNING  | robot_0 collided with obstacle_4 at state [8.29, 3.46, 2.62]
2026-07-05 19:00 | WARNING  | robot_0 collided with obstacle_7 at state [8.7, 3.67, -2.86]
--------------------------------------------------------------------------------------------
setting actor output action_std to min_action_std :  0.1
--------------------------------------------------------------------------------------------
2026-07-05 19:00 | WARNING  | robot_0 collided with obstacle_4 at state [4.98, 5.59, -1.0]
--------------------------------------------------------------------------------------------
setting actor output action_std to min_action_std :  0.1
--------------------------------------------------------------------------------------------
2026-07-05 19:00 | WARNING  | robot_0 collided with obstacle_4 at state [1.93, 4.52, -3.07]
2026-07-05 19:00 | WARNING  | robot_0 collided with obstacle_3 at state [1.32, 1.94, -2.31]
--------------------------------------------------------------------------------------------
setting actor output action_std to min_action_std :  0.1
--------------------------------------------------------------------------------------------
2026-07-05 19:00 | WARNING  | robot_0 collided with obstacle_5 at state [1.77, 6.72, -2.52]
--------------------------------------------------------------------------------------------
setting actor output action_std to min_action_std :  0.1
--------------------------------------------------------------------------------------------
2026-07-05 19:00 | WARNING  | robot_0 collided with obstacle_3 at state [7.54, 3.33, 0.89]
2026-07-05 19:00 | WARNING  | robot_0 collided with obstacle_3 at state [3.97, 6.54, 1.13]
--------------------------------------------------------------------------------------------
setting actor output action_std to min_action_std :  0.1
--------------------------------------------------------------------------------------------
2026-07-05 19:00 | WARNING  | robot_0 collided with obstacle_3 at state [7.45, 7.9, -1.28]
--------------------------------------------------------------------------------------------
setting actor output action_std to min_action_std :  0.1
--------------------------------------------------------------------------------------------
2026-07-05 19:00 | WARNING  | robot_0 collided with obstacle_5 at state [2.36, 3.89, 0.53]
--------------------------------------------------------------------------------------------
setting actor output action_std to min_action_std :  0.1
--------------------------------------------------------------------------------------------
2026-07-05 19:00 | WARNING  | robot_0 collided with obstacle_2 at state [1.09, 7.59, -0.78]
2026-07-05 19:01 | WARNING  | robot_0 collided with obstacle_3 at state [6.76, 7.89, -1.99]
--------------------------------------------------------------------------------------------
setting actor output action_std to min_action_std :  0.1
--------------------------------------------------------------------------------------------
2026-07-05 19:01 | WARNING  | robot_0 collided with obstacle_7 at state [8.05, 7.03, 0.86]
--------------------------------------------------------------------------------------------
setting actor output action_std to min_action_std :  0.1
--------------------------------------------------------------------------------------------
2026-07-05 19:01 | WARNING  | robot_0 collided with obstacle_2 at state [8.72, 2.69, 0.0]
2026-07-05 19:01 | WARNING  | robot_0 collided with obstacle_2 at state [8.98, 3.67, 2.81]
--------------------------------------------------------------------------------------------
setting actor output action_std to min_action_std :  0.1
--------------------------------------------------------------------------------------------
--------------------------------------------------------------------------------------------
setting actor output action_std to min_action_std :  0.1
--------------------------------------------------------------------------------------------
2026-07-05 19:01 | WARNING  | robot_0 collided with obstacle_6 at state [7.87, 5.09, -2.7]
--------------------------------------------------------------------------------------------
setting actor output action_std to min_action_std :  0.1
--------------------------------------------------------------------------------------------
2026-07-05 19:01 | WARNING  | robot_0 collided with obstacle_4 at state [3.34, 4.25, -2.01]
--------------------------------------------------------------------------------------------
setting actor output action_std to min_action_std :  0.1
--------------------------------------------------------------------------------------------
2026-07-05 19:01 | WARNING  | robot_0 collided with obstacle_6 at state [5.88, 2.43, 0.84]
--------------------------------------------------------------------------------------------
setting actor output action_std to min_action_std :  0.1
--------------------------------------------------------------------------------------------
2026-07-05 19:01 | WARNING  | robot_0 collided with obstacle_3 at state [1.8, 7.06, 2.62]
--------------------------------------------------------------------------------------------
setting actor output action_std to min_action_std :  0.1
--------------------------------------------------------------------------------------------
2026-07-05 19:01 | WARNING  | robot_0 collided with obstacle_2 at state [4.64, 3.24, 1.75]
2026-07-05 19:01 | WARNING  | robot_0 collided with obstacle_2 at state [8.05, 1.37, -0.28]
--------------------------------------------------------------------------------------------
setting actor output action_std to min_action_std :  0.1
--------------------------------------------------------------------------------------------
2026-07-05 19:01 | WARNING  | robot_0 collided with obstacle_5 at state [1.64, 7.83, 2.65]
--------------------------------------------------------------------------------------------
setting actor output action_std to min_action_std :  0.1
--------------------------------------------------------------------------------------------
2026-07-05 19:01 | WARNING  | robot_0 collided with obstacle_1 at state [4.64, 6.99, -1.49]
--------------------------------------------------------------------------------------------
setting actor output action_std to min_action_std :  0.1
--------------------------------------------------------------------------------------------
2026-07-05 19:01 | WARNING  | robot_0 collided with obstacle_7 at state [7.95, 6.9, 1.13]
--------------------------------------------------------------------------------------------
setting actor output action_std to min_action_std :  0.1
--------------------------------------------------------------------------------------------
--------------------------------------------------------------------------------------------
setting actor output action_std to min_action_std :  0.1
--------------------------------------------------------------------------------------------
2026-07-05 19:02 | WARNING  | robot_0 collided with obstacle_7 at state [4.89, 4.65, 1.8]
--------------------------------------------------------------------------------------------
setting actor output action_std to min_action_std :  0.1
--------------------------------------------------------------------------------------------
2026-07-05 19:02 | WARNING  | robot_0 collided with obstacle_5 at state [7.88, 1.6, 1.4]
--------------------------------------------------------------------------------------------
setting actor output action_std to min_action_std :  0.1
--------------------------------------------------------------------------------------------
2026-07-05 19:02 | WARNING  | robot_0 collided with obstacle_2 at state [8.41, 2.28, 0.18]
2026-07-05 19:02 | WARNING  | robot_0 collided with obstacle_1 at state [4.57, 6.15, -0.18]
--------------------------------------------------------------------------------------------
setting actor output action_std to min_action_std :  0.1
--------------------------------------------------------------------------------------------
2026-07-05 19:02 | WARNING  | robot_0 collided with obstacle_8 at state [8.83, 9.8, 2.81]
--------------------------------------------------------------------------------------------
setting actor output action_std to min_action_std :  0.1
--------------------------------------------------------------------------------------------
2026-07-05 19:02 | WARNING  | robot_0 collided with obstacle_3 at state [3.1, 7.44, 2.31]
--------------------------------------------------------------------------------------------
setting actor output action_std to min_action_std :  0.1
--------------------------------------------------------------------------------------------
2026-07-05 19:02 | WARNING  | robot_0 collided with obstacle_2 at state [4.14, 5.0, 0.86]
--------------------------------------------------------------------------------------------
setting actor output action_std to min_action_std :  0.1
--------------------------------------------------------------------------------------------
--------------------------------------------------------------------------------------------
setting actor output action_std to min_action_std :  0.1
--------------------------------------------------------------------------------------------
--------------------------------------------------------------------------------------------
setting actor output action_std to min_action_std :  0.1
--------------------------------------------------------------------------------------------
2026-07-05 19:02 | WARNING  | robot_0 collided with obstacle_3 at state [3.51, 6.67, 1.71]
2026-07-05 19:02 | WARNING  | robot_0 collided with obstacle_4 at state [7.24, 7.67, 0.0]
--------------------------------------------------------------------------------------------
setting actor output action_std to min_action_std :  0.1
--------------------------------------------------------------------------------------------
..............................................
Epoch 10. Evaluating scenarios
2026-07-05 19:03 | WARNING  | robot_0 collided with obstacle_7 at state [6.69, 5.71, 0.92]
2026-07-05 19:03 | WARNING  | robot_0 collided with obstacle_4 at state [7.64, 5.46, -1.48]
2026-07-05 19:03 | WARNING  | robot_0 collided with obstacle_4 at state [5.3, 2.16, -0.96]
2026-07-05 19:03 | WARNING  | robot_0 collided with obstacle_2 at state [2.14, 8.11, 0.67]
2026-07-05 19:03 | WARNING  | robot_0 collided with obstacle_3 at state [2.68, 2.7, 1.5]
2026-07-05 19:03 | WARNING  | robot_0 collided with obstacle_2 at state [6.1, 7.94, 0.93]
2026-07-05 19:03 | WARNING  | robot_0 collided with obstacle_2 at state [6.66, 3.82, -1.75]
2026-07-05 19:03 | WARNING  | robot_0 collided with obstacle_7 at state [4.01, 6.83, -1.78]
Average Reward: -104.34248755026326
Average Collision rate: 0.8
Average Goal rate: 0.0
..............................................
--------------------------------------------------------------------------------------------
setting actor output action_std to min_action_std :  0.1
--------------------------------------------------------------------------------------------
2026-07-05 19:03 | WARNING  | robot_0 collided with obstacle_3 at state [2.99, 5.45, -1.15]
--------------------------------------------------------------------------------------------
setting actor output action_std to min_action_std :  0.1
--------------------------------------------------------------------------------------------
2026-07-05 19:03 | WARNING  | robot_0 collided with obstacle_5 at state [5.93, 6.08, 2.29]
2026-07-05 19:03 | WARNING  | robot_0 collided with obstacle_6 at state [7.08, 7.12, 2.54]
--------------------------------------------------------------------------------------------
setting actor output action_std to min_action_std :  0.1
--------------------------------------------------------------------------------------------
2026-07-05 19:03 | WARNING  | robot_0 collided with obstacle_5 at state [1.36, 3.33, 0.53]
2026-07-05 19:03 | WARNING  | robot_0 collided with obstacle_3 at state [6.29, 5.02, 1.76]
2026-07-05 19:03 | WARNING  | robot_0 collided with obstacle_2 at state [6.69, 7.12, 0.0]
--------------------------------------------------------------------------------------------
setting actor output action_std to min_action_std :  0.1
--------------------------------------------------------------------------------------------
2026-07-05 19:03 | WARNING  | robot_0 collided with obstacle_1 at state [1.65, 1.23, 0.36]
--------------------------------------------------------------------------------------------
setting actor output action_std to min_action_std :  0.1
--------------------------------------------------------------------------------------------
2026-07-05 19:03 | WARNING  | robot_0 collided with obstacle_7 at state [2.64, 5.91, 0.29]
--------------------------------------------------------------------------------------------
setting actor output action_std to min_action_std :  0.1
--------------------------------------------------------------------------------------------
--------------------------------------------------------------------------------------------
setting actor output action_std to min_action_std :  0.1
--------------------------------------------------------------------------------------------
2026-07-05 19:04 | WARNING  | robot_0 collided with obstacle_2 at state [7.33, 5.69, 1.47]
2026-07-05 19:04 | WARNING  | robot_0 collided with obstacle_5 at state [5.3, 4.07, 2.62]
--------------------------------------------------------------------------------------------
setting actor output action_std to min_action_std :  0.1
--------------------------------------------------------------------------------------------
2026-07-05 19:04 | WARNING  | robot_0 collided with obstacle_1 at state [7.75, 1.22, -0.1]
--------------------------------------------------------------------------------------------
setting actor output action_std to min_action_std :  0.1
--------------------------------------------------------------------------------------------
2026-07-05 19:04 | WARNING  | robot_0 collided with obstacle_7 at state [4.72, 3.29, 1.73]
--------------------------------------------------------------------------------------------
setting actor output action_std to min_action_std :  0.1
--------------------------------------------------------------------------------------------
2026-07-05 19:04 | WARNING  | robot_0 collided with obstacle_5 at state [2.97, 4.24, 2.57]
2026-07-05 19:04 | WARNING  | robot_0 collided with obstacle_3 at state [2.73, 2.82, 2.96]
--------------------------------------------------------------------------------------------
setting actor output action_std to min_action_std :  0.1
--------------------------------------------------------------------------------------------
2026-07-05 19:04 | WARNING  | robot_0 collided with obstacle_2 at state [6.09, 6.25, -2.07]
--------------------------------------------------------------------------------------------
setting actor output action_std to min_action_std :  0.1
--------------------------------------------------------------------------------------------
2026-07-05 19:04 | WARNING  | robot_0 collided with obstacle_4 at state [3.47, 2.77, 1.71]
2026-07-05 19:04 | WARNING  | robot_0 collided with obstacle_3 at state [1.05, 1.28, -0.18]
--------------------------------------------------------------------------------------------
setting actor output action_std to min_action_std :  0.1
--------------------------------------------------------------------------------------------
2026-07-05 19:04 | WARNING  | robot_0 collided with obstacle_2 at state [8.27, 8.01, -1.09]
--------------------------------------------------------------------------------------------
setting actor output action_std to min_action_std :  0.1
--------------------------------------------------------------------------------------------
2026-07-05 19:04 | WARNING  | robot_0 collided with obstacle_3 at state [1.88, 2.28, -2.45]
--------------------------------------------------------------------------------------------
setting actor output action_std to min_action_std :  0.1
--------------------------------------------------------------------------------------------
2026-07-05 19:04 | WARNING  | robot_0 collided with obstacle_5 at state [6.53, 4.1, 1.43]
--------------------------------------------------------------------------------------------
setting actor output action_std to min_action_std :  0.1
--------------------------------------------------------------------------------------------
--------------------------------------------------------------------------------------------
setting actor output action_std to min_action_std :  0.1
--------------------------------------------------------------------------------------------
--------------------------------------------------------------------------------------------
setting actor output action_std to min_action_std :  0.1
--------------------------------------------------------------------------------------------
2026-07-05 19:05 | WARNING  | robot_0 collided with obstacle_4 at state [4.0, 4.72, -0.81]
2026-07-05 19:05 | WARNING  | robot_0 collided with obstacle_7 at state [3.26, 3.26, 2.08]
--------------------------------------------------------------------------------------------
setting actor output action_std to min_action_std :  0.1
--------------------------------------------------------------------------------------------
2026-07-05 19:05 | WARNING  | robot_0 collided with obstacle_3 at state [5.5, 2.42, -1.34]
2026-07-05 19:05 | WARNING  | robot_0 collided with obstacle_3 at state [5.26, 8.83, -3.1]
--------------------------------------------------------------------------------------------
setting actor output action_std to min_action_std :  0.1
--------------------------------------------------------------------------------------------
--------------------------------------------------------------------------------------------
setting actor output action_std to min_action_std :  0.1
--------------------------------------------------------------------------------------------
2026-07-05 19:05 | WARNING  | robot_0 collided with obstacle_3 at state [2.73, 1.99, 1.17]
--------------------------------------------------------------------------------------------
setting actor output action_std to min_action_std :  0.1
--------------------------------------------------------------------------------------------
2026-07-05 19:05 | WARNING  | robot_0 collided with obstacle_3 at state [6.08, 6.48, 2.76]
2026-07-05 19:05 | WARNING  | robot_0 collided with obstacle_8 at state [5.25, 9.83, 3.12]
--------------------------------------------------------------------------------------------
setting actor output action_std to min_action_std :  0.1
--------------------------------------------------------------------------------------------
2026-07-05 19:05 | WARNING  | robot_0 collided with obstacle_2 at state [2.7, 7.23, -3.08]
--------------------------------------------------------------------------------------------
setting actor output action_std to min_action_std :  0.1
--------------------------------------------------------------------------------------------
2026-07-05 19:05 | WARNING  | robot_0 collided with obstacle_5 at state [6.61, 5.19, 1.35]
2026-07-05 19:05 | WARNING  | robot_0 collided with obstacle_7 at state [5.21, 8.12, -2.16]
--------------------------------------------------------------------------------------------
setting actor output action_std to min_action_std :  0.1
--------------------------------------------------------------------------------------------
2026-07-05 19:05 | WARNING  | robot_0 collided with obstacle_5 at state [6.77, 6.86, -1.92]
2026-07-05 19:05 | WARNING  | robot_0 collided with obstacle_8 at state [6.18, 9.86, 2.86]
--------------------------------------------------------------------------------------------
setting actor output action_std to min_action_std :  0.1
--------------------------------------------------------------------------------------------
2026-07-05 19:05 | WARNING  | robot_0 collided with obstacle_3 at state [0.99, 2.09, -2.72]
--------------------------------------------------------------------------------------------
setting actor output action_std to min_action_std :  0.1
--------------------------------------------------------------------------------------------
2026-07-05 19:05 | WARNING  | robot_0 collided with obstacle_6 at state [4.98, 4.97, 2.31]
--------------------------------------------------------------------------------------------
setting actor output action_std to min_action_std :  0.1
--------------------------------------------------------------------------------------------
2026-07-05 19:05 | WARNING  | robot_0 collided with obstacle_2 at state [4.01, 2.66, -0.83]
2026-07-05 19:05 | WARNING  | robot_0 collided with obstacle_3 at state [3.61, 1.98, 1.55]
--------------------------------------------------------------------------------------------
setting actor output action_std to min_action_std :  0.1
--------------------------------------------------------------------------------------------
2026-07-05 19:05 | WARNING  | robot_0 collided with obstacle_3 at state [1.95, 4.95, 1.66]
2026-07-05 19:05 | WARNING  | robot_0 collided with obstacle_5 at state [8.0, 7.86, 1.07]
--------------------------------------------------------------------------------------------
setting actor output action_std to min_action_std :  0.1
--------------------------------------------------------------------------------------------
2026-07-05 19:05 | WARNING  | robot_0 collided with obstacle_8 at state [5.61, 9.83, 2.61]
--------------------------------------------------------------------------------------------
setting actor output action_std to min_action_std :  0.1
--------------------------------------------------------------------------------------------
2026-07-05 19:05 | WARNING  | robot_0 collided with obstacle_7 at state [4.22, 6.69, 2.92]
2026-07-05 19:05 | WARNING  | robot_0 collided with obstacle_6 at state [3.45, 7.17, 1.52]
--------------------------------------------------------------------------------------------
setting actor output action_std to min_action_std :  0.1
--------------------------------------------------------------------------------------------
2026-07-05 19:05 | WARNING  | robot_0 collided with obstacle_8 at state [4.65, 0.2, 0.28]
--------------------------------------------------------------------------------------------
setting actor output action_std to min_action_std :  0.1
--------------------------------------------------------------------------------------------
2026-07-05 19:05 | WARNING  | robot_0 collided with obstacle_7 at state [7.0, 7.15, -3.1]
2026-07-05 19:06 | WARNING  | robot_0 collided with obstacle_2 at state [5.03, 6.64, -1.23]
--------------------------------------------------------------------------------------------
setting actor output action_std to min_action_std :  0.1
--------------------------------------------------------------------------------------------
2026-07-05 19:06 | WARNING  | robot_0 collided with obstacle_5 at state [5.32, 7.72, -2.81]
..............................................
Epoch 11. Evaluating scenarios
2026-07-05 19:06 | WARNING  | robot_0 collided with obstacle_5 at state [5.44, 8.34, -1.76]
2026-07-05 19:06 | WARNING  | robot_0 collided with obstacle_4 at state [7.91, 3.46, 2.7]
2026-07-05 19:06 | WARNING  | robot_0 collided with obstacle_5 at state [7.38, 2.24, 1.2]
2026-07-05 19:06 | WARNING  | robot_0 collided with obstacle_5 at state [6.39, 3.6, 0.38]
2026-07-05 19:06 | WARNING  | robot_0 collided with obstacle_3 at state [4.21, 5.2, 2.72]
Average Reward: -91.7581798244852
Average Collision rate: 0.5
Average Goal rate: 0.0
..............................................
--------------------------------------------------------------------------------------------
setting actor output action_std to min_action_std :  0.1
--------------------------------------------------------------------------------------------
2026-07-05 19:06 | WARNING  | robot_0 collided with obstacle_4 at state [3.52, 5.71, -1.1]
2026-07-05 19:06 | WARNING  | robot_0 collided with obstacle_3 at state [8.16, 8.89, -1.01]
--------------------------------------------------------------------------------------------
setting actor output action_std to min_action_std :  0.1
--------------------------------------------------------------------------------------------
2026-07-05 19:06 | WARNING  | robot_0 collided with obstacle_3 at state [4.2, 7.91, 2.02]
--------------------------------------------------------------------------------------------
setting actor output action_std to min_action_std :  0.1
--------------------------------------------------------------------------------------------
2026-07-05 19:07 | WARNING  | robot_0 collided with obstacle_2 at state [3.33, 6.16, 3.09]
--------------------------------------------------------------------------------------------
setting actor output action_std to min_action_std :  0.1
--------------------------------------------------------------------------------------------
2026-07-05 19:07 | WARNING  | robot_0 collided with obstacle_5 at state [6.02, 6.53, -0.5]
--------------------------------------------------------------------------------------------
setting actor output action_std to min_action_std :  0.1
--------------------------------------------------------------------------------------------
--------------------------------------------------------------------------------------------
setting actor output action_std to min_action_std :  0.1
--------------------------------------------------------------------------------------------
2026-07-05 19:07 | WARNING  | robot_0 collided with obstacle_4 at state [3.22, 6.13, 1.45]
2026-07-05 19:07 | WARNING  | robot_0 collided with obstacle_4 at state [6.11, 2.09, 2.75]
--------------------------------------------------------------------------------------------
setting actor output action_std to min_action_std :  0.1
--------------------------------------------------------------------------------------------
2026-07-05 19:07 | WARNING  | robot_0 collided with obstacle_6 at state [8.03, 1.91, 1.19]
--------------------------------------------------------------------------------------------
setting actor output action_std to min_action_std :  0.1
--------------------------------------------------------------------------------------------
--------------------------------------------------------------------------------------------
setting actor output action_std to min_action_std :  0.1
--------------------------------------------------------------------------------------------
--------------------------------------------------------------------------------------------
setting actor output action_std to min_action_std :  0.1
--------------------------------------------------------------------------------------------
2026-07-05 19:07 | WARNING  | robot_0 collided with obstacle_3 at state [1.72, 2.64, -1.56]
--------------------------------------------------------------------------------------------
setting actor output action_std to min_action_std :  0.1
--------------------------------------------------------------------------------------------
2026-07-05 19:07 | WARNING  | robot_0 collided with obstacle_3 at state [5.62, 1.39, -0.12]
--------------------------------------------------------------------------------------------
setting actor output action_std to min_action_std :  0.1
--------------------------------------------------------------------------------------------
2026-07-05 19:08 | WARNING  | robot_0 collided with obstacle_8 at state [9.0, 9.81, 2.9]
2026-07-05 19:08 | WARNING  | robot_0 collided with obstacle_5 at state [7.22, 8.21, 1.71]
--------------------------------------------------------------------------------------------
setting actor output action_std to min_action_std :  0.1
--------------------------------------------------------------------------------------------
2026-07-05 19:08 | WARNING  | robot_0 collided with obstacle_7 at state [6.27, 2.22, -2.48]
--------------------------------------------------------------------------------------------
setting actor output action_std to min_action_std :  0.1
--------------------------------------------------------------------------------------------
--------------------------------------------------------------------------------------------
setting actor output action_std to min_action_std :  0.1
--------------------------------------------------------------------------------------------
2026-07-05 19:08 | WARNING  | robot_0 collided with obstacle_6 at state [6.03, 4.28, 2.95]
--------------------------------------------------------------------------------------------
setting actor output action_std to min_action_std :  0.1
--------------------------------------------------------------------------------------------
2026-07-05 19:08 | WARNING  | robot_0 collided with obstacle_3 at state [9.5, 4.68, 2.37]
--------------------------------------------------------------------------------------------
setting actor output action_std to min_action_std :  0.1
--------------------------------------------------------------------------------------------
2026-07-05 19:08 | WARNING  | robot_0 collided with obstacle_5 at state [4.45, 3.09, 0.3]
--------------------------------------------------------------------------------------------
setting actor output action_std to min_action_std :  0.1
--------------------------------------------------------------------------------------------
2026-07-05 19:08 | WARNING  | robot_0 collided with obstacle_7 at state [7.63, 4.05, -2.88]
2026-07-05 19:08 | WARNING  | robot_0 collided with obstacle_6 at state [4.24, 1.47, -0.49]
--------------------------------------------------------------------------------------------
setting actor output action_std to min_action_std :  0.1
--------------------------------------------------------------------------------------------
2026-07-05 19:08 | WARNING  | robot_0 collided with obstacle_3 at state [3.74, 8.61, 0.06]
2026-07-05 19:08 | WARNING  | robot_0 collided with obstacle_7 at state [5.92, 4.51, 0.56]
--------------------------------------------------------------------------------------------
setting actor output action_std to min_action_std :  0.1
--------------------------------------------------------------------------------------------
2026-07-05 19:08 | WARNING  | robot_0 collided with obstacle_6 at state [4.61, 3.61, -1.93]
2026-07-05 19:08 | WARNING  | robot_0 collided with obstacle_6 at state [6.13, 7.26, 0.14]
--------------------------------------------------------------------------------------------
setting actor output action_std to min_action_std :  0.1
--------------------------------------------------------------------------------------------
2026-07-05 19:08 | WARNING  | robot_0 collided with obstacle_4 at state [4.08, 5.72, -0.74]
2026-07-05 19:08 | WARNING  | robot_0 collided with obstacle_7 at state [5.56, 4.92, -1.7]
--------------------------------------------------------------------------------------------
setting actor output action_std to min_action_std :  0.1
--------------------------------------------------------------------------------------------
2026-07-05 19:08 | WARNING  | robot_0 collided with obstacle_8 at state [0.18, 2.66, -1.56]
--------------------------------------------------------------------------------------------
setting actor output action_std to min_action_std :  0.1
--------------------------------------------------------------------------------------------
2026-07-05 19:08 | WARNING  | robot_0 collided with obstacle_8 at state [0.19, 5.88, -1.41]
--------------------------------------------------------------------------------------------
setting actor output action_std to min_action_std :  0.1
--------------------------------------------------------------------------------------------
--------------------------------------------------------------------------------------------
setting actor output action_std to min_action_std :  0.1
--------------------------------------------------------------------------------------------
2026-07-05 19:09 | WARNING  | robot_0 collided with obstacle_3 at state [6.19, 3.2, 2.26]
--------------------------------------------------------------------------------------------
setting actor output action_std to min_action_std :  0.1
--------------------------------------------------------------------------------------------
--------------------------------------------------------------------------------------------
setting actor output action_std to min_action_std :  0.1
--------------------------------------------------------------------------------------------
2026-07-05 19:09 | WARNING  | robot_0 collided with obstacle_4 at state [4.37, 2.35, 1.45]
2026-07-05 19:09 | WARNING  | robot_0 collided with obstacle_2 at state [5.06, 4.76, -2.63]
--------------------------------------------------------------------------------------------
setting actor output action_std to min_action_std :  0.1
--------------------------------------------------------------------------------------------
2026-07-05 19:09 | WARNING  | robot_0 collided with obstacle_5 at state [3.65, 6.35, 0.6]
--------------------------------------------------------------------------------------------
setting actor output action_std to min_action_std :  0.1
--------------------------------------------------------------------------------------------
2026-07-05 19:09 | WARNING  | robot_0 collided with obstacle_5 at state [7.18, 3.83, -2.34]
2026-07-05 19:09 | WARNING  | robot_0 collided with obstacle_2 at state [3.87, 4.98, -1.56]
--------------------------------------------------------------------------------------------
setting actor output action_std to min_action_std :  0.1
--------------------------------------------------------------------------------------------
--------------------------------------------------------------------------------------------
setting actor output action_std to min_action_std :  0.1
--------------------------------------------------------------------------------------------
--------------------------------------------------------------------------------------------
setting actor output action_std to min_action_std :  0.1
--------------------------------------------------------------------------------------------
2026-07-05 19:10 | WARNING  | robot_0 collided with obstacle_4 at state [6.05, 4.04, -0.93]
--------------------------------------------------------------------------------------------
setting actor output action_std to min_action_std :  0.1
--------------------------------------------------------------------------------------------
2026-07-05 19:10 | WARNING  | robot_0 collided with obstacle_1 at state [3.21, 6.47, 0.6]
--------------------------------------------------------------------------------------------
setting actor output action_std to min_action_std :  0.1
--------------------------------------------------------------------------------------------
2026-07-05 19:10 | WARNING  | robot_0 collided with obstacle_3 at state [6.86, 7.49, -0.83]
..............................................
Epoch 12. Evaluating scenarios
2026-07-05 19:10 | WARNING  | robot_0 collided with obstacle_2 at state [6.15, 4.3, -2.92]
2026-07-05 19:10 | WARNING  | robot_0 collided with obstacle_3 at state [4.34, 1.73, 0.3]
2026-07-05 19:10 | WARNING  | robot_0 collided with obstacle_5 at state [7.73, 2.33, -2.08]
2026-07-05 19:10 | WARNING  | robot_0 collided with obstacle_8 at state [5.14, 9.84, 3.05]
2026-07-05 19:10 | WARNING  | robot_0 collided with obstacle_5 at state [3.03, 4.32, 0.3]
2026-07-05 19:10 | WARNING  | robot_0 collided with obstacle_7 at state [4.03, 2.14, 0.3]
2026-07-05 19:10 | WARNING  | robot_0 collided with obstacle_3 at state [8.21, 7.06, -2.65]
Average Reward: -92.09941175074906
Average Collision rate: 0.7
Average Goal rate: 0.0
..............................................
--------------------------------------------------------------------------------------------
setting actor output action_std to min_action_std :  0.1
--------------------------------------------------------------------------------------------
2026-07-05 19:11 | WARNING  | robot_0 collided with obstacle_1 at state [4.38, 4.99, 2.69]
--------------------------------------------------------------------------------------------
setting actor output action_std to min_action_std :  0.1
--------------------------------------------------------------------------------------------
--------------------------------------------------------------------------------------------
setting actor output action_std to min_action_std :  0.1
--------------------------------------------------------------------------------------------
--------------------------------------------------------------------------------------------
setting actor output action_std to min_action_std :  0.1
--------------------------------------------------------------------------------------------
--------------------------------------------------------------------------------------------
setting actor output action_std to min_action_std :  0.1
--------------------------------------------------------------------------------------------
--------------------------------------------------------------------------------------------
setting actor output action_std to min_action_std :  0.1
--------------------------------------------------------------------------------------------
2026-07-05 19:11 | WARNING  | robot_0 collided with obstacle_8 at state [4.01, 9.84, 2.96]
--------------------------------------------------------------------------------------------
setting actor output action_std to min_action_std :  0.1
--------------------------------------------------------------------------------------------
2026-07-05 19:11 | WARNING  | robot_0 collided with obstacle_7 at state [5.22, 5.96, -2.72]
2026-07-05 19:11 | WARNING  | robot_0 collided with obstacle_3 at state [8.41, 6.78, 2.82]
--------------------------------------------------------------------------------------------
setting actor output action_std to min_action_std :  0.1
--------------------------------------------------------------------------------------------
--------------------------------------------------------------------------------------------
setting actor output action_std to min_action_std :  0.1
--------------------------------------------------------------------------------------------
--------------------------------------------------------------------------------------------
setting actor output action_std to min_action_std :  0.1
--------------------------------------------------------------------------------------------
--------------------------------------------------------------------------------------------
setting actor output action_std to min_action_std :  0.1
--------------------------------------------------------------------------------------------
--------------------------------------------------------------------------------------------
setting actor output action_std to min_action_std :  0.1
--------------------------------------------------------------------------------------------
--------------------------------------------------------------------------------------------
setting actor output action_std to min_action_std :  0.1
--------------------------------------------------------------------------------------------
2026-07-05 19:12 | WARNING  | robot_0 collided with obstacle_2 at state [3.28, 1.39, 1.59]
--------------------------------------------------------------------------------------------
setting actor output action_std to min_action_std :  0.1
--------------------------------------------------------------------------------------------
2026-07-05 19:12 | WARNING  | robot_0 collided with obstacle_7 at state [6.52, 8.2, -0.85]
--------------------------------------------------------------------------------------------
setting actor output action_std to min_action_std :  0.1
--------------------------------------------------------------------------------------------
2026-07-05 19:12 | WARNING  | robot_0 collided with obstacle_2 at state [2.03, 3.74, 2.32]
2026-07-05 19:12 | WARNING  | robot_0 collided with obstacle_5 at state [6.97, 6.14, 1.15]
--------------------------------------------------------------------------------------------
setting actor output action_std to min_action_std :  0.1
--------------------------------------------------------------------------------------------
2026-07-05 19:12 | WARNING  | robot_0 collided with obstacle_8 at state [8.93, 9.8, 2.62]
--------------------------------------------------------------------------------------------
setting actor output action_std to min_action_std :  0.1
--------------------------------------------------------------------------------------------
2026-07-05 19:12 | WARNING  | robot_0 collided with obstacle_7 at state [6.81, 7.21, -1.65]
2026-07-05 19:12 | WARNING  | robot_0 collided with obstacle_2 at state [5.27, 5.77, 2.3]
--------------------------------------------------------------------------------------------
setting actor output action_std to min_action_std :  0.1
--------------------------------------------------------------------------------------------
2026-07-05 19:13 | WARNING  | robot_0 collided with obstacle_5 at state [2.17, 2.63, -2.78]
--------------------------------------------------------------------------------------------
setting actor output action_std to min_action_std :  0.1
--------------------------------------------------------------------------------------------
2026-07-05 19:13 | WARNING  | robot_0 collided with obstacle_7 at state [2.32, 2.36, -1.15]
--------------------------------------------------------------------------------------------
setting actor output action_std to min_action_std :  0.1
--------------------------------------------------------------------------------------------
2026-07-05 19:13 | WARNING  | robot_0 collided with obstacle_1 at state [3.16, 5.47, -0.42]
--------------------------------------------------------------------------------------------
setting actor output action_std to min_action_std :  0.1
--------------------------------------------------------------------------------------------
--------------------------------------------------------------------------------------------
setting actor output action_std to min_action_std :  0.1
--------------------------------------------------------------------------------------------
2026-07-05 19:13 | WARNING  | robot_0 collided with obstacle_7 at state [3.22, 1.64, -1.34]
--------------------------------------------------------------------------------------------
setting actor output action_std to min_action_std :  0.1
--------------------------------------------------------------------------------------------
2026-07-05 19:13 | WARNING  | robot_0 collided with obstacle_4 at state [1.34, 5.21, -0.13]
2026-07-05 19:13 | WARNING  | robot_0 collided with obstacle_6 at state [3.8, 5.71, -2.85]
--------------------------------------------------------------------------------------------
setting actor output action_std to min_action_std :  0.1
--------------------------------------------------------------------------------------------
2026-07-05 19:13 | WARNING  | robot_0 collided with obstacle_3 at state [5.2, 4.5, -0.52]
2026-07-05 19:13 | WARNING  | robot_0 collided with obstacle_3 at state [7.27, 7.89, -1.25]
--------------------------------------------------------------------------------------------
setting actor output action_std to min_action_std :  0.1
--------------------------------------------------------------------------------------------
2026-07-05 19:13 | WARNING  | robot_0 collided with obstacle_3 at state [7.47, 6.63, 1.21]
--------------------------------------------------------------------------------------------
setting actor output action_std to min_action_std :  0.1
--------------------------------------------------------------------------------------------
2026-07-05 19:13 | WARNING  | robot_0 collided with obstacle_7 at state [7.58, 7.44, 0.88]
--------------------------------------------------------------------------------------------
setting actor output action_std to min_action_std :  0.1
--------------------------------------------------------------------------------------------
2026-07-05 19:13 | WARNING  | robot_0 collided with obstacle_3 at state [3.05, 2.81, -3.02]
2026-07-05 19:13 | WARNING  | robot_0 collided with obstacle_8 at state [8.96, 9.85, 2.64]
--------------------------------------------------------------------------------------------
setting actor output action_std to min_action_std :  0.1
--------------------------------------------------------------------------------------------
--------------------------------------------------------------------------------------------
setting actor output action_std to min_action_std :  0.1
--------------------------------------------------------------------------------------------
2026-07-05 19:14 | WARNING  | robot_0 collided with obstacle_8 at state [0.14, 8.08, -2.0]
--------------------------------------------------------------------------------------------
setting actor output action_std to min_action_std :  0.1
--------------------------------------------------------------------------------------------
2026-07-05 19:14 | WARNING  | robot_0 collided with obstacle_8 at state [6.58, 9.85, 2.81]
--------------------------------------------------------------------------------------------
setting actor output action_std to min_action_std :  0.1
--------------------------------------------------------------------------------------------
2026-07-05 19:14 | WARNING  | robot_0 collided with obstacle_8 at state [3.6, 9.87, 2.87]
2026-07-05 19:14 | WARNING  | robot_0 collided with obstacle_8 at state [9.8, 2.37, 1.38]
--------------------------------------------------------------------------------------------
setting actor output action_std to min_action_std :  0.1
--------------------------------------------------------------------------------------------
2026-07-05 19:14 | WARNING  | robot_0 collided with obstacle_8 at state [3.37, 0.18, -0.68]
--------------------------------------------------------------------------------------------
setting actor output action_std to min_action_std :  0.1
--------------------------------------------------------------------------------------------
2026-07-05 19:14 | WARNING  | robot_0 collided with obstacle_8 at state [7.48, 9.81, 2.73]
2026-07-05 19:14 | WARNING  | robot_0 collided with obstacle_8 at state [9.83, 2.79, 1.65]
--------------------------------------------------------------------------------------------
setting actor output action_std to min_action_std :  0.1
--------------------------------------------------------------------------------------------
2026-07-05 19:14 | WARNING  | robot_0 collided with obstacle_4 at state [8.06, 7.39, -0.77]
..............................................
Epoch 13. Evaluating scenarios
2026-07-05 19:14 | WARNING  | robot_0 collided with obstacle_8 at state [9.84, 4.62, 1.3]
2026-07-05 19:14 | WARNING  | robot_0 collided with obstacle_6 at state [5.2, 7.46, 2.73]
2026-07-05 19:14 | WARNING  | robot_0 collided with obstacle_4 at state [8.45, 7.82, -0.88]
2026-07-05 19:14 | WARNING  | robot_0 collided with obstacle_3 at state [7.24, 7.71, 1.22]
2026-07-05 19:14 | WARNING  | robot_0 collided with obstacle_3 at state [4.7, 6.39, 1.82]
2026-07-05 19:14 | WARNING  | robot_0 collided with obstacle_1 at state [8.7, 7.57, 0.08]
2026-07-05 19:14 | WARNING  | robot_0 collided with obstacle_4 at state [1.67, 2.52, 3.02]
2026-07-05 19:14 | WARNING  | robot_0 collided with obstacle_6 at state [7.74, 3.59, 3.0]
Average Reward: -106.34671657069471
Average Collision rate: 0.8
Average Goal rate: 0.0
..............................................
--------------------------------------------------------------------------------------------
setting actor output action_std to min_action_std :  0.1
--------------------------------------------------------------------------------------------
2026-07-05 19:14 | WARNING  | robot_0 collided with obstacle_3 at state [5.45, 3.33, 2.25]
--------------------------------------------------------------------------------------------
setting actor output action_std to min_action_std :  0.1
--------------------------------------------------------------------------------------------
2026-07-05 19:14 | WARNING  | robot_0 collided with obstacle_3 at state [3.98, 5.93, -3.1]
2026-07-05 19:14 | WARNING  | robot_0 collided with obstacle_4 at state [7.38, 5.83, -2.79]
--------------------------------------------------------------------------------------------
setting actor output action_std to min_action_std :  0.1
--------------------------------------------------------------------------------------------
2026-07-05 19:14 | WARNING  | robot_0 collided with obstacle_8 at state [6.32, 0.18, -0.06]
2026-07-05 19:14 | WARNING  | robot_0 collided with obstacle_5 at state [7.26, 2.65, 1.8]
--------------------------------------------------------------------------------------------
setting actor output action_std to min_action_std :  0.1
--------------------------------------------------------------------------------------------
2026-07-05 19:14 | WARNING  | robot_0 collided with obstacle_5 at state [2.15, 6.63, 2.06]
2026-07-05 19:14 | WARNING  | robot_0 collided with obstacle_5 at state [1.82, 6.42, 2.98]
--------------------------------------------------------------------------------------------
setting actor output action_std to min_action_std :  0.1
--------------------------------------------------------------------------------------------
2026-07-05 19:14 | WARNING  | robot_0 collided with obstacle_2 at state [4.4, 5.16, 0.97]
--------------------------------------------------------------------------------------------
setting actor output action_std to min_action_std :  0.1
--------------------------------------------------------------------------------------------
2026-07-05 19:15 | WARNING  | robot_0 collided with obstacle_4 at state [5.21, 1.57, -2.31]
2026-07-05 19:15 | WARNING  | robot_0 collided with obstacle_3 at state [8.93, 5.56, 2.62]
--------------------------------------------------------------------------------------------
setting actor output action_std to min_action_std :  0.1
--------------------------------------------------------------------------------------------
2026-07-05 19:15 | WARNING  | robot_0 collided with obstacle_4 at state [8.6, 5.79, 1.72]
2026-07-05 19:15 | WARNING  | robot_0 collided with obstacle_8 at state [0.19, 4.31, -1.6]
--------------------------------------------------------------------------------------------
setting actor output action_std to min_action_std :  0.1
--------------------------------------------------------------------------------------------
2026-07-05 19:15 | WARNING  | robot_0 collided with obstacle_3 at state [6.69, 4.87, -1.98]
--------------------------------------------------------------------------------------------
setting actor output action_std to min_action_std :  0.1
--------------------------------------------------------------------------------------------
2026-07-05 19:15 | WARNING  | robot_0 collided with obstacle_1 at state [1.25, 4.66, -2.92]
--------------------------------------------------------------------------------------------
setting actor output action_std to min_action_std :  0.1
--------------------------------------------------------------------------------------------
2026-07-05 19:15 | WARNING  | robot_0 collided with obstacle_7 at state [3.41, 8.69, -1.73]
--------------------------------------------------------------------------------------------
setting actor output action_std to min_action_std :  0.1
--------------------------------------------------------------------------------------------
--------------------------------------------------------------------------------------------
setting actor output action_std to min_action_std :  0.1
--------------------------------------------------------------------------------------------
2026-07-05 19:15 | WARNING  | robot_0 collided with obstacle_8 at state [9.81, 2.72, 1.07]
2026-07-05 19:15 | WARNING  | robot_0 collided with obstacle_8 at state [1.93, 9.88, 2.6]
--------------------------------------------------------------------------------------------
setting actor output action_std to min_action_std :  0.1
--------------------------------------------------------------------------------------------
2026-07-05 19:15 | WARNING  | robot_0 collided with obstacle_8 at state [9.07, 9.82, -3.07]
2026-07-05 19:15 | WARNING  | robot_0 collided with obstacle_4 at state [8.69, 1.79, 2.03]
--------------------------------------------------------------------------------------------
setting actor output action_std to min_action_std :  0.1
--------------------------------------------------------------------------------------------
2026-07-05 19:15 | WARNING  | robot_0 collided with obstacle_7 at state [1.79, 3.27, 1.72]
2026-07-05 19:15 | WARNING  | robot_0 collided with obstacle_7 at state [2.46, 5.53, 3.03]
--------------------------------------------------------------------------------------------
setting actor output action_std to min_action_std :  0.1
--------------------------------------------------------------------------------------------
2026-07-05 19:15 | WARNING  | robot_0 collided with obstacle_6 at state [7.77, 3.24, 0.29]
--------------------------------------------------------------------------------------------
setting actor output action_std to min_action_std :  0.1
--------------------------------------------------------------------------------------------
2026-07-05 19:15 | WARNING  | robot_0 collided with obstacle_4 at state [2.73, 5.45, 1.75]
--------------------------------------------------------------------------------------------
setting actor output action_std to min_action_std :  0.1
--------------------------------------------------------------------------------------------
2026-07-05 19:15 | WARNING  | robot_0 collided with obstacle_6 at state [4.62, 3.24, 2.89]
2026-07-05 19:15 | WARNING  | robot_0 collided with obstacle_7 at state [4.87, 3.52, 2.62]
--------------------------------------------------------------------------------------------
setting actor output action_std to min_action_std :  0.1
--------------------------------------------------------------------------------------------
2026-07-05 19:15 | WARNING  | robot_0 collided with obstacle_6 at state [4.81, 7.2, -2.21]
--------------------------------------------------------------------------------------------
setting actor output action_std to min_action_std :  0.1
--------------------------------------------------------------------------------------------
2026-07-05 19:16 | WARNING  | robot_0 collided with obstacle_4 at state [2.73, 3.92, 3.12]
--------------------------------------------------------------------------------------------
setting actor output action_std to min_action_std :  0.1
--------------------------------------------------------------------------------------------
2026-07-05 19:16 | WARNING  | robot_0 collided with obstacle_1 at state [5.49, 2.0, 0.81]
--------------------------------------------------------------------------------------------
setting actor output action_std to min_action_std :  0.1
--------------------------------------------------------------------------------------------
2026-07-05 19:16 | WARNING  | robot_0 collided with obstacle_2 at state [7.39, 8.38, 2.65]
2026-07-05 19:16 | WARNING  | robot_0 collided with obstacle_6 at state [5.64, 8.29, 1.86]
--------------------------------------------------------------------------------------------
setting actor output action_std to min_action_std :  0.1
--------------------------------------------------------------------------------------------
--------------------------------------------------------------------------------------------
setting actor output action_std to min_action_std :  0.1
--------------------------------------------------------------------------------------------
2026-07-05 19:16 | WARNING  | robot_0 collided with obstacle_5 at state [3.99, 2.55, -1.41]
2026-07-05 19:16 | WARNING  | robot_0 collided with obstacle_2 at state [5.55, 3.51, 1.06]
--------------------------------------------------------------------------------------------
setting actor output action_std to min_action_std :  0.1
--------------------------------------------------------------------------------------------
2026-07-05 19:16 | WARNING  | robot_0 collided with obstacle_8 at state [2.59, 9.82, 2.71]
2026-07-05 19:16 | WARNING  | robot_0 collided with obstacle_3 at state [4.95, 8.98, 0.59]
--------------------------------------------------------------------------------------------
setting actor output action_std to min_action_std :  0.1
--------------------------------------------------------------------------------------------
2026-07-05 19:16 | WARNING  | robot_0 collided with obstacle_8 at state [0.16, 6.47, -1.88]
2026-07-05 19:16 | WARNING  | robot_0 collided with obstacle_6 at state [7.23, 1.09, 1.42]
--------------------------------------------------------------------------------------------
setting actor output action_std to min_action_std :  0.1
--------------------------------------------------------------------------------------------
2026-07-05 19:16 | WARNING  | robot_0 collided with obstacle_8 at state [0.14, 7.86, -1.89]
--------------------------------------------------------------------------------------------
setting actor output action_std to min_action_std :  0.1
--------------------------------------------------------------------------------------------
2026-07-05 19:16 | WARNING  | robot_0 collided with obstacle_8 at state [0.16, 7.73, -2.17]
2026-07-05 19:16 | WARNING  | robot_0 collided with obstacle_1 at state [5.91, 7.18, 2.86]
--------------------------------------------------------------------------------------------
setting actor output action_std to min_action_std :  0.1
--------------------------------------------------------------------------------------------
2026-07-05 19:16 | WARNING  | robot_0 collided with obstacle_6 at state [3.59, 2.9, 0.5]
2026-07-05 19:16 | WARNING  | robot_0 collided with obstacle_7 at state [6.81, 1.86, -2.78]
--------------------------------------------------------------------------------------------
setting actor output action_std to min_action_std :  0.1
--------------------------------------------------------------------------------------------
2026-07-05 19:16 | WARNING  | robot_0 collided with obstacle_6 at state [5.98, 6.15, 2.18]
2026-07-05 19:16 | WARNING  | robot_0 collided with obstacle_3 at state [7.86, 3.92, -1.43]
--------------------------------------------------------------------------------------------
setting actor output action_std to min_action_std :  0.1
--------------------------------------------------------------------------------------------
2026-07-05 19:16 | WARNING  | robot_0 collided with obstacle_8 at state [0.18, 8.19, -1.82]
--------------------------------------------------------------------------------------------
setting actor output action_std to min_action_std :  0.1
--------------------------------------------------------------------------------------------
2026-07-05 19:16 | WARNING  | robot_0 collided with obstacle_2 at state [1.33, 4.5, 0.25]
2026-07-05 19:16 | WARNING  | robot_0 collided with obstacle_3 at state [4.16, 4.93, 1.25]
--------------------------------------------------------------------------------------------
setting actor output action_std to min_action_std :  0.1
--------------------------------------------------------------------------------------------
--------------------------------------------------------------------------------------------
setting actor output action_std to min_action_std :  0.1
--------------------------------------------------------------------------------------------
2026-07-05 19:16 | WARNING  | robot_0 collided with obstacle_8 at state [9.86, 8.36, 1.02]
2026-07-05 19:17 | WARNING  | robot_0 collided with obstacle_8 at state [9.84, 4.07, 1.22]
--------------------------------------------------------------------------------------------
setting actor output action_std to min_action_std :  0.1
--------------------------------------------------------------------------------------------
2026-07-05 19:17 | WARNING  | robot_0 collided with obstacle_8 at state [7.47, 9.82, 3.09]
..............................................
Epoch 14. Evaluating scenarios
2026-07-05 19:17 | WARNING  | robot_0 collided with obstacle_8 at state [6.84, 0.19, -0.82]
2026-07-05 19:17 | WARNING  | robot_0 collided with obstacle_7 at state [8.03, 6.04, -0.08]
2026-07-05 19:17 | WARNING  | robot_0 collided with obstacle_8 at state [9.81, 7.53, 1.44]
2026-07-05 19:17 | WARNING  | robot_0 collided with obstacle_3 at state [3.91, 7.14, 1.14]
2026-07-05 19:17 | WARNING  | robot_0 collided with obstacle_4 at state [5.73, 4.95, 2.7]
2026-07-05 19:17 | WARNING  | robot_0 collided with obstacle_8 at state [2.33, 9.85, 2.59]
2026-07-05 19:17 | WARNING  | robot_0 collided with obstacle_8 at state [9.87, 5.09, 0.9]
2026-07-05 19:17 | WARNING  | robot_0 collided with obstacle_2 at state [6.51, 5.17, -1.34]
2026-07-05 19:17 | WARNING  | robot_0 collided with obstacle_3 at state [3.74, 7.44, 0.63]
2026-07-05 19:17 | WARNING  | robot_0 collided with obstacle_6 at state [3.27, 4.41, 1.56]
Average Reward: -129.985272164998
Average Collision rate: 1.0
Average Goal rate: 0.0
..............................................
--------------------------------------------------------------------------------------------
setting actor output action_std to min_action_std :  0.1
--------------------------------------------------------------------------------------------
--------------------------------------------------------------------------------------------
setting actor output action_std to min_action_std :  0.1
--------------------------------------------------------------------------------------------
--------------------------------------------------------------------------------------------
setting actor output action_std to min_action_std :  0.1
--------------------------------------------------------------------------------------------
2026-07-05 19:17 | WARNING  | robot_0 collided with obstacle_3 at state [3.21, 5.45, -2.5]
--------------------------------------------------------------------------------------------
setting actor output action_std to min_action_std :  0.1
--------------------------------------------------------------------------------------------
2026-07-05 19:17 | WARNING  | robot_0 collided with obstacle_8 at state [0.17, 4.16, -1.96]
2026-07-05 19:17 | WARNING  | robot_0 collided with obstacle_1 at state [7.61, 7.47, 0.89]
--------------------------------------------------------------------------------------------
setting actor output action_std to min_action_std :  0.1
--------------------------------------------------------------------------------------------
2026-07-05 19:17 | WARNING  | robot_0 collided with obstacle_4 at state [4.01, 2.96, -2.18]
--------------------------------------------------------------------------------------------
setting actor output action_std to min_action_std :  0.1
--------------------------------------------------------------------------------------------
2026-07-05 19:17 | WARNING  | robot_0 collided with obstacle_3 at state [8.89, 5.98, -3.03]
2026-07-05 19:18 | WARNING  | robot_0 collided with obstacle_8 at state [9.84, 5.01, 1.43]
--------------------------------------------------------------------------------------------
setting actor output action_std to min_action_std :  0.1
--------------------------------------------------------------------------------------------
2026-07-05 19:18 | WARNING  | robot_0 collided with obstacle_8 at state [0.16, 4.67, -2.24]
--------------------------------------------------------------------------------------------
setting actor output action_std to min_action_std :  0.1
--------------------------------------------------------------------------------------------
--------------------------------------------------------------------------------------------
setting actor output action_std to min_action_std :  0.1
--------------------------------------------------------------------------------------------
--------------------------------------------------------------------------------------------
setting actor output action_std to min_action_std :  0.1
--------------------------------------------------------------------------------------------
2026-07-05 19:18 | WARNING  | robot_0 collided with obstacle_8 at state [9.82, 3.49, 1.25]
--------------------------------------------------------------------------------------------
setting actor output action_std to min_action_std :  0.1
--------------------------------------------------------------------------------------------
--------------------------------------------------------------------------------------------
setting actor output action_std to min_action_std :  0.1
--------------------------------------------------------------------------------------------
2026-07-05 19:18 | WARNING  | robot_0 collided with obstacle_8 at state [9.8, 1.86, 1.74]
2026-07-05 19:18 | WARNING  | robot_0 collided with obstacle_8 at state [0.16, 8.32, -1.66]
--------------------------------------------------------------------------------------------
setting actor output action_std to min_action_std :  0.1
--------------------------------------------------------------------------------------------
2026-07-05 19:18 | WARNING  | robot_0 collided with obstacle_6 at state [6.53, 6.21, -1.72]
2026-07-05 19:18 | WARNING  | robot_0 collided with obstacle_3 at state [3.73, 6.53, -1.57]
--------------------------------------------------------------------------------------------
setting actor output action_std to min_action_std :  0.1
--------------------------------------------------------------------------------------------
2026-07-05 19:18 | WARNING  | robot_0 collided with obstacle_1 at state [6.73, 3.69, 1.21]
--------------------------------------------------------------------------------------------
setting actor output action_std to min_action_std :  0.1
--------------------------------------------------------------------------------------------
2026-07-05 19:19 | WARNING  | robot_0 collided with obstacle_5 at state [5.88, 4.63, 0.81]
2026-07-05 19:19 | WARNING  | robot_0 collided with obstacle_3 at state [5.83, 6.32, 2.72]
--------------------------------------------------------------------------------------------
setting actor output action_std to min_action_std :  0.1
--------------------------------------------------------------------------------------------
--------------------------------------------------------------------------------------------
setting actor output action_std to min_action_std :  0.1
--------------------------------------------------------------------------------------------
2026-07-05 19:19 | WARNING  | robot_0 collided with obstacle_8 at state [8.02, 9.84, 3.01]
2026-07-05 19:19 | WARNING  | robot_0 collided with obstacle_6 at state [7.92, 4.71, 2.04]
--------------------------------------------------------------------------------------------
setting actor output action_std to min_action_std :  0.1
--------------------------------------------------------------------------------------------
2026-07-05 19:19 | WARNING  | robot_0 collided with obstacle_4 at state [2.96, 6.29, 2.54]
2026-07-05 19:19 | WARNING  | robot_0 collided with obstacle_3 at state [3.51, 3.79, -2.43]
--------------------------------------------------------------------------------------------
setting actor output action_std to min_action_std :  0.1
--------------------------------------------------------------------------------------------
2026-07-05 19:19 | WARNING  | robot_0 collided with obstacle_5 at state [1.63, 6.93, 2.65]
2026-07-05 19:19 | WARNING  | robot_0 collided with obstacle_7 at state [9.0, 6.63, 2.03]
--------------------------------------------------------------------------------------------
setting actor output action_std to min_action_std :  0.1
--------------------------------------------------------------------------------------------
2026-07-05 19:19 | WARNING  | robot_0 collided with obstacle_8 at state [5.75, 0.15, -0.53]
--------------------------------------------------------------------------------------------
setting actor output action_std to min_action_std :  0.1
--------------------------------------------------------------------------------------------
2026-07-05 19:19 | WARNING  | robot_0 collided with obstacle_2 at state [2.16, 2.56, 1.08]
--------------------------------------------------------------------------------------------
setting actor output action_std to min_action_std :  0.1
--------------------------------------------------------------------------------------------
2026-07-05 19:19 | WARNING  | robot_0 collided with obstacle_7 at state [7.04, 2.76, -1.19]
--------------------------------------------------------------------------------------------
setting actor output action_std to min_action_std :  0.1
--------------------------------------------------------------------------------------------
2026-07-05 19:19 | WARNING  | robot_0 collided with obstacle_6 at state [6.2, 4.96, 0.81]
--------------------------------------------------------------------------------------------
setting actor output action_std to min_action_std :  0.1
--------------------------------------------------------------------------------------------
2026-07-05 19:19 | WARNING  | robot_0 collided with obstacle_4 at state [7.55, 4.09, 0.84]
--------------------------------------------------------------------------------------------
setting actor output action_std to min_action_std :  0.1
--------------------------------------------------------------------------------------------
2026-07-05 19:19 | WARNING  | robot_0 collided with obstacle_3 at state [5.24, 8.22, 1.77]
2026-07-05 19:19 | WARNING  | robot_0 collided with obstacle_7 at state [6.75, 3.74, 1.39]
--------------------------------------------------------------------------------------------
setting actor output action_std to min_action_std :  0.1
--------------------------------------------------------------------------------------------
2026-07-05 19:19 | WARNING  | robot_0 collided with obstacle_2 at state [6.87, 3.51, 0.58]
--------------------------------------------------------------------------------------------
setting actor output action_std to min_action_std :  0.1
--------------------------------------------------------------------------------------------
--------------------------------------------------------------------------------------------
setting actor output action_std to min_action_std :  0.1
--------------------------------------------------------------------------------------------
2026-07-05 19:19 | WARNING  | robot_0 collided with obstacle_4 at state [8.91, 6.9, -3.07]
2026-07-05 19:19 | WARNING  | robot_0 collided with obstacle_5 at state [8.47, 7.58, 1.1]
--------------------------------------------------------------------------------------------
setting actor output action_std to min_action_std :  0.1
--------------------------------------------------------------------------------------------
2026-07-05 19:19 | WARNING  | robot_0 collided with obstacle_7 at state [2.91, 7.68, 0.3]
--------------------------------------------------------------------------------------------
setting actor output action_std to min_action_std :  0.1
--------------------------------------------------------------------------------------------
2026-07-05 19:19 | WARNING  | robot_0 collided with obstacle_7 at state [5.38, 8.31, 2.05]
2026-07-05 19:20 | WARNING  | robot_0 collided with obstacle_5 at state [3.03, 3.91, -2.37]
--------------------------------------------------------------------------------------------
setting actor output action_std to min_action_std :  0.1
--------------------------------------------------------------------------------------------
--------------------------------------------------------------------------------------------
setting actor output action_std to min_action_std :  0.1
--------------------------------------------------------------------------------------------
2026-07-05 19:20 | WARNING  | robot_0 collided with obstacle_4 at state [7.87, 0.79, 1.0]
--------------------------------------------------------------------------------------------
setting actor output action_std to min_action_std :  0.1
--------------------------------------------------------------------------------------------
2026-07-05 19:20 | WARNING  | robot_0 collided with obstacle_5 at state [5.91, 4.2, -1.55]
--------------------------------------------------------------------------------------------
setting actor output action_std to min_action_std :  0.1
--------------------------------------------------------------------------------------------
2026-07-05 19:20 | WARNING  | robot_0 collided with obstacle_2 at state [1.38, 4.2, -0.46]
..............................................
Epoch 15. Evaluating scenarios
2026-07-05 19:20 | WARNING  | robot_0 collided with obstacle_7 at state [2.54, 7.61, 2.77]
2026-07-05 19:20 | WARNING  | robot_0 collided with obstacle_1 at state [7.11, 3.0, -2.15]
2026-07-05 19:20 | WARNING  | robot_0 collided with obstacle_5 at state [4.66, 2.62, -1.29]
2026-07-05 19:20 | WARNING  | robot_0 collided with obstacle_3 at state [5.16, 4.42, 2.06]
2026-07-05 19:20 | WARNING  | robot_0 collided with obstacle_1 at state [1.6, 2.46, 0.95]
2026-07-05 19:20 | WARNING  | robot_0 collided with obstacle_3 at state [4.9, 3.8, 0.88]
2026-07-05 19:20 | WARNING  | robot_0 collided with obstacle_4 at state [5.57, 5.99, 0.95]
2026-07-05 19:21 | WARNING  | robot_0 collided with obstacle_2 at state [7.65, 3.09, -1.51]
Average Reward: -117.08714642627224
Average Collision rate: 0.8
Average Goal rate: 0.0
..............................................
2026-07-05 19:21 | WARNING  | robot_0 collided with obstacle_3 at state [5.4, 7.81, -1.28]
--------------------------------------------------------------------------------------------
setting actor output action_std to min_action_std :  0.1
--------------------------------------------------------------------------------------------
2026-07-05 19:21 | WARNING  | robot_0 collided with obstacle_6 at state [7.95, 7.4, 0.52]
--------------------------------------------------------------------------------------------
setting actor output action_std to min_action_std :  0.1
--------------------------------------------------------------------------------------------
--------------------------------------------------------------------------------------------
setting actor output action_std to min_action_std :  0.1
--------------------------------------------------------------------------------------------
2026-07-05 19:21 | WARNING  | robot_0 collided with obstacle_5 at state [5.34, 7.02, 0.31]
2026-07-05 19:21 | WARNING  | robot_0 collided with obstacle_7 at state [4.0, 3.59, -1.92]
--------------------------------------------------------------------------------------------
setting actor output action_std to min_action_std :  0.1
--------------------------------------------------------------------------------------------
2026-07-05 19:21 | WARNING  | robot_0 collided with obstacle_8 at state [3.21, 9.84, 2.79]
--------------------------------------------------------------------------------------------
setting actor output action_std to min_action_std :  0.1
--------------------------------------------------------------------------------------------
2026-07-05 19:21 | WARNING  | robot_0 collided with obstacle_3 at state [1.46, 7.56, 0.51]
2026-07-05 19:21 | WARNING  | robot_0 collided with obstacle_5 at state [6.29, 1.45, 0.9]
--------------------------------------------------------------------------------------------
setting actor output action_std to min_action_std :  0.1
--------------------------------------------------------------------------------------------
2026-07-05 19:21 | WARNING  | robot_0 collided with obstacle_6 at state [8.39, 4.15, 0.24]
2026-07-05 19:21 | WARNING  | robot_0 collided with obstacle_3 at state [6.16, 4.94, -0.39]
--------------------------------------------------------------------------------------------
setting actor output action_std to min_action_std :  0.1
--------------------------------------------------------------------------------------------
2026-07-05 19:21 | WARNING  | robot_0 collided with obstacle_3 at state [7.11, 3.7, 2.49]
--------------------------------------------------------------------------------------------
setting actor output action_std to min_action_std :  0.1
--------------------------------------------------------------------------------------------
2026-07-05 19:21 | WARNING  | robot_0 collided with obstacle_4 at state [5.9, 7.83, 0.26]
2026-07-05 19:21 | WARNING  | robot_0 collided with obstacle_2 at state [2.79, 8.19, 2.29]
--------------------------------------------------------------------------------------------
setting actor output action_std to min_action_std :  0.1
--------------------------------------------------------------------------------------------
2026-07-05 19:21 | WARNING  | robot_0 collided with obstacle_3 at state [4.95, 6.83, -0.88]
--------------------------------------------------------------------------------------------
setting actor output action_std to min_action_std :  0.1
--------------------------------------------------------------------------------------------
2026-07-05 19:21 | WARNING  | robot_0 collided with obstacle_8 at state [0.18, 4.32, -2.22]
--------------------------------------------------------------------------------------------
setting actor output action_std to min_action_std :  0.1
--------------------------------------------------------------------------------------------
2026-07-05 19:21 | WARNING  | robot_0 collided with obstacle_3 at state [5.14, 9.13, -1.44]
2026-07-05 19:22 | WARNING  | robot_0 collided with obstacle_3 at state [2.96, 2.76, 2.73]
--------------------------------------------------------------------------------------------
setting actor output action_std to min_action_std :  0.1
--------------------------------------------------------------------------------------------
2026-07-05 19:22 | WARNING  | robot_0 collided with obstacle_5 at state [4.91, 6.73, 1.1]
--------------------------------------------------------------------------------------------
setting actor output action_std to min_action_std :  0.1
--------------------------------------------------------------------------------------------
--------------------------------------------------------------------------------------------
setting actor output action_std to min_action_std :  0.1
--------------------------------------------------------------------------------------------
2026-07-05 19:22 | WARNING  | robot_0 collided with obstacle_5 at state [2.58, 1.87, 2.01]
--------------------------------------------------------------------------------------------
setting actor output action_std to min_action_std :  0.1
--------------------------------------------------------------------------------------------
2026-07-05 19:22 | WARNING  | robot_0 collided with obstacle_3 at state [3.09, 4.37, -2.51]
2026-07-05 19:22 | WARNING  | robot_0 collided with obstacle_6 at state [2.95, 2.76, 2.06]
--------------------------------------------------------------------------------------------
setting actor output action_std to min_action_std :  0.1
--------------------------------------------------------------------------------------------
2026-07-05 19:22 | WARNING  | robot_0 collided with obstacle_5 at state [5.63, 2.71, 2.09]
--------------------------------------------------------------------------------------------
setting actor output action_std to min_action_std :  0.1
--------------------------------------------------------------------------------------------
2026-07-05 19:22 | WARNING  | robot_0 collided with obstacle_5 at state [3.75, 5.66, 2.34]
2026-07-05 19:22 | WARNING  | robot_0 collided with obstacle_7 at state [4.34, 6.22, -2.36]
--------------------------------------------------------------------------------------------
setting actor output action_std to min_action_std :  0.1
--------------------------------------------------------------------------------------------
--------------------------------------------------------------------------------------------
setting actor output action_std to min_action_std :  0.1
--------------------------------------------------------------------------------------------
2026-07-05 19:22 | WARNING  | robot_0 collided with obstacle_1 at state [6.57, 8.24, 1.8]
--------------------------------------------------------------------------------------------
setting actor output action_std to min_action_std :  0.1
--------------------------------------------------------------------------------------------
2026-07-05 19:22 | WARNING  | robot_0 collided with obstacle_4 at state [3.77, 4.87, -2.93]
2026-07-05 19:22 | WARNING  | robot_0 collided with obstacle_4 at state [3.53, 1.8, 2.17]
--------------------------------------------------------------------------------------------
setting actor output action_std to min_action_std :  0.1
--------------------------------------------------------------------------------------------
2026-07-05 19:22 | WARNING  | robot_0 collided with obstacle_2 at state [7.08, 6.09, 1.16]
--------------------------------------------------------------------------------------------
setting actor output action_std to min_action_std :  0.1
--------------------------------------------------------------------------------------------
--------------------------------------------------------------------------------------------
setting actor output action_std to min_action_std :  0.1
--------------------------------------------------------------------------------------------
--------------------------------------------------------------------------------------------
setting actor output action_std to min_action_std :  0.1
--------------------------------------------------------------------------------------------
--------------------------------------------------------------------------------------------
setting actor output action_std to min_action_std :  0.1
--------------------------------------------------------------------------------------------
2026-07-05 19:23 | WARNING  | robot_0 collided with obstacle_5 at state [6.24, 7.52, 0.32]
--------------------------------------------------------------------------------------------
setting actor output action_std to min_action_std :  0.1
--------------------------------------------------------------------------------------------
2026-07-05 19:23 | WARNING  | robot_0 collided with obstacle_8 at state [8.39, 9.81, -3.04]
2026-07-05 19:23 | WARNING  | robot_0 collided with obstacle_4 at state [1.56, 4.9, 3.08]
--------------------------------------------------------------------------------------------
setting actor output action_std to min_action_std :  0.1
--------------------------------------------------------------------------------------------
2026-07-05 19:23 | WARNING  | robot_0 collided with obstacle_4 at state [3.86, 6.77, -0.96]
2026-07-05 19:23 | WARNING  | robot_0 collided with obstacle_4 at state [2.07, 4.79, 0.4]
--------------------------------------------------------------------------------------------
setting actor output action_std to min_action_std :  0.1
--------------------------------------------------------------------------------------------
2026-07-05 19:23 | WARNING  | robot_0 collided with obstacle_2 at state [5.67, 5.02, 2.73]
2026-07-05 19:23 | WARNING  | robot_0 collided with obstacle_4 at state [6.66, 4.0, -2.25]
--------------------------------------------------------------------------------------------
setting actor output action_std to min_action_std :  0.1
--------------------------------------------------------------------------------------------
2026-07-05 19:23 | WARNING  | robot_0 collided with obstacle_2 at state [2.28, 5.62, -0.21]
--------------------------------------------------------------------------------------------
setting actor output action_std to min_action_std :  0.1
--------------------------------------------------------------------------------------------
--------------------------------------------------------------------------------------------
setting actor output action_std to min_action_std :  0.1
--------------------------------------------------------------------------------------------
2026-07-05 19:23 | WARNING  | robot_0 collided with obstacle_6 at state [2.55, 4.9, 2.27]
--------------------------------------------------------------------------------------------
setting actor output action_std to min_action_std :  0.1
--------------------------------------------------------------------------------------------
2026-07-05 19:24 | WARNING  | robot_0 collided with obstacle_4 at state [5.47, 5.33, 1.19]
--------------------------------------------------------------------------------------------
setting actor output action_std to min_action_std :  0.1
--------------------------------------------------------------------------------------------
2026-07-05 19:24 | WARNING  | robot_0 collided with obstacle_5 at state [3.43, 5.16, -1.82]
--------------------------------------------------------------------------------------------
setting actor output action_std to min_action_std :  0.1
--------------------------------------------------------------------------------------------
2026-07-05 19:24 | WARNING  | robot_0 collided with obstacle_4 at state [2.15, 7.73, 0.99]
..............................................
Epoch 16. Evaluating scenarios
2026-07-05 19:24 | WARNING  | robot_0 collided with obstacle_1 at state [8.02, 7.4, 0.79]
2026-07-05 19:24 | WARNING  | robot_0 collided with obstacle_5 at state [4.7, 5.46, 2.95]
2026-07-05 19:24 | WARNING  | robot_0 collided with obstacle_5 at state [5.93, 9.29, 2.99]
2026-07-05 19:24 | WARNING  | robot_0 collided with obstacle_4 at state [5.61, 8.8, -1.59]
Average Reward: -66.60757351913502
Average Collision rate: 0.4
Average Goal rate: 0.1
..............................................
2026-07-05 19:24 | WARNING  | robot_0 collided with obstacle_6 at state [7.64, 5.92, 1.14]
--------------------------------------------------------------------------------------------
setting actor output action_std to min_action_std :  0.1
--------------------------------------------------------------------------------------------
2026-07-05 19:24 | WARNING  | robot_0 collided with obstacle_4 at state [3.99, 1.3, 0.3]
2026-07-05 19:24 | WARNING  | robot_0 collided with obstacle_3 at state [1.81, 1.54, 1.09]
--------------------------------------------------------------------------------------------
setting actor output action_std to min_action_std :  0.1
--------------------------------------------------------------------------------------------
2026-07-05 19:25 | WARNING  | robot_0 collided with obstacle_7 at state [8.06, 6.0, 1.32]
--------------------------------------------------------------------------------------------
setting actor output action_std to min_action_std :  0.1
--------------------------------------------------------------------------------------------
2026-07-05 19:25 | WARNING  | robot_0 collided with obstacle_3 at state [6.19, 4.07, 1.73]
--------------------------------------------------------------------------------------------
setting actor output action_std to min_action_std :  0.1
--------------------------------------------------------------------------------------------
--------------------------------------------------------------------------------------------
setting actor output action_std to min_action_std :  0.1
--------------------------------------------------------------------------------------------
--------------------------------------------------------------------------------------------
setting actor output action_std to min_action_std :  0.1
--------------------------------------------------------------------------------------------
2026-07-05 19:25 | WARNING  | robot_0 collided with obstacle_4 at state [7.03, 3.0, -2.21]
--------------------------------------------------------------------------------------------
setting actor output action_std to min_action_std :  0.1
--------------------------------------------------------------------------------------------
2026-07-05 19:25 | WARNING  | robot_0 collided with obstacle_6 at state [1.64, 2.12, 3.1]
--------------------------------------------------------------------------------------------
setting actor output action_std to min_action_std :  0.1
--------------------------------------------------------------------------------------------
2026-07-05 19:25 | WARNING  | robot_0 collided with obstacle_7 at state [5.29, 5.96, 0.02]
--------------------------------------------------------------------------------------------
setting actor output action_std to min_action_std :  0.1
--------------------------------------------------------------------------------------------
--------------------------------------------------------------------------------------------
setting actor output action_std to min_action_std :  0.1
--------------------------------------------------------------------------------------------
--------------------------------------------------------------------------------------------
setting actor output action_std to min_action_std :  0.1
--------------------------------------------------------------------------------------------
2026-07-05 19:26 | WARNING  | robot_0 collided with obstacle_3 at state [2.18, 5.01, -0.43]
--------------------------------------------------------------------------------------------
setting actor output action_std to min_action_std :  0.1
--------------------------------------------------------------------------------------------
2026-07-05 19:26 | WARNING  | robot_0 collided with obstacle_7 at state [1.81, 8.2, 2.82]
2026-07-05 19:26 | WARNING  | robot_0 collided with obstacle_2 at state [6.67, 2.65, -0.85]
--------------------------------------------------------------------------------------------
setting actor output action_std to min_action_std :  0.1
--------------------------------------------------------------------------------------------
2026-07-05 19:26 | WARNING  | robot_0 collided with obstacle_4 at state [6.79, 7.22, 3.0]
--------------------------------------------------------------------------------------------
setting actor output action_std to min_action_std :  0.1
--------------------------------------------------------------------------------------------
2026-07-05 19:26 | WARNING  | robot_0 collided with obstacle_3 at state [7.5, 6.08, -2.89]
--------------------------------------------------------------------------------------------
setting actor output action_std to min_action_std :  0.1
--------------------------------------------------------------------------------------------
2026-07-05 19:26 | WARNING  | robot_0 collided with obstacle_5 at state [5.14, 3.38, 1.66]
--------------------------------------------------------------------------------------------
setting actor output action_std to min_action_std :  0.1
--------------------------------------------------------------------------------------------
2026-07-05 19:26 | WARNING  | robot_0 collided with obstacle_3 at state [4.82, 3.11, -2.86]
2026-07-05 19:26 | WARNING  | robot_0 collided with obstacle_1 at state [6.62, 6.66, -1.17]
--------------------------------------------------------------------------------------------
setting actor output action_std to min_action_std :  0.1
--------------------------------------------------------------------------------------------
2026-07-05 19:26 | WARNING  | robot_0 collided with obstacle_4 at state [3.42, 4.31, 3.08]
--------------------------------------------------------------------------------------------
setting actor output action_std to min_action_std :  0.1
--------------------------------------------------------------------------------------------
2026-07-05 19:26 | WARNING  | robot_0 collided with obstacle_5 at state [3.47, 2.13, 2.9]
--------------------------------------------------------------------------------------------
setting actor output action_std to min_action_std :  0.1
--------------------------------------------------------------------------------------------
2026-07-05 19:26 | WARNING  | robot_0 collided with obstacle_7 at state [1.74, 3.69, -3.1]
2026-07-05 19:26 | WARNING  | robot_0 collided with obstacle_6 at state [4.98, 8.56, 0.87]
--------------------------------------------------------------------------------------------
setting actor output action_std to min_action_std :  0.1
--------------------------------------------------------------------------------------------
2026-07-05 19:26 | WARNING  | robot_0 collided with obstacle_6 at state [7.97, 4.72, 0.28]
--------------------------------------------------------------------------------------------
setting actor output action_std to min_action_std :  0.1
--------------------------------------------------------------------------------------------
2026-07-05 19:26 | WARNING  | robot_0 collided with obstacle_3 at state [2.51, 9.01, -1.73]
2026-07-05 19:26 | WARNING  | robot_0 collided with obstacle_3 at state [6.62, 2.53, 2.46]
--------------------------------------------------------------------------------------------
setting actor output action_std to min_action_std :  0.1
--------------------------------------------------------------------------------------------
2026-07-05 19:26 | WARNING  | robot_0 collided with obstacle_8 at state [5.52, 9.83, 3.11]
2026-07-05 19:26 | WARNING  | robot_0 collided with obstacle_3 at state [7.14, 5.6, -1.57]
--------------------------------------------------------------------------------------------
setting actor output action_std to min_action_std :  0.1
--------------------------------------------------------------------------------------------
2026-07-05 19:27 | WARNING  | robot_0 collided with obstacle_7 at state [7.49, 8.13, 1.42]
--------------------------------------------------------------------------------------------
setting actor output action_std to min_action_std :  0.1
--------------------------------------------------------------------------------------------
2026-07-05 19:27 | WARNING  | robot_0 collided with obstacle_4 at state [6.61, 3.2, 2.94]
2026-07-05 19:27 | WARNING  | robot_0 collided with obstacle_5 at state [4.89, 6.53, 1.74]
--------------------------------------------------------------------------------------------
setting actor output action_std to min_action_std :  0.1
--------------------------------------------------------------------------------------------
2026-07-05 19:27 | WARNING  | robot_0 collided with obstacle_7 at state [7.78, 7.8, 3.11]
--------------------------------------------------------------------------------------------
setting actor output action_std to min_action_std :  0.1
--------------------------------------------------------------------------------------------
2026-07-05 19:27 | WARNING  | robot_0 collided with obstacle_3 at state [6.89, 6.76, -1.07]
--------------------------------------------------------------------------------------------
setting actor output action_std to min_action_std :  0.1
--------------------------------------------------------------------------------------------
2026-07-05 19:27 | WARNING  | robot_0 collided with obstacle_4 at state [5.77, 5.51, -3.11]
--------------------------------------------------------------------------------------------
setting actor output action_std to min_action_std :  0.1
--------------------------------------------------------------------------------------------
2026-07-05 19:27 | WARNING  | robot_0 collided with obstacle_7 at state [5.82, 5.25, 0.58]
--------------------------------------------------------------------------------------------
setting actor output action_std to min_action_std :  0.1
--------------------------------------------------------------------------------------------
2026-07-05 19:27 | WARNING  | robot_0 collided with obstacle_4 at state [5.72, 2.93, -2.02]
--------------------------------------------------------------------------------------------
setting actor output action_std to min_action_std :  0.1
--------------------------------------------------------------------------------------------
2026-07-05 19:27 | WARNING  | robot_0 collided with obstacle_6 at state [3.86, 5.33, -2.88]
--------------------------------------------------------------------------------------------
setting actor output action_std to min_action_std :  0.1
--------------------------------------------------------------------------------------------
2026-07-05 19:27 | WARNING  | robot_0 collided with obstacle_7 at state [2.15, 2.62, 1.45]
--------------------------------------------------------------------------------------------
setting actor output action_std to min_action_std :  0.1
--------------------------------------------------------------------------------------------
2026-07-05 19:27 | WARNING  | robot_0 collided with obstacle_7 at state [4.99, 5.34, -2.61]
--------------------------------------------------------------------------------------------
setting actor output action_std to min_action_std :  0.1
--------------------------------------------------------------------------------------------
2026-07-05 19:27 | WARNING  | robot_0 collided with obstacle_4 at state [7.65, 9.06, 3.14]
--------------------------------------------------------------------------------------------
setting actor output action_std to min_action_std :  0.1
--------------------------------------------------------------------------------------------
2026-07-05 19:27 | WARNING  | robot_0 collided with obstacle_4 at state [4.21, 5.4, 1.89]
..............................................
Epoch 17. Evaluating scenarios
2026-07-05 19:28 | WARNING  | robot_0 collided with obstacle_5 at state [2.15, 5.31, -2.47]
2026-07-05 19:28 | WARNING  | robot_0 collided with obstacle_1 at state [4.71, 6.41, 2.43]
2026-07-05 19:28 | WARNING  | robot_0 collided with obstacle_7 at state [3.2, 3.41, 1.69]
2026-07-05 19:28 | WARNING  | robot_0 collided with obstacle_6 at state [7.06, 4.81, 2.37]
2026-07-05 19:28 | WARNING  | robot_0 collided with obstacle_5 at state [7.89, 2.52, 2.31]
2026-07-05 19:28 | WARNING  | robot_0 collided with obstacle_6 at state [3.58, 4.28, 2.32]
2026-07-05 19:28 | WARNING  | robot_0 collided with obstacle_4 at state [5.85, 2.83, 0.28]
2026-07-05 19:28 | WARNING  | robot_0 collided with obstacle_5 at state [3.54, 7.3, 1.8]
2026-07-05 19:28 | WARNING  | robot_0 collided with obstacle_8 at state [4.17, 0.16, -0.11]
2026-07-05 19:28 | WARNING  | robot_0 collided with obstacle_6 at state [6.11, 2.66, -1.84]
Average Reward: -116.34784526205208
Average Collision rate: 1.0
Average Goal rate: 0.0
..............................................
2026-07-05 19:28 | WARNING  | robot_0 collided with obstacle_2 at state [2.69, 4.25, 2.62]
--------------------------------------------------------------------------------------------
setting actor output action_std to min_action_std :  0.1
--------------------------------------------------------------------------------------------
2026-07-05 19:28 | WARNING  | robot_0 collided with obstacle_7 at state [6.1, 6.96, 0.82]
2026-07-05 19:28 | WARNING  | robot_0 collided with obstacle_8 at state [2.58, 9.82, 2.9]
--------------------------------------------------------------------------------------------
setting actor output action_std to min_action_std :  0.1
--------------------------------------------------------------------------------------------
2026-07-05 19:28 | WARNING  | robot_0 collided with obstacle_5 at state [7.43, 6.44, 2.04]
--------------------------------------------------------------------------------------------
setting actor output action_std to min_action_std :  0.1
--------------------------------------------------------------------------------------------
2026-07-05 19:28 | WARNING  | robot_0 collided with obstacle_3 at state [5.23, 5.29, -1.78]
--------------------------------------------------------------------------------------------
setting actor output action_std to min_action_std :  0.1
--------------------------------------------------------------------------------------------
2026-07-05 19:28 | WARNING  | robot_0 collided with obstacle_5 at state [5.27, 3.48, 1.97]
--------------------------------------------------------------------------------------------
setting actor output action_std to min_action_std :  0.1
--------------------------------------------------------------------------------------------
2026-07-05 19:28 | WARNING  | robot_0 collided with obstacle_6 at state [6.19, 1.93, 0.11]
--------------------------------------------------------------------------------------------
setting actor output action_std to min_action_std :  0.1
--------------------------------------------------------------------------------------------
2026-07-05 19:28 | WARNING  | robot_0 collided with obstacle_4 at state [3.39, 8.11, -1.29]
--------------------------------------------------------------------------------------------
setting actor output action_std to min_action_std :  0.1
--------------------------------------------------------------------------------------------
2026-07-05 19:28 | WARNING  | robot_0 collided with obstacle_7 at state [4.58, 6.54, -2.09]
--------------------------------------------------------------------------------------------
setting actor output action_std to min_action_std :  0.1
--------------------------------------------------------------------------------------------
2026-07-05 19:28 | WARNING  | robot_0 collided with obstacle_3 at state [4.42, 7.32, 1.65]
--------------------------------------------------------------------------------------------
setting actor output action_std to min_action_std :  0.1
--------------------------------------------------------------------------------------------
2026-07-05 19:28 | WARNING  | robot_0 collided with obstacle_7 at state [3.86, 7.69, 1.85]
2026-07-05 19:28 | WARNING  | robot_0 collided with obstacle_8 at state [2.45, 9.81, 2.67]
--------------------------------------------------------------------------------------------
setting actor output action_std to min_action_std :  0.1
--------------------------------------------------------------------------------------------
2026-07-05 19:29 | WARNING  | robot_0 collided with obstacle_7 at state [3.92, 3.52, 1.14]
--------------------------------------------------------------------------------------------
setting actor output action_std to min_action_std :  0.1
--------------------------------------------------------------------------------------------
2026-07-05 19:29 | WARNING  | robot_0 collided with obstacle_7 at state [3.55, 4.35, -2.32]
2026-07-05 19:29 | WARNING  | robot_0 collided with obstacle_6 at state [4.0, 2.83, -0.29]
--------------------------------------------------------------------------------------------
setting actor output action_std to min_action_std :  0.1
--------------------------------------------------------------------------------------------
2026-07-05 19:29 | WARNING  | robot_0 collided with obstacle_7 at state [5.24, 8.45, 1.88]
2026-07-05 19:29 | WARNING  | robot_0 collided with obstacle_5 at state [2.21, 5.03, -2.89]
--------------------------------------------------------------------------------------------
setting actor output action_std to min_action_std :  0.1
--------------------------------------------------------------------------------------------
2026-07-05 19:29 | WARNING  | robot_0 collided with obstacle_1 at state [3.47, 6.96, -2.26]
--------------------------------------------------------------------------------------------
setting actor output action_std to min_action_std :  0.1
--------------------------------------------------------------------------------------------
2026-07-05 19:29 | WARNING  | robot_0 collided with obstacle_5 at state [5.25, 7.75, 2.74]
2026-07-05 19:29 | WARNING  | robot_0 collided with obstacle_5 at state [2.03, 3.15, -2.64]
--------------------------------------------------------------------------------------------
setting actor output action_std to min_action_std :  0.1
--------------------------------------------------------------------------------------------
2026-07-05 19:29 | WARNING  | robot_0 collided with obstacle_2 at state [4.42, 2.33, -0.33]
--------------------------------------------------------------------------------------------
setting actor output action_std to min_action_std :  0.1
--------------------------------------------------------------------------------------------
2026-07-05 19:29 | WARNING  | robot_0 collided with obstacle_5 at state [3.96, 3.98, -2.43]
--------------------------------------------------------------------------------------------
setting actor output action_std to min_action_std :  0.1
--------------------------------------------------------------------------------------------
--------------------------------------------------------------------------------------------
setting actor output action_std to min_action_std :  0.1
--------------------------------------------------------------------------------------------
2026-07-05 19:29 | WARNING  | robot_0 collided with obstacle_8 at state [4.9, 9.83, 3.05]
--------------------------------------------------------------------------------------------
setting actor output action_std to min_action_std :  0.1
--------------------------------------------------------------------------------------------
2026-07-05 19:29 | WARNING  | robot_0 collided with obstacle_1 at state [7.89, 7.11, -1.09]
--------------------------------------------------------------------------------------------
setting actor output action_std to min_action_std :  0.1
--------------------------------------------------------------------------------------------
2026-07-05 19:29 | WARNING  | robot_0 collided with obstacle_4 at state [5.53, 2.59, -0.73]
2026-07-05 19:29 | WARNING  | robot_0 collided with obstacle_3 at state [4.41, 3.09, -0.95]
--------------------------------------------------------------------------------------------
setting actor output action_std to min_action_std :  0.1
--------------------------------------------------------------------------------------------
2026-07-05 19:29 | WARNING  | robot_0 collided with obstacle_2 at state [6.59, 7.02, -0.34]
2026-07-05 19:29 | WARNING  | robot_0 collided with obstacle_2 at state [4.13, 7.75, -1.81]
--------------------------------------------------------------------------------------------
setting actor output action_std to min_action_std :  0.1
--------------------------------------------------------------------------------------------
2026-07-05 19:29 | WARNING  | robot_0 collided with obstacle_6 at state [5.16, 6.35, -0.04]
--------------------------------------------------------------------------------------------
setting actor output action_std to min_action_std :  0.1
--------------------------------------------------------------------------------------------
2026-07-05 19:30 | WARNING  | robot_0 collided with obstacle_7 at state [8.35, 6.17, -2.2]
2026-07-05 19:30 | WARNING  | robot_0 collided with obstacle_5 at state [3.4, 4.74, 0.04]
--------------------------------------------------------------------------------------------
setting actor output action_std to min_action_std :  0.1
--------------------------------------------------------------------------------------------
2026-07-05 19:30 | WARNING  | robot_0 collided with obstacle_7 at state [7.26, 7.62, 2.6]
2026-07-05 19:30 | WARNING  | robot_0 collided with obstacle_5 at state [3.09, 7.03, -0.13]
--------------------------------------------------------------------------------------------
setting actor output action_std to min_action_std :  0.1
--------------------------------------------------------------------------------------------
2026-07-05 19:30 | WARNING  | robot_0 collided with obstacle_4 at state [7.94, 3.3, -2.43]
2026-07-05 19:30 | WARNING  | robot_0 collided with obstacle_5 at state [3.69, 6.25, 2.41]
--------------------------------------------------------------------------------------------
setting actor output action_std to min_action_std :  0.1
--------------------------------------------------------------------------------------------
2026-07-05 19:30 | WARNING  | robot_0 collided with obstacle_2 at state [4.04, 6.08, 2.54]
--------------------------------------------------------------------------------------------
setting actor output action_std to min_action_std :  0.1
--------------------------------------------------------------------------------------------
2026-07-05 19:30 | WARNING  | robot_0 collided with obstacle_7 at state [6.49, 4.96, -2.73]
2026-07-05 19:30 | WARNING  | robot_0 collided with obstacle_2 at state [8.21, 6.19, -3.1]
--------------------------------------------------------------------------------------------
setting actor output action_std to min_action_std :  0.1
--------------------------------------------------------------------------------------------
2026-07-05 19:30 | WARNING  | robot_0 collided with obstacle_6 at state [3.69, 1.73, 0.27]
--------------------------------------------------------------------------------------------
setting actor output action_std to min_action_std :  0.1
--------------------------------------------------------------------------------------------
--------------------------------------------------------------------------------------------
setting actor output action_std to min_action_std :  0.1
--------------------------------------------------------------------------------------------
2026-07-05 19:30 | WARNING  | robot_0 collided with obstacle_3 at state [5.46, 6.68, 1.42]
2026-07-05 19:30 | WARNING  | robot_0 collided with obstacle_6 at state [3.97, 4.78, 0.89]
--------------------------------------------------------------------------------------------
setting actor output action_std to min_action_std :  0.1
--------------------------------------------------------------------------------------------
2026-07-05 19:30 | WARNING  | robot_0 collided with obstacle_4 at state [3.03, 5.85, 1.57]
2026-07-05 19:30 | WARNING  | robot_0 collided with obstacle_6 at state [2.05, 6.93, 2.53]
--------------------------------------------------------------------------------------------
setting actor output action_std to min_action_std :  0.1
--------------------------------------------------------------------------------------------
2026-07-05 19:30 | WARNING  | robot_0 collided with obstacle_2 at state [6.03, 3.36, 0.28]
2026-07-05 19:30 | WARNING  | robot_0 collided with obstacle_1 at state [6.06, 6.72, -0.95]
--------------------------------------------------------------------------------------------
setting actor output action_std to min_action_std :  0.1
--------------------------------------------------------------------------------------------
2026-07-05 19:30 | WARNING  | robot_0 collided with obstacle_4 at state [6.77, 8.16, -1.08]
2026-07-05 19:30 | WARNING  | robot_0 collided with obstacle_2 at state [5.04, 6.69, -1.82]
--------------------------------------------------------------------------------------------
setting actor output action_std to min_action_std :  0.1
--------------------------------------------------------------------------------------------
..............................................
Epoch 18. Evaluating scenarios
2026-07-05 19:30 | WARNING  | robot_0 collided with obstacle_7 at state [6.91, 2.64, 1.17]
2026-07-05 19:30 | WARNING  | robot_0 collided with obstacle_7 at state [4.75, 7.79, 1.72]
2026-07-05 19:30 | WARNING  | robot_0 collided with obstacle_6 at state [2.5, 3.57, 1.7]
2026-07-05 19:30 | WARNING  | robot_0 collided with obstacle_5 at state [2.88, 3.7, 2.2]
2026-07-05 19:30 | WARNING  | robot_0 collided with obstacle_1 at state [7.21, 6.91, -0.45]
2026-07-05 19:31 | WARNING  | robot_0 collided with obstacle_3 at state [7.64, 5.97, -1.61]
Average Reward: -66.38819729402307
Average Collision rate: 0.6
Average Goal rate: 0.2
..............................................
2026-07-05 19:31 | WARNING  | robot_0 collided with obstacle_3 at state [5.04, 6.44, 1.6]
--------------------------------------------------------------------------------------------
setting actor output action_std to min_action_std :  0.1
--------------------------------------------------------------------------------------------
--------------------------------------------------------------------------------------------
setting actor output action_std to min_action_std :  0.1
--------------------------------------------------------------------------------------------
2026-07-05 19:31 | WARNING  | robot_0 collided with obstacle_6 at state [2.55, 4.94, 1.76]
2026-07-05 19:31 | WARNING  | robot_0 collided with obstacle_7 at state [2.03, 7.93, 1.47]
--------------------------------------------------------------------------------------------
setting actor output action_std to min_action_std :  0.1
--------------------------------------------------------------------------------------------
2026-07-05 19:31 | WARNING  | robot_0 collided with obstacle_5 at state [5.63, 6.42, -1.46]
--------------------------------------------------------------------------------------------
setting actor output action_std to min_action_std :  0.1
--------------------------------------------------------------------------------------------
--------------------------------------------------------------------------------------------
setting actor output action_std to min_action_std :  0.1
--------------------------------------------------------------------------------------------
2026-07-05 19:31 | WARNING  | robot_0 collided with obstacle_4 at state [4.46, 5.09, 1.73]
--------------------------------------------------------------------------------------------
setting actor output action_std to min_action_std :  0.1
--------------------------------------------------------------------------------------------
2026-07-05 19:31 | WARNING  | robot_0 collided with obstacle_5 at state [3.8, 5.93, 1.84]
--------------------------------------------------------------------------------------------
setting actor output action_std to min_action_std :  0.1
--------------------------------------------------------------------------------------------
2026-07-05 19:31 | WARNING  | robot_0 collided with obstacle_1 at state [7.3, 6.82, -1.55]
--------------------------------------------------------------------------------------------
setting actor output action_std to min_action_std :  0.1
--------------------------------------------------------------------------------------------
2026-07-05 19:31 | WARNING  | robot_0 collided with obstacle_3 at state [5.96, 5.06, -2.03]
--------------------------------------------------------------------------------------------
setting actor output action_std to min_action_std :  0.1
--------------------------------------------------------------------------------------------
2026-07-05 19:32 | WARNING  | robot_0 collided with obstacle_7 at state [2.51, 4.11, -3.13]
2026-07-05 19:32 | WARNING  | robot_0 collided with obstacle_6 at state [8.02, 5.97, 1.15]
--------------------------------------------------------------------------------------------
setting actor output action_std to min_action_std :  0.1
--------------------------------------------------------------------------------------------
--------------------------------------------------------------------------------------------
setting actor output action_std to min_action_std :  0.1
--------------------------------------------------------------------------------------------
2026-07-05 19:32 | WARNING  | robot_0 collided with obstacle_7 at state [6.71, 5.17, 0.92]
--------------------------------------------------------------------------------------------
setting actor output action_std to min_action_std :  0.1
--------------------------------------------------------------------------------------------
2026-07-05 19:32 | WARNING  | robot_0 collided with obstacle_3 at state [3.83, 6.86, 1.35]
--------------------------------------------------------------------------------------------
setting actor output action_std to min_action_std :  0.1
--------------------------------------------------------------------------------------------
2026-07-05 19:32 | WARNING  | robot_0 collided with obstacle_7 at state [6.88, 7.65, 0.28]
--------------------------------------------------------------------------------------------
setting actor output action_std to min_action_std :  0.1
--------------------------------------------------------------------------------------------
2026-07-05 19:32 | WARNING  | robot_0 collided with obstacle_5 at state [3.9, 3.75, 2.78]
--------------------------------------------------------------------------------------------
setting actor output action_std to min_action_std :  0.1
--------------------------------------------------------------------------------------------
2026-07-05 19:32 | WARNING  | robot_0 collided with obstacle_3 at state [4.36, 8.01, 2.57]
--------------------------------------------------------------------------------------------
setting actor output action_std to min_action_std :  0.1
--------------------------------------------------------------------------------------------
2026-07-05 19:32 | WARNING  | robot_0 collided with obstacle_5 at state [5.04, 5.5, -2.34]
2026-07-05 19:32 | WARNING  | robot_0 collided with obstacle_4 at state [4.86, 5.15, -2.61]
--------------------------------------------------------------------------------------------
setting actor output action_std to min_action_std :  0.1
--------------------------------------------------------------------------------------------
--------------------------------------------------------------------------------------------
setting actor output action_std to min_action_std :  0.1
--------------------------------------------------------------------------------------------
2026-07-05 19:32 | WARNING  | robot_0 collided with obstacle_1 at state [8.28, 2.8, 1.83]
2026-07-05 19:32 | WARNING  | robot_0 collided with obstacle_4 at state [6.32, 8.59, -1.25]
--------------------------------------------------------------------------------------------
setting actor output action_std to min_action_std :  0.1
--------------------------------------------------------------------------------------------
2026-07-05 19:32 | WARNING  | robot_0 collided with obstacle_6 at state [4.55, 4.93, 0.64]
--------------------------------------------------------------------------------------------
setting actor output action_std to min_action_std :  0.1
--------------------------------------------------------------------------------------------
2026-07-05 19:33 | WARNING  | robot_0 collided with obstacle_5 at state [5.71, 5.66, -0.86]
--------------------------------------------------------------------------------------------
setting actor output action_std to min_action_std :  0.1
--------------------------------------------------------------------------------------------
2026-07-05 19:33 | WARNING  | robot_0 collided with obstacle_7 at state [6.17, 4.68, -1.76]
--------------------------------------------------------------------------------------------
setting actor output action_std to min_action_std :  0.1
--------------------------------------------------------------------------------------------
2026-07-05 19:33 | WARNING  | robot_0 collided with obstacle_3 at state [2.74, 4.88, -2.69]
--------------------------------------------------------------------------------------------
setting actor output action_std to min_action_std :  0.1
--------------------------------------------------------------------------------------------
2026-07-05 19:33 | WARNING  | robot_0 collided with obstacle_4 at state [6.94, 7.89, -0.63]
2026-07-05 19:33 | WARNING  | robot_0 collided with obstacle_2 at state [4.98, 2.79, -2.97]
--------------------------------------------------------------------------------------------
setting actor output action_std to min_action_std :  0.1
--------------------------------------------------------------------------------------------
--------------------------------------------------------------------------------------------
setting actor output action_std to min_action_std :  0.1
--------------------------------------------------------------------------------------------
2026-07-05 19:33 | WARNING  | robot_0 collided with obstacle_7 at state [6.27, 2.96, -2.34]
2026-07-05 19:33 | WARNING  | robot_0 collided with obstacle_5 at state [2.16, 5.67, 1.56]
--------------------------------------------------------------------------------------------
setting actor output action_std to min_action_std :  0.1
--------------------------------------------------------------------------------------------
2026-07-05 19:33 | WARNING  | robot_0 collided with obstacle_6 at state [6.29, 6.98, 1.79]
--------------------------------------------------------------------------------------------
setting actor output action_std to min_action_std :  0.1
--------------------------------------------------------------------------------------------
2026-07-05 19:33 | WARNING  | robot_0 collided with obstacle_4 at state [4.77, 4.53, -2.56]
2026-07-05 19:33 | WARNING  | robot_0 collided with obstacle_6 at state [3.39, 4.41, 1.79]
--------------------------------------------------------------------------------------------
setting actor output action_std to min_action_std :  0.1
--------------------------------------------------------------------------------------------
2026-07-05 19:33 | WARNING  | robot_0 collided with obstacle_7 at state [5.04, 4.55, 1.82]
--------------------------------------------------------------------------------------------
setting actor output action_std to min_action_std :  0.1
--------------------------------------------------------------------------------------------
2026-07-05 19:33 | WARNING  | robot_0 collided with obstacle_6 at state [3.11, 6.49, 0.8]
--------------------------------------------------------------------------------------------
setting actor output action_std to min_action_std :  0.1
--------------------------------------------------------------------------------------------
2026-07-05 19:34 | WARNING  | robot_0 collided with obstacle_6 at state [7.79, 6.26, 0.38]
--------------------------------------------------------------------------------------------
setting actor output action_std to min_action_std :  0.1
--------------------------------------------------------------------------------------------
2026-07-05 19:34 | WARNING  | robot_0 collided with obstacle_6 at state [2.78, 5.83, 1.36]
--------------------------------------------------------------------------------------------
setting actor output action_std to min_action_std :  0.1
--------------------------------------------------------------------------------------------
2026-07-05 19:34 | WARNING  | robot_0 collided with obstacle_4 at state [7.75, 3.0, -2.28]
2026-07-05 19:34 | WARNING  | robot_0 collided with obstacle_2 at state [5.94, 6.18, 0.22]
--------------------------------------------------------------------------------------------
setting actor output action_std to min_action_std :  0.1
--------------------------------------------------------------------------------------------
2026-07-05 19:34 | WARNING  | robot_0 collided with obstacle_1 at state [4.29, 5.84, 2.07]
--------------------------------------------------------------------------------------------
setting actor output action_std to min_action_std :  0.1
--------------------------------------------------------------------------------------------
..............................................
Epoch 19. Evaluating scenarios
2026-07-05 19:34 | WARNING  | robot_0 collided with obstacle_1 at state [4.3, 6.83, -1.79]
2026-07-05 19:34 | WARNING  | robot_0 collided with obstacle_7 at state [7.41, 6.95, -0.35]
2026-07-05 19:35 | WARNING  | robot_0 collided with obstacle_5 at state [1.96, 3.83, 1.75]
2026-07-05 19:35 | WARNING  | robot_0 collided with obstacle_4 at state [5.55, 3.49, -1.15]
Average Reward: -72.97329294692722
Average Collision rate: 0.4
Average Goal rate: 0.0
..............................................
2026-07-05 19:35 | WARNING  | robot_0 collided with obstacle_6 at state [5.93, 4.73, 2.53]
--------------------------------------------------------------------------------------------
setting actor output action_std to min_action_std :  0.1
--------------------------------------------------------------------------------------------
--------------------------------------------------------------------------------------------
setting actor output action_std to min_action_std :  0.1
--------------------------------------------------------------------------------------------
2026-07-05 19:35 | WARNING  | robot_0 collided with obstacle_2 at state [2.67, 8.32, 2.1]
--------------------------------------------------------------------------------------------
setting actor output action_std to min_action_std :  0.1
--------------------------------------------------------------------------------------------
2026-07-05 19:35 | WARNING  | robot_0 collided with obstacle_3 at state [3.82, 3.8, -2.76]
--------------------------------------------------------------------------------------------
setting actor output action_std to min_action_std :  0.1
--------------------------------------------------------------------------------------------
2026-07-05 19:35 | WARNING  | robot_0 collided with obstacle_5 at state [3.65, 5.92, 1.33]
--------------------------------------------------------------------------------------------
setting actor output action_std to min_action_std :  0.1
--------------------------------------------------------------------------------------------
2026-07-05 19:35 | WARNING  | robot_0 collided with obstacle_7 at state [2.86, 6.54, 0.6]
--------------------------------------------------------------------------------------------
setting actor output action_std to min_action_std :  0.1
--------------------------------------------------------------------------------------------
2026-07-05 19:36 | WARNING  | robot_0 collided with obstacle_3 at state [4.15, 6.64, 2.5]
--------------------------------------------------------------------------------------------
setting actor output action_std to min_action_std :  0.1
--------------------------------------------------------------------------------------------
--------------------------------------------------------------------------------------------
setting actor output action_std to min_action_std :  0.1
--------------------------------------------------------------------------------------------
2026-07-05 19:36 | WARNING  | robot_0 collided with obstacle_2 at state [3.47, 2.45, 0.81]
--------------------------------------------------------------------------------------------
setting actor output action_std to min_action_std :  0.1
--------------------------------------------------------------------------------------------
2026-07-05 19:36 | WARNING  | robot_0 collided with obstacle_3 at state [7.22, 3.12, -2.7]
--------------------------------------------------------------------------------------------
setting actor output action_std to min_action_std :  0.1
--------------------------------------------------------------------------------------------
2026-07-05 19:36 | WARNING  | robot_0 collided with obstacle_6 at state [3.47, 3.71, -2.48]
2026-07-05 19:36 | WARNING  | robot_0 collided with obstacle_3 at state [7.09, 2.8, -3.07]
--------------------------------------------------------------------------------------------
setting actor output action_std to min_action_std :  0.1
--------------------------------------------------------------------------------------------
2026-07-05 19:36 | WARNING  | robot_0 collided with obstacle_4 at state [6.23, 5.89, -0.03]
--------------------------------------------------------------------------------------------
setting actor output action_std to min_action_std :  0.1
--------------------------------------------------------------------------------------------
2026-07-05 19:36 | WARNING  | robot_0 collided with obstacle_1 at state [3.75, 7.69, 1.72]
--------------------------------------------------------------------------------------------
setting actor output action_std to min_action_std :  0.1
--------------------------------------------------------------------------------------------
2026-07-05 19:36 | WARNING  | robot_0 collided with obstacle_3 at state [4.45, 5.92, 2.09]
2026-07-05 19:36 | WARNING  | robot_0 collided with obstacle_4 at state [3.08, 3.85, 1.51]
--------------------------------------------------------------------------------------------
setting actor output action_std to min_action_std :  0.1
--------------------------------------------------------------------------------------------
--------------------------------------------------------------------------------------------
setting actor output action_std to min_action_std :  0.1
--------------------------------------------------------------------------------------------
--------------------------------------------------------------------------------------------
setting actor output action_std to min_action_std :  0.1
--------------------------------------------------------------------------------------------
2026-07-05 19:36 | WARNING  | robot_0 collided with obstacle_7 at state [5.65, 4.45, -2.82]
--------------------------------------------------------------------------------------------
setting actor output action_std to min_action_std :  0.1
--------------------------------------------------------------------------------------------
2026-07-05 19:36 | WARNING  | robot_0 collided with obstacle_5 at state [4.5, 3.16, 1.24]
2026-07-05 19:36 | WARNING  | robot_0 collided with obstacle_1 at state [6.02, 6.42, -0.36]
--------------------------------------------------------------------------------------------
setting actor output action_std to min_action_std :  0.1
--------------------------------------------------------------------------------------------
2026-07-05 19:36 | WARNING  | robot_0 collided with obstacle_1 at state [1.55, 7.16, 2.85]
--------------------------------------------------------------------------------------------
setting actor output action_std to min_action_std :  0.1
--------------------------------------------------------------------------------------------
2026-07-05 19:37 | WARNING  | robot_0 collided with obstacle_4 at state [4.62, 3.84, -0.73]
--------------------------------------------------------------------------------------------
setting actor output action_std to min_action_std :  0.1
--------------------------------------------------------------------------------------------
2026-07-05 19:37 | WARNING  | robot_0 collided with obstacle_2 at state [4.94, 4.96, 2.04]
--------------------------------------------------------------------------------------------
setting actor output action_std to min_action_std :  0.1
--------------------------------------------------------------------------------------------
2026-07-05 19:37 | WARNING  | robot_0 collided with obstacle_3 at state [3.03, 4.08, -0.85]
--------------------------------------------------------------------------------------------
setting actor output action_std to min_action_std :  0.1
--------------------------------------------------------------------------------------------
2026-07-05 19:37 | WARNING  | robot_0 collided with obstacle_3 at state [5.93, 6.81, 1.84]
--------------------------------------------------------------------------------------------
setting actor output action_std to min_action_std :  0.1
--------------------------------------------------------------------------------------------
--------------------------------------------------------------------------------------------
setting actor output action_std to min_action_std :  0.1
--------------------------------------------------------------------------------------------
2026-07-05 19:37 | WARNING  | robot_0 collided with obstacle_1 at state [1.73, 5.39, 1.28]
2026-07-05 19:37 | WARNING  | robot_0 collided with obstacle_1 at state [6.66, 3.82, 1.25]
--------------------------------------------------------------------------------------------
setting actor output action_std to min_action_std :  0.1
--------------------------------------------------------------------------------------------
2026-07-05 19:37 | WARNING  | robot_0 collided with obstacle_5 at state [2.21, 5.13, 0.29]
--------------------------------------------------------------------------------------------
setting actor output action_std to min_action_std :  0.1
--------------------------------------------------------------------------------------------
2026-07-05 19:37 | WARNING  | robot_0 collided with obstacle_1 at state [5.58, 2.14, 1.3]
2026-07-05 19:37 | WARNING  | robot_0 collided with obstacle_5 at state [7.89, 2.75, 3.11]
--------------------------------------------------------------------------------------------
setting actor output action_std to min_action_std :  0.1
--------------------------------------------------------------------------------------------
2026-07-05 19:37 | WARNING  | robot_0 collided with obstacle_6 at state [5.92, 4.73, -1.28]
--------------------------------------------------------------------------------------------
setting actor output action_std to min_action_std :  0.1
--------------------------------------------------------------------------------------------
2026-07-05 19:37 | WARNING  | robot_0 collided with obstacle_7 at state [2.98, 4.12, 2.19]
2026-07-05 19:37 | WARNING  | robot_0 collided with obstacle_3 at state [3.58, 8.03, 1.39]
--------------------------------------------------------------------------------------------
setting actor output action_std to min_action_std :  0.1
--------------------------------------------------------------------------------------------
2026-07-05 19:37 | WARNING  | robot_0 collided with obstacle_7 at state [4.38, 5.02, -1.49]
--------------------------------------------------------------------------------------------
setting actor output action_std to min_action_std :  0.1
--------------------------------------------------------------------------------------------
2026-07-05 19:37 | WARNING  | robot_0 collided with obstacle_6 at state [7.28, 6.01, -1.07]
2026-07-05 19:37 | WARNING  | robot_0 collided with obstacle_7 at state [5.1, 5.9, 3.11]
--------------------------------------------------------------------------------------------
setting actor output action_std to min_action_std :  0.1
--------------------------------------------------------------------------------------------
2026-07-05 19:37 | WARNING  | robot_0 collided with obstacle_7 at state [1.75, 8.67, 0.65]
--------------------------------------------------------------------------------------------
setting actor output action_std to min_action_std :  0.1
--------------------------------------------------------------------------------------------
--------------------------------------------------------------------------------------------
setting actor output action_std to min_action_std :  0.1
--------------------------------------------------------------------------------------------
2026-07-05 19:38 | WARNING  | robot_0 collided with obstacle_6 at state [5.0, 6.55, 1.74]
--------------------------------------------------------------------------------------------
setting actor output action_std to min_action_std :  0.1
--------------------------------------------------------------------------------------------
..............................................
Epoch 20. Evaluating scenarios
2026-07-05 19:38 | WARNING  | robot_0 collided with obstacle_7 at state [9.14, 7.77, 1.76]
2026-07-05 19:38 | WARNING  | robot_0 collided with obstacle_5 at state [4.55, 8.02, 1.48]
2026-07-05 19:38 | WARNING  | robot_0 collided with obstacle_3 at state [6.35, 4.23, -2.03]
2026-07-05 19:38 | WARNING  | robot_0 collided with obstacle_4 at state [5.26, 4.67, 2.73]
2026-07-05 19:38 | WARNING  | robot_0 collided with obstacle_5 at state [2.36, 7.89, 2.82]
2026-07-05 19:38 | WARNING  | robot_0 collided with obstacle_3 at state [8.07, 4.92, -2.86]
2026-07-05 19:38 | WARNING  | robot_0 collided with obstacle_1 at state [5.26, 8.36, -1.53]
Average Reward: -48.69406296580222
Average Collision rate: 0.7
Average Goal rate: 0.3
..............................................
2026-07-05 19:38 | WARNING  | robot_0 collided with obstacle_1 at state [8.78, 8.33, 0.77]
--------------------------------------------------------------------------------------------
setting actor output action_std to min_action_std :  0.1
--------------------------------------------------------------------------------------------
2026-07-05 19:38 | WARNING  | robot_0 collided with obstacle_7 at state [2.46, 4.74, 1.92]
--------------------------------------------------------------------------------------------
setting actor output action_std to min_action_std :  0.1
--------------------------------------------------------------------------------------------
2026-07-05 19:38 | WARNING  | robot_0 collided with obstacle_3 at state [7.25, 7.03, 0.13]
2026-07-05 19:38 | WARNING  | robot_0 collided with obstacle_3 at state [3.64, 7.59, 2.34]
--------------------------------------------------------------------------------------------
setting actor output action_std to min_action_std :  0.1
--------------------------------------------------------------------------------------------
2026-07-05 19:38 | WARNING  | robot_0 collided with obstacle_2 at state [2.95, 3.83, -2.46]
--------------------------------------------------------------------------------------------
setting actor output action_std to min_action_std :  0.1
--------------------------------------------------------------------------------------------
2026-07-05 19:38 | WARNING  | robot_0 collided with obstacle_3 at state [6.86, 4.56, -1.69]
--------------------------------------------------------------------------------------------
setting actor output action_std to min_action_std :  0.1
--------------------------------------------------------------------------------------------
2026-07-05 19:38 | WARNING  | robot_0 collided with obstacle_4 at state [7.68, 1.47, 0.52]
--------------------------------------------------------------------------------------------
setting actor output action_std to min_action_std :  0.1
--------------------------------------------------------------------------------------------
2026-07-05 19:38 | WARNING  | robot_0 collided with obstacle_5 at state [4.63, 7.29, 1.81]
2026-07-05 19:38 | WARNING  | robot_0 collided with obstacle_3 at state [2.98, 3.3, 2.3]
--------------------------------------------------------------------------------------------
setting actor output action_std to min_action_std :  0.1
--------------------------------------------------------------------------------------------
2026-07-05 19:38 | WARNING  | robot_0 collided with obstacle_5 at state [7.21, 7.76, 0.7]
2026-07-05 19:38 | WARNING  | robot_0 collided with obstacle_4 at state [5.29, 4.08, -3.09]
--------------------------------------------------------------------------------------------
setting actor output action_std to min_action_std :  0.1
--------------------------------------------------------------------------------------------
2026-07-05 19:38 | WARNING  | robot_0 collided with obstacle_1 at state [3.59, 9.38, -2.65]
--------------------------------------------------------------------------------------------
setting actor output action_std to min_action_std :  0.1
--------------------------------------------------------------------------------------------
2026-07-05 19:39 | WARNING  | robot_0 collided with obstacle_2 at state [6.87, 3.72, -2.34]
2026-07-05 19:39 | WARNING  | robot_0 collided with obstacle_3 at state [4.77, 4.06, 2.2]
--------------------------------------------------------------------------------------------
setting actor output action_std to min_action_std :  0.1
--------------------------------------------------------------------------------------------
2026-07-05 19:39 | WARNING  | robot_0 collided with obstacle_2 at state [4.91, 1.08, -1.29]
--------------------------------------------------------------------------------------------
setting actor output action_std to min_action_std :  0.1
--------------------------------------------------------------------------------------------
2026-07-05 19:39 | WARNING  | robot_0 collided with obstacle_4 at state [4.16, 1.76, 0.2]
2026-07-05 19:39 | WARNING  | robot_0 collided with obstacle_3 at state [5.66, 4.65, 2.39]
--------------------------------------------------------------------------------------------
setting actor output action_std to min_action_std :  0.1
--------------------------------------------------------------------------------------------
2026-07-05 19:39 | WARNING  | robot_0 collided with obstacle_5 at state [8.56, 2.13, 1.91]
--------------------------------------------------------------------------------------------
setting actor output action_std to min_action_std :  0.1
--------------------------------------------------------------------------------------------
2026-07-05 19:39 | WARNING  | robot_0 collided with obstacle_5 at state [4.61, 2.12, 0.3]
2026-07-05 19:39 | WARNING  | robot_0 collided with obstacle_4 at state [2.35, 7.28, 1.1]
--------------------------------------------------------------------------------------------
setting actor output action_std to min_action_std :  0.1
--------------------------------------------------------------------------------------------
2026-07-05 19:39 | WARNING  | robot_0 collided with obstacle_7 at state [5.67, 4.91, -0.77]
2026-07-05 19:39 | WARNING  | robot_0 collided with obstacle_4 at state [3.99, 3.0, 1.76]
2026-07-05 19:39 | WARNING  | robot_0 collided with obstacle_5 at state [3.99, 3.0, 1.76]
--------------------------------------------------------------------------------------------
setting actor output action_std to min_action_std :  0.1
--------------------------------------------------------------------------------------------
2026-07-05 19:39 | WARNING  | robot_0 collided with obstacle_2 at state [5.96, 4.84, -2.73]
--------------------------------------------------------------------------------------------
setting actor output action_std to min_action_std :  0.1
--------------------------------------------------------------------------------------------
2026-07-05 19:39 | WARNING  | robot_0 collided with obstacle_4 at state [5.83, 6.77, 1.3]
--------------------------------------------------------------------------------------------
setting actor output action_std to min_action_std :  0.1
--------------------------------------------------------------------------------------------
--------------------------------------------------------------------------------------------
setting actor output action_std to min_action_std :  0.1
--------------------------------------------------------------------------------------------
2026-07-05 19:39 | WARNING  | robot_0 collided with obstacle_5 at state [7.04, 7.34, -2.23]
--------------------------------------------------------------------------------------------
setting actor output action_std to min_action_std :  0.1
--------------------------------------------------------------------------------------------
2026-07-05 19:39 | WARNING  | robot_0 collided with obstacle_7 at state [4.96, 7.42, 2.04]
--------------------------------------------------------------------------------------------
setting actor output action_std to min_action_std :  0.1
--------------------------------------------------------------------------------------------
2026-07-05 19:39 | WARNING  | robot_0 collided with obstacle_5 at state [2.73, 5.41, 3.06]
2026-07-05 19:39 | WARNING  | robot_0 collided with obstacle_5 at state [4.54, 7.41, 0.96]
--------------------------------------------------------------------------------------------
setting actor output action_std to min_action_std :  0.1
--------------------------------------------------------------------------------------------
--------------------------------------------------------------------------------------------
setting actor output action_std to min_action_std :  0.1
--------------------------------------------------------------------------------------------
2026-07-05 19:39 | WARNING  | robot_0 collided with obstacle_4 at state [5.74, 5.09, -0.65]
2026-07-05 19:39 | WARNING  | robot_0 collided with obstacle_7 at state [5.74, 5.09, -0.65]
--------------------------------------------------------------------------------------------
setting actor output action_std to min_action_std :  0.1
--------------------------------------------------------------------------------------------
2026-07-05 19:40 | WARNING  | robot_0 collided with obstacle_4 at state [4.03, 4.25, -0.86]
--------------------------------------------------------------------------------------------
setting actor output action_std to min_action_std :  0.1
--------------------------------------------------------------------------------------------
2026-07-05 19:40 | WARNING  | robot_0 collided with obstacle_5 at state [4.78, 8.11, 0.82]
--------------------------------------------------------------------------------------------
setting actor output action_std to min_action_std :  0.1
--------------------------------------------------------------------------------------------
2026-07-05 19:40 | WARNING  | robot_0 collided with obstacle_1 at state [3.44, 3.27, 2.88]
2026-07-05 19:40 | WARNING  | robot_0 collided with obstacle_5 at state [3.8, 4.96, 1.97]
--------------------------------------------------------------------------------------------
setting actor output action_std to min_action_std :  0.1
--------------------------------------------------------------------------------------------
2026-07-05 19:40 | WARNING  | robot_0 collided with obstacle_3 at state [4.26, 5.52, -2.99]
2026-07-05 19:40 | WARNING  | robot_0 collided with obstacle_6 at state [5.61, 7.95, -1.35]
--------------------------------------------------------------------------------------------
setting actor output action_std to min_action_std :  0.1
--------------------------------------------------------------------------------------------
2026-07-05 19:40 | WARNING  | robot_0 collided with obstacle_1 at state [6.51, 5.94, 2.65]
2026-07-05 19:40 | WARNING  | robot_0 collided with obstacle_3 at state [4.76, 5.45, 0.53]
--------------------------------------------------------------------------------------------
setting actor output action_std to min_action_std :  0.1
--------------------------------------------------------------------------------------------
--------------------------------------------------------------------------------------------
setting actor output action_std to min_action_std :  0.1
--------------------------------------------------------------------------------------------
2026-07-05 19:40 | WARNING  | robot_0 collided with obstacle_7 at state [6.83, 6.41, 0.46]
--------------------------------------------------------------------------------------------
setting actor output action_std to min_action_std :  0.1
--------------------------------------------------------------------------------------------
2026-07-05 19:40 | WARNING  | robot_0 collided with obstacle_3 at state [8.31, 4.62, 1.04]
2026-07-05 19:40 | WARNING  | robot_0 collided with obstacle_3 at state [3.65, 4.42, -1.62]
--------------------------------------------------------------------------------------------
setting actor output action_std to min_action_std :  0.1
--------------------------------------------------------------------------------------------
2026-07-05 19:40 | WARNING  | robot_0 collided with obstacle_6 at state [3.45, 4.8, -2.27]
--------------------------------------------------------------------------------------------
setting actor output action_std to min_action_std :  0.1
--------------------------------------------------------------------------------------------
2026-07-05 19:40 | WARNING  | robot_0 collided with obstacle_3 at state [6.11, 2.57, 2.86]
2026-07-05 19:40 | WARNING  | robot_0 collided with obstacle_7 at state [5.74, 7.77, -0.71]
--------------------------------------------------------------------------------------------
setting actor output action_std to min_action_std :  0.1
--------------------------------------------------------------------------------------------
2026-07-05 19:40 | WARNING  | robot_0 collided with obstacle_3 at state [5.53, 3.87, -2.52]
--------------------------------------------------------------------------------------------
setting actor output action_std to min_action_std :  0.1
--------------------------------------------------------------------------------------------
2026-07-05 19:40 | WARNING  | robot_0 collided with obstacle_1 at state [3.78, 5.32, -1.79]
..............................................
Epoch 21. Evaluating scenarios
2026-07-05 19:40 | WARNING  | robot_0 collided with obstacle_6 at state [4.23, 6.93, 0.75]
2026-07-05 19:40 | WARNING  | robot_0 collided with obstacle_5 at state [5.7, 5.3, 0.07]
2026-07-05 19:40 | WARNING  | robot_0 collided with obstacle_2 at state [3.92, 5.01, -2.85]
2026-07-05 19:41 | WARNING  | robot_0 collided with obstacle_7 at state [7.65, 6.84, -1.63]
2026-07-05 19:41 | WARNING  | robot_0 collided with obstacle_1 at state [6.06, 5.31, -1.59]
2026-07-05 19:41 | WARNING  | robot_0 collided with obstacle_2 at state [5.99, 7.2, -0.89]
Average Reward: -55.1795082756636
Average Collision rate: 0.6
Average Goal rate: 0.2
..............................................
2026-07-05 19:41 | WARNING  | robot_0 collided with obstacle_3 at state [6.78, 5.01, -0.53]
--------------------------------------------------------------------------------------------
setting actor output action_std to min_action_std :  0.1
--------------------------------------------------------------------------------------------
2026-07-05 19:41 | WARNING  | robot_0 collided with obstacle_7 at state [6.7, 5.39, -1.86]
2026-07-05 19:41 | WARNING  | robot_0 collided with obstacle_5 at state [7.05, 6.93, 0.14]
--------------------------------------------------------------------------------------------
setting actor output action_std to min_action_std :  0.1
--------------------------------------------------------------------------------------------
2026-07-05 19:41 | WARNING  | robot_0 collided with obstacle_1 at state [3.51, 4.06, -0.03]
--------------------------------------------------------------------------------------------
setting actor output action_std to min_action_std :  0.1
--------------------------------------------------------------------------------------------
2026-07-05 19:41 | WARNING  | robot_0 collided with obstacle_2 at state [6.51, 3.3, 0.71]
--------------------------------------------------------------------------------------------
setting actor output action_std to min_action_std :  0.1
--------------------------------------------------------------------------------------------
2026-07-05 19:41 | WARNING  | robot_0 collided with obstacle_1 at state [4.53, 6.09, 1.96]
--------------------------------------------------------------------------------------------
setting actor output action_std to min_action_std :  0.1
--------------------------------------------------------------------------------------------
--------------------------------------------------------------------------------------------
setting actor output action_std to min_action_std :  0.1
--------------------------------------------------------------------------------------------
--------------------------------------------------------------------------------------------
setting actor output action_std to min_action_std :  0.1
--------------------------------------------------------------------------------------------
2026-07-05 19:41 | WARNING  | robot_0 collided with obstacle_7 at state [3.09, 7.49, 0.84]
--------------------------------------------------------------------------------------------
setting actor output action_std to min_action_std :  0.1
--------------------------------------------------------------------------------------------
2026-07-05 19:41 | WARNING  | robot_0 collided with obstacle_3 at state [6.28, 5.53, 2.64]
2026-07-05 19:41 | WARNING  | robot_0 collided with obstacle_5 at state [3.66, 5.72, 1.83]
--------------------------------------------------------------------------------------------
setting actor output action_std to min_action_std :  0.1
--------------------------------------------------------------------------------------------
--------------------------------------------------------------------------------------------
setting actor output action_std to min_action_std :  0.1
--------------------------------------------------------------------------------------------
2026-07-05 19:42 | WARNING  | robot_0 collided with obstacle_6 at state [4.12, 5.7, 2.26]
--------------------------------------------------------------------------------------------
setting actor output action_std to min_action_std :  0.1
--------------------------------------------------------------------------------------------
2026-07-05 19:42 | WARNING  | robot_0 collided with obstacle_2 at state [1.99, 8.34, 0.22]
2026-07-05 19:42 | WARNING  | robot_0 collided with obstacle_6 at state [5.1, 5.76, -2.22]
--------------------------------------------------------------------------------------------
setting actor output action_std to min_action_std :  0.1
--------------------------------------------------------------------------------------------
2026-07-05 19:42 | WARNING  | robot_0 collided with obstacle_3 at state [7.53, 6.24, -2.76]
2026-07-05 19:42 | WARNING  | robot_0 collided with obstacle_6 at state [7.53, 6.24, -2.76]
2026-07-05 19:42 | WARNING  | robot_0 collided with obstacle_7 at state [4.52, 7.31, -1.82]
--------------------------------------------------------------------------------------------
setting actor output action_std to min_action_std :  0.1
--------------------------------------------------------------------------------------------
2026-07-05 19:42 | WARNING  | robot_0 collided with obstacle_5 at state [6.4, 3.7, -2.77]
2026-07-05 19:42 | WARNING  | robot_0 collided with obstacle_5 at state [3.57, 4.42, -1.11]
--------------------------------------------------------------------------------------------
setting actor output action_std to min_action_std :  0.1
--------------------------------------------------------------------------------------------
2026-07-05 19:42 | WARNING  | robot_0 collided with obstacle_1 at state [4.43, 6.75, -2.75]
--------------------------------------------------------------------------------------------
setting actor output action_std to min_action_std :  0.1
--------------------------------------------------------------------------------------------
2026-07-05 19:42 | WARNING  | robot_0 collided with obstacle_4 at state [3.54, 6.45, 1.91]
--------------------------------------------------------------------------------------------
setting actor output action_std to min_action_std :  0.1
--------------------------------------------------------------------------------------------
2026-07-05 19:42 | WARNING  | robot_0 collided with obstacle_5 at state [3.64, 5.63, 2.13]
2026-07-05 19:42 | WARNING  | robot_0 collided with obstacle_8 at state [9.85, 3.88, -0.57]
--------------------------------------------------------------------------------------------
setting actor output action_std to min_action_std :  0.1
--------------------------------------------------------------------------------------------
2026-07-05 19:42 | WARNING  | robot_0 collided with obstacle_1 at state [5.02, 8.24, -0.07]
2026-07-05 19:42 | WARNING  | robot_0 collided with obstacle_8 at state [9.87, 3.96, -0.42]
--------------------------------------------------------------------------------------------
setting actor output action_std to min_action_std :  0.1
--------------------------------------------------------------------------------------------
2026-07-05 19:42 | WARNING  | robot_0 collided with obstacle_8 at state [9.87, 5.27, -0.53]
2026-07-05 19:42 | WARNING  | robot_0 collided with obstacle_4 at state [5.18, 2.58, 1.14]
--------------------------------------------------------------------------------------------
setting actor output action_std to min_action_std :  0.1
--------------------------------------------------------------------------------------------
2026-07-05 19:42 | WARNING  | robot_0 collided with obstacle_3 at state [3.35, 3.07, 2.49]
2026-07-05 19:42 | WARNING  | robot_0 collided with obstacle_6 at state [4.58, 8.26, -0.21]
--------------------------------------------------------------------------------------------
setting actor output action_std to min_action_std :  0.1
--------------------------------------------------------------------------------------------
2026-07-05 19:42 | WARNING  | robot_0 collided with obstacle_3 at state [4.12, 6.92, 0.79]
2026-07-05 19:42 | WARNING  | robot_0 collided with obstacle_4 at state [2.54, 4.17, -2.06]
--------------------------------------------------------------------------------------------
setting actor output action_std to min_action_std :  0.1
--------------------------------------------------------------------------------------------
2026-07-05 19:42 | WARNING  | robot_0 collided with obstacle_6 at state [5.44, 4.7, -1.2]
--------------------------------------------------------------------------------------------
setting actor output action_std to min_action_std :  0.1
--------------------------------------------------------------------------------------------
2026-07-05 19:42 | WARNING  | robot_0 collided with obstacle_6 at state [6.74, 4.04, 1.7]
--------------------------------------------------------------------------------------------
setting actor output action_std to min_action_std :  0.1
--------------------------------------------------------------------------------------------
2026-07-05 19:42 | WARNING  | robot_0 collided with obstacle_5 at state [2.2, 5.89, 2.46]
2026-07-05 19:42 | WARNING  | robot_0 collided with obstacle_2 at state [2.48, 6.08, 1.41]
--------------------------------------------------------------------------------------------
setting actor output action_std to min_action_std :  0.1
--------------------------------------------------------------------------------------------
2026-07-05 19:42 | WARNING  | robot_0 collided with obstacle_6 at state [6.07, 7.45, -2.97]
--------------------------------------------------------------------------------------------
setting actor output action_std to min_action_std :  0.1
--------------------------------------------------------------------------------------------
--------------------------------------------------------------------------------------------
setting actor output action_std to min_action_std :  0.1
--------------------------------------------------------------------------------------------
2026-07-05 19:43 | WARNING  | robot_0 collided with obstacle_5 at state [8.34, 4.85, 2.0]
--------------------------------------------------------------------------------------------
setting actor output action_std to min_action_std :  0.1
--------------------------------------------------------------------------------------------
2026-07-05 19:43 | WARNING  | robot_0 collided with obstacle_6 at state [5.6, 5.9, -1.76]
2026-07-05 19:43 | WARNING  | robot_0 collided with obstacle_4 at state [1.73, 2.8, -0.72]
--------------------------------------------------------------------------------------------
setting actor output action_std to min_action_std :  0.1
--------------------------------------------------------------------------------------------
2026-07-05 19:43 | WARNING  | robot_0 collided with obstacle_1 at state [6.22, 3.71, 2.73]
--------------------------------------------------------------------------------------------
setting actor output action_std to min_action_std :  0.1
--------------------------------------------------------------------------------------------
2026-07-05 19:43 | WARNING  | robot_0 collided with obstacle_5 at state [6.21, 7.43, 0.56]
2026-07-05 19:43 | WARNING  | robot_0 collided with obstacle_7 at state [7.22, 5.35, -2.87]
--------------------------------------------------------------------------------------------
setting actor output action_std to min_action_std :  0.1
--------------------------------------------------------------------------------------------
2026-07-05 19:43 | WARNING  | robot_0 collided with obstacle_1 at state [3.9, 3.9, 2.67]
2026-07-05 19:43 | WARNING  | robot_0 collided with obstacle_5 at state [6.18, 3.1, -2.76]
--------------------------------------------------------------------------------------------
setting actor output action_std to min_action_std :  0.1
--------------------------------------------------------------------------------------------
2026-07-05 19:43 | WARNING  | robot_0 collided with obstacle_5 at state [2.08, 4.08, 0.97]
2026-07-05 19:43 | WARNING  | robot_0 collided with obstacle_5 at state [3.98, 2.5, 1.41]
--------------------------------------------------------------------------------------------
setting actor output action_std to min_action_std :  0.1
--------------------------------------------------------------------------------------------
2026-07-05 19:43 | WARNING  | robot_0 collided with obstacle_8 at state [3.79, 0.16, -2.85]
2026-07-05 19:43 | WARNING  | robot_0 collided with obstacle_5 at state [2.74, 3.89, 1.71]
--------------------------------------------------------------------------------------------
setting actor output action_std to min_action_std :  0.1
--------------------------------------------------------------------------------------------
2026-07-05 19:43 | WARNING  | robot_0 collided with obstacle_6 at state [7.52, 4.7, 1.79]
--------------------------------------------------------------------------------------------
setting actor output action_std to min_action_std :  0.1
--------------------------------------------------------------------------------------------
2026-07-05 19:43 | WARNING  | robot_0 collided with obstacle_7 at state [6.64, 4.83, 1.99]
..............................................
Epoch 22. Evaluating scenarios
2026-07-05 19:43 | WARNING  | robot_0 collided with obstacle_2 at state [5.86, 2.43, 2.71]
2026-07-05 19:43 | WARNING  | robot_0 collided with obstacle_7 at state [3.88, 7.09, 0.04]
2026-07-05 19:43 | WARNING  | robot_0 collided with obstacle_7 at state [2.64, 5.54, -1.53]
2026-07-05 19:43 | WARNING  | robot_0 collided with obstacle_6 at state [5.12, 5.37, -0.64]
2026-07-05 19:43 | WARNING  | robot_0 collided with obstacle_1 at state [4.18, 3.35, -2.16]
2026-07-05 19:43 | WARNING  | robot_0 collided with obstacle_5 at state [4.2, 7.98, -3.0]
2026-07-05 19:44 | WARNING  | robot_0 collided with obstacle_8 at state [6.87, 0.19, -2.77]
Average Reward: -67.86168061723761
Average Collision rate: 0.7
Average Goal rate: 0.0
..............................................
2026-07-05 19:44 | WARNING  | robot_0 collided with obstacle_6 at state [3.57, 2.24, 1.38]
--------------------------------------------------------------------------------------------
setting actor output action_std to min_action_std :  0.1
--------------------------------------------------------------------------------------------
2026-07-05 19:44 | WARNING  | robot_0 collided with obstacle_6 at state [5.13, 2.82, 1.78]
--------------------------------------------------------------------------------------------
setting actor output action_std to min_action_std :  0.1
--------------------------------------------------------------------------------------------
--------------------------------------------------------------------------------------------
setting actor output action_std to min_action_std :  0.1
--------------------------------------------------------------------------------------------
--------------------------------------------------------------------------------------------
setting actor output action_std to min_action_std :  0.1
--------------------------------------------------------------------------------------------
2026-07-05 19:44 | WARNING  | robot_0 collided with obstacle_5 at state [6.38, 8.25, 0.3]
--------------------------------------------------------------------------------------------
setting actor output action_std to min_action_std :  0.1
--------------------------------------------------------------------------------------------
2026-07-05 19:44 | WARNING  | robot_0 collided with obstacle_8 at state [9.8, 6.39, -1.44]
2026-07-05 19:44 | WARNING  | robot_0 collided with obstacle_5 at state [4.63, 1.95, 0.32]
--------------------------------------------------------------------------------------------
setting actor output action_std to min_action_std :  0.1
--------------------------------------------------------------------------------------------
2026-07-05 19:44 | WARNING  | robot_0 collided with obstacle_5 at state [5.78, 3.22, -0.43]
2026-07-05 19:44 | WARNING  | robot_0 collided with obstacle_7 at state [5.06, 3.18, 0.17]
--------------------------------------------------------------------------------------------
setting actor output action_std to min_action_std :  0.1
--------------------------------------------------------------------------------------------
2026-07-05 19:44 | WARNING  | robot_0 collided with obstacle_5 at state [6.29, 4.14, -1.45]
--------------------------------------------------------------------------------------------
setting actor output action_std to min_action_std :  0.1
--------------------------------------------------------------------------------------------
2026-07-05 19:44 | WARNING  | robot_0 collided with obstacle_5 at state [2.91, 5.24, -2.86]
--------------------------------------------------------------------------------------------
setting actor output action_std to min_action_std :  0.1
--------------------------------------------------------------------------------------------
2026-07-05 19:44 | WARNING  | robot_0 collided with obstacle_5 at state [4.99, 6.7, -0.27]
2026-07-05 19:44 | WARNING  | robot_0 collided with obstacle_7 at state [8.21, 3.14, 1.82]
--------------------------------------------------------------------------------------------
setting actor output action_std to min_action_std :  0.1
--------------------------------------------------------------------------------------------
2026-07-05 19:44 | WARNING  | robot_0 collided with obstacle_5 at state [5.34, 1.21, -2.63]
--------------------------------------------------------------------------------------------
setting actor output action_std to min_action_std :  0.1
--------------------------------------------------------------------------------------------
2026-07-05 19:44 | WARNING  | robot_0 collided with obstacle_7 at state [2.11, 5.4, -1.21]
2026-07-05 19:44 | WARNING  | robot_0 collided with obstacle_7 at state [2.53, 4.87, 0.21]
--------------------------------------------------------------------------------------------
setting actor output action_std to min_action_std :  0.1
--------------------------------------------------------------------------------------------
2026-07-05 19:44 | WARNING  | robot_0 collided with obstacle_3 at state [5.97, 9.14, -3.01]
2026-07-05 19:44 | WARNING  | robot_0 collided with obstacle_4 at state [3.78, 7.18, -0.05]
--------------------------------------------------------------------------------------------
setting actor output action_std to min_action_std :  0.1
--------------------------------------------------------------------------------------------
2026-07-05 19:44 | WARNING  | robot_0 collided with obstacle_7 at state [7.04, 3.91, -0.23]
--------------------------------------------------------------------------------------------
setting actor output action_std to min_action_std :  0.1
--------------------------------------------------------------------------------------------
--------------------------------------------------------------------------------------------
setting actor output action_std to min_action_std :  0.1
--------------------------------------------------------------------------------------------
2026-07-05 19:45 | WARNING  | robot_0 collided with obstacle_2 at state [3.44, 5.13, 2.33]
2026-07-05 19:45 | WARNING  | robot_0 collided with obstacle_1 at state [3.25, 6.22, 1.06]
--------------------------------------------------------------------------------------------
setting actor output action_std to min_action_std :  0.1
--------------------------------------------------------------------------------------------
--------------------------------------------------------------------------------------------
setting actor output action_std to min_action_std :  0.1
--------------------------------------------------------------------------------------------
2026-07-05 19:45 | WARNING  | robot_0 collided with obstacle_2 at state [4.12, 7.05, -0.49]
--------------------------------------------------------------------------------------------
setting actor output action_std to min_action_std :  0.1
--------------------------------------------------------------------------------------------
2026-07-05 19:45 | WARNING  | robot_0 collided with obstacle_3 at state [4.8, 2.46, 0.26]
--------------------------------------------------------------------------------------------
setting actor output action_std to min_action_std :  0.1
--------------------------------------------------------------------------------------------
2026-07-05 19:45 | WARNING  | robot_0 collided with obstacle_2 at state [5.16, 3.92, -2.0]
--------------------------------------------------------------------------------------------
setting actor output action_std to min_action_std :  0.1
--------------------------------------------------------------------------------------------
2026-07-05 19:45 | WARNING  | robot_0 collided with obstacle_7 at state [5.43, 3.31, 2.44]
--------------------------------------------------------------------------------------------
setting actor output action_std to min_action_std :  0.1
--------------------------------------------------------------------------------------------
2026-07-05 19:45 | WARNING  | robot_0 collided with obstacle_4 at state [5.68, 6.33, 0.14]
--------------------------------------------------------------------------------------------
setting actor output action_std to min_action_std :  0.1
--------------------------------------------------------------------------------------------
2026-07-05 19:45 | WARNING  | robot_0 collided with obstacle_4 at state [4.98, 4.12, -2.15]
--------------------------------------------------------------------------------------------
setting actor output action_std to min_action_std :  0.1
--------------------------------------------------------------------------------------------
2026-07-05 19:45 | WARNING  | robot_0 collided with obstacle_5 at state [4.59, 3.04, -0.1]
--------------------------------------------------------------------------------------------
setting actor output action_std to min_action_std :  0.1
--------------------------------------------------------------------------------------------
2026-07-05 19:46 | WARNING  | robot_0 collided with obstacle_2 at state [5.68, 2.98, 2.31]
--------------------------------------------------------------------------------------------
setting actor output action_std to min_action_std :  0.1
--------------------------------------------------------------------------------------------
2026-07-05 19:46 | WARNING  | robot_0 collided with obstacle_7 at state [5.14, 1.53, 2.85]
2026-07-05 19:46 | WARNING  | robot_0 collided with obstacle_5 at state [5.38, 3.94, 1.02]
--------------------------------------------------------------------------------------------
setting actor output action_std to min_action_std :  0.1
--------------------------------------------------------------------------------------------
2026-07-05 19:46 | WARNING  | robot_0 collided with obstacle_7 at state [4.77, 2.02, 3.02]
--------------------------------------------------------------------------------------------
setting actor output action_std to min_action_std :  0.1
--------------------------------------------------------------------------------------------
2026-07-05 19:46 | WARNING  | robot_0 collided with obstacle_2 at state [6.47, 6.63, 3.05]
2026-07-05 19:46 | WARNING  | robot_0 collided with obstacle_6 at state [7.16, 4.44, 0.87]
--------------------------------------------------------------------------------------------
setting actor output action_std to min_action_std :  0.1
--------------------------------------------------------------------------------------------
2026-07-05 19:46 | WARNING  | robot_0 collided with obstacle_7 at state [3.14, 6.36, 2.47]
2026-07-05 19:46 | WARNING  | robot_0 collided with obstacle_7 at state [3.21, 7.44, 2.95]
--------------------------------------------------------------------------------------------
setting actor output action_std to min_action_std :  0.1
--------------------------------------------------------------------------------------------
2026-07-05 19:46 | WARNING  | robot_0 collided with obstacle_7 at state [4.31, 8.4, 0.58]
2026-07-05 19:46 | WARNING  | robot_0 collided with obstacle_5 at state [3.43, 6.01, 0.91]
--------------------------------------------------------------------------------------------
setting actor output action_std to min_action_std :  0.1
--------------------------------------------------------------------------------------------
2026-07-05 19:46 | WARNING  | robot_0 collided with obstacle_4 at state [7.05, 3.44, 1.61]
2026-07-05 19:46 | WARNING  | robot_0 collided with obstacle_7 at state [2.97, 6.72, 2.23]
--------------------------------------------------------------------------------------------
setting actor output action_std to min_action_std :  0.1
--------------------------------------------------------------------------------------------
2026-07-05 19:46 | WARNING  | robot_0 collided with obstacle_7 at state [6.77, 3.84, -0.76]
2026-07-05 19:46 | WARNING  | robot_0 collided with obstacle_6 at state [5.52, 5.48, 2.54]
--------------------------------------------------------------------------------------------
setting actor output action_std to min_action_std :  0.1
--------------------------------------------------------------------------------------------
2026-07-05 19:46 | WARNING  | robot_0 collided with obstacle_7 at state [4.25, 3.55, 2.06]
2026-07-05 19:46 | WARNING  | robot_0 collided with obstacle_7 at state [6.56, 5.18, 0.5]
--------------------------------------------------------------------------------------------
setting actor output action_std to min_action_std :  0.1
--------------------------------------------------------------------------------------------
2026-07-05 19:46 | WARNING  | robot_0 collided with obstacle_4 at state [1.56, 3.97, 0.95]
2026-07-05 19:46 | WARNING  | robot_0 collided with obstacle_2 at state [7.7, 3.05, -1.94]
--------------------------------------------------------------------------------------------
setting actor output action_std to min_action_std :  0.1
--------------------------------------------------------------------------------------------
2026-07-05 19:46 | WARNING  | robot_0 collided with obstacle_4 at state [1.89, 6.71, -1.11]
..............................................
Epoch 23. Evaluating scenarios
2026-07-05 19:46 | WARNING  | robot_0 collided with obstacle_1 at state [4.65, 6.03, 0.76]
2026-07-05 19:46 | WARNING  | robot_0 collided with obstacle_6 at state [2.04, 6.5, 0.83]
2026-07-05 19:46 | WARNING  | robot_0 collided with obstacle_7 at state [6.14, 4.88, 0.71]
2026-07-05 19:46 | WARNING  | robot_0 collided with obstacle_7 at state [3.23, 3.71, -1.71]
2026-07-05 19:46 | WARNING  | robot_0 collided with obstacle_6 at state [5.27, 2.58, -0.32]
2026-07-05 19:46 | WARNING  | robot_0 collided with obstacle_7 at state [2.74, 4.13, 2.93]
2026-07-05 19:46 | WARNING  | robot_0 collided with obstacle_1 at state [5.57, 6.18, 1.32]
Average Reward: -52.61512564366937
Average Collision rate: 0.7
Average Goal rate: 0.2
..............................................
2026-07-05 19:46 | WARNING  | robot_0 collided with obstacle_2 at state [3.5, 4.44, -0.89]
--------------------------------------------------------------------------------------------
setting actor output action_std to min_action_std :  0.1
--------------------------------------------------------------------------------------------
2026-07-05 19:47 | WARNING  | robot_0 collided with obstacle_1 at state [5.36, 6.49, -1.72]
--------------------------------------------------------------------------------------------
setting actor output action_std to min_action_std :  0.1
--------------------------------------------------------------------------------------------
2026-07-05 19:47 | WARNING  | robot_0 collided with obstacle_6 at state [5.18, 2.18, 2.52]
--------------------------------------------------------------------------------------------
setting actor output action_std to min_action_std :  0.1
--------------------------------------------------------------------------------------------
2026-07-05 19:47 | WARNING  | robot_0 collided with obstacle_1 at state [4.36, 5.47, -0.27]
2026-07-05 19:47 | WARNING  | robot_0 collided with obstacle_7 at state [4.94, 2.16, -3.04]
--------------------------------------------------------------------------------------------
setting actor output action_std to min_action_std :  0.1
--------------------------------------------------------------------------------------------
2026-07-05 19:47 | WARNING  | robot_0 collided with obstacle_5 at state [3.36, 5.75, -1.62]
2026-07-05 19:47 | WARNING  | robot_0 collided with obstacle_3 at state [6.26, 5.98, -0.24]
--------------------------------------------------------------------------------------------
setting actor output action_std to min_action_std :  0.1
--------------------------------------------------------------------------------------------
2026-07-05 19:47 | WARNING  | robot_0 collided with obstacle_3 at state [8.73, 2.34, 0.78]
--------------------------------------------------------------------------------------------
setting actor output action_std to min_action_std :  0.1
--------------------------------------------------------------------------------------------
2026-07-05 19:47 | WARNING  | robot_0 collided with obstacle_5 at state [7.8, 6.45, -1.16]
--------------------------------------------------------------------------------------------
setting actor output action_std to min_action_std :  0.1
--------------------------------------------------------------------------------------------
2026-07-05 19:47 | WARNING  | robot_0 collided with obstacle_5 at state [5.65, 4.0, -2.31]
--------------------------------------------------------------------------------------------
setting actor output action_std to min_action_std :  0.1
--------------------------------------------------------------------------------------------
2026-07-05 19:47 | WARNING  | robot_0 collided with obstacle_6 at state [6.66, 2.69, -0.33]
2026-07-05 19:47 | WARNING  | robot_0 collided with obstacle_3 at state [2.5, 1.88, 0.46]
--------------------------------------------------------------------------------------------
setting actor output action_std to min_action_std :  0.1
--------------------------------------------------------------------------------------------
2026-07-05 19:47 | WARNING  | robot_0 collided with obstacle_6 at state [6.5, 2.22, -2.49]
2026-07-05 19:47 | WARNING  | robot_0 collided with obstacle_1 at state [7.03, 7.94, 0.68]
--------------------------------------------------------------------------------------------
setting actor output action_std to min_action_std :  0.1
--------------------------------------------------------------------------------------------
2026-07-05 19:47 | WARNING  | robot_0 collided with obstacle_7 at state [3.55, 7.54, 0.26]
2026-07-05 19:47 | WARNING  | robot_0 collided with obstacle_4 at state [3.54, 4.84, -0.58]
--------------------------------------------------------------------------------------------
setting actor output action_std to min_action_std :  0.1
--------------------------------------------------------------------------------------------
2026-07-05 19:47 | WARNING  | robot_0 collided with obstacle_1 at state [6.13, 6.71, -2.25]
--------------------------------------------------------------------------------------------
setting actor output action_std to min_action_std :  0.1
--------------------------------------------------------------------------------------------
2026-07-05 19:47 | WARNING  | robot_0 collided with obstacle_2 at state [7.9, 2.81, 1.46]
--------------------------------------------------------------------------------------------
setting actor output action_std to min_action_std :  0.1
--------------------------------------------------------------------------------------------
2026-07-05 19:47 | WARNING  | robot_0 collided with obstacle_6 at state [6.08, 7.38, 2.39]
2026-07-05 19:47 | WARNING  | robot_0 collided with obstacle_2 at state [3.72, 7.43, -0.37]
--------------------------------------------------------------------------------------------
setting actor output action_std to min_action_std :  0.1
--------------------------------------------------------------------------------------------
2026-07-05 19:47 | WARNING  | robot_0 collided with obstacle_8 at state [9.81, 5.05, -1.26]
--------------------------------------------------------------------------------------------
setting actor output action_std to min_action_std :  0.1
--------------------------------------------------------------------------------------------
2026-07-05 19:47 | WARNING  | robot_0 collided with obstacle_5 at state [7.7, 8.15, -1.23]
--------------------------------------------------------------------------------------------
setting actor output action_std to min_action_std :  0.1
--------------------------------------------------------------------------------------------
--------------------------------------------------------------------------------------------
setting actor output action_std to min_action_std :  0.1
--------------------------------------------------------------------------------------------
2026-07-05 19:48 | WARNING  | robot_0 collided with obstacle_7 at state [4.76, 5.24, -2.35]
2026-07-05 19:48 | WARNING  | robot_0 collided with obstacle_7 at state [4.85, 8.14, -2.44]
--------------------------------------------------------------------------------------------
setting actor output action_std to min_action_std :  0.1
--------------------------------------------------------------------------------------------
2026-07-05 19:48 | WARNING  | robot_0 collided with obstacle_7 at state [0.67, 4.22, 1.05]
--------------------------------------------------------------------------------------------
setting actor output action_std to min_action_std :  0.1
--------------------------------------------------------------------------------------------
2026-07-05 19:48 | WARNING  | robot_0 collided with obstacle_2 at state [4.63, 6.43, -0.52]
2026-07-05 19:48 | WARNING  | robot_0 collided with obstacle_3 at state [4.74, 4.48, 1.87]
--------------------------------------------------------------------------------------------
setting actor output action_std to min_action_std :  0.1
--------------------------------------------------------------------------------------------
2026-07-05 19:48 | WARNING  | robot_0 collided with obstacle_8 at state [3.64, 9.82, 0.56]
2026-07-05 19:48 | WARNING  | robot_0 collided with obstacle_7 at state [3.24, 7.48, -1.4]
--------------------------------------------------------------------------------------------
setting actor output action_std to min_action_std :  0.1
--------------------------------------------------------------------------------------------
2026-07-05 19:48 | WARNING  | robot_0 collided with obstacle_6 at state [2.93, 6.87, -0.3]
--------------------------------------------------------------------------------------------
setting actor output action_std to min_action_std :  0.1
--------------------------------------------------------------------------------------------
--------------------------------------------------------------------------------------------
setting actor output action_std to min_action_std :  0.1
--------------------------------------------------------------------------------------------
2026-07-05 19:48 | WARNING  | robot_0 collided with obstacle_7 at state [4.94, 7.23, 0.62]
--------------------------------------------------------------------------------------------
setting actor output action_std to min_action_std :  0.1
--------------------------------------------------------------------------------------------
2026-07-05 19:48 | WARNING  | robot_0 collided with obstacle_7 at state [5.32, 5.23, 1.37]
--------------------------------------------------------------------------------------------
setting actor output action_std to min_action_std :  0.1
--------------------------------------------------------------------------------------------
--------------------------------------------------------------------------------------------
setting actor output action_std to min_action_std :  0.1
--------------------------------------------------------------------------------------------
2026-07-05 19:48 | WARNING  | robot_0 collided with obstacle_6 at state [4.45, 4.92, -0.68]
--------------------------------------------------------------------------------------------
setting actor output action_std to min_action_std :  0.1
--------------------------------------------------------------------------------------------
2026-07-05 19:48 | WARNING  | robot_0 collided with obstacle_3 at state [5.61, 7.91, -2.05]
--------------------------------------------------------------------------------------------
setting actor output action_std to min_action_std :  0.1
--------------------------------------------------------------------------------------------
2026-07-05 19:49 | WARNING  | robot_0 collided with obstacle_1 at state [3.81, 7.07, 2.88]
--------------------------------------------------------------------------------------------
setting actor output action_std to min_action_std :  0.1
--------------------------------------------------------------------------------------------
2026-07-05 19:49 | WARNING  | robot_0 collided with obstacle_4 at state [3.42, 5.37, -1.87]
2026-07-05 19:49 | WARNING  | robot_0 collided with obstacle_5 at state [6.52, 1.88, 2.71]
--------------------------------------------------------------------------------------------
setting actor output action_std to min_action_std :  0.1
--------------------------------------------------------------------------------------------
2026-07-05 19:49 | WARNING  | robot_0 collided with obstacle_7 at state [3.73, 6.52, -2.55]
--------------------------------------------------------------------------------------------
setting actor output action_std to min_action_std :  0.1
--------------------------------------------------------------------------------------------
2026-07-05 19:49 | WARNING  | robot_0 collided with obstacle_3 at state [3.64, 4.84, -0.13]
--------------------------------------------------------------------------------------------
setting actor output action_std to min_action_std :  0.1
--------------------------------------------------------------------------------------------
2026-07-05 19:49 | WARNING  | robot_0 collided with obstacle_4 at state [3.53, 6.53, 1.06]
2026-07-05 19:49 | WARNING  | robot_0 collided with obstacle_3 at state [6.76, 2.79, 1.79]
--------------------------------------------------------------------------------------------
setting actor output action_std to min_action_std :  0.1
--------------------------------------------------------------------------------------------
2026-07-05 19:49 | WARNING  | robot_0 collided with obstacle_4 at state [5.49, 4.16, -0.36]
2026-07-05 19:49 | WARNING  | robot_0 collided with obstacle_7 at state [6.75, 3.7, 1.7]
--------------------------------------------------------------------------------------------
setting actor output action_std to min_action_std :  0.1
--------------------------------------------------------------------------------------------
..............................................
Epoch 24. Evaluating scenarios
2026-07-05 19:49 | WARNING  | robot_0 collided with obstacle_2 at state [4.77, 2.3, -3.1]
2026-07-05 19:49 | WARNING  | robot_0 collided with obstacle_6 at state [6.46, 5.38, -1.15]
2026-07-05 19:49 | WARNING  | robot_0 collided with obstacle_5 at state [4.19, 2.39, -2.57]
2026-07-05 19:49 | WARNING  | robot_0 collided with obstacle_6 at state [3.68, 5.52, -0.22]
2026-07-05 19:49 | WARNING  | robot_0 collided with obstacle_6 at state [6.55, 7.76, -2.83]
2026-07-05 19:49 | WARNING  | robot_0 collided with obstacle_5 at state [5.79, 8.32, -0.3]
2026-07-05 19:49 | WARNING  | robot_0 collided with obstacle_4 at state [7.96, 4.88, 2.11]
2026-07-05 19:49 | WARNING  | robot_0 collided with obstacle_5 at state [4.68, 3.97, -0.94]
Average Reward: -55.0875156932914
Average Collision rate: 0.8
Average Goal rate: 0.1
..............................................
2026-07-05 19:49 | WARNING  | robot_0 collided with obstacle_8 at state [9.89, 4.57, -1.1]
--------------------------------------------------------------------------------------------
setting actor output action_std to min_action_std :  0.1
--------------------------------------------------------------------------------------------
2026-07-05 19:49 | WARNING  | robot_0 collided with obstacle_5 at state [7.36, 6.59, -2.77]
--------------------------------------------------------------------------------------------
setting actor output action_std to min_action_std :  0.1
--------------------------------------------------------------------------------------------
2026-07-05 19:49 | WARNING  | robot_0 collided with obstacle_4 at state [6.3, 7.61, -1.88]
--------------------------------------------------------------------------------------------
setting actor output action_std to min_action_std :  0.1
--------------------------------------------------------------------------------------------
2026-07-05 19:49 | WARNING  | robot_0 collided with obstacle_8 at state [9.81, 6.19, -1.12]
2026-07-05 19:49 | WARNING  | robot_0 collided with obstacle_2 at state [5.55, 4.69, -0.77]
--------------------------------------------------------------------------------------------
setting actor output action_std to min_action_std :  0.1
--------------------------------------------------------------------------------------------
2026-07-05 19:49 | WARNING  | robot_0 collided with obstacle_3 at state [5.17, 5.12, 2.21]
2026-07-05 19:49 | WARNING  | robot_0 collided with obstacle_4 at state [3.29, 6.15, -0.01]
--------------------------------------------------------------------------------------------
setting actor output action_std to min_action_std :  0.1
--------------------------------------------------------------------------------------------
2026-07-05 19:50 | WARNING  | robot_0 collided with obstacle_2 at state [6.08, 3.92, 1.23]
--------------------------------------------------------------------------------------------
setting actor output action_std to min_action_std :  0.1
--------------------------------------------------------------------------------------------
2026-07-05 19:50 | WARNING  | robot_0 collided with obstacle_1 at state [4.97, 5.39, -0.48]
2026-07-05 19:50 | WARNING  | robot_0 collided with obstacle_2 at state [6.18, 3.46, 1.81]
--------------------------------------------------------------------------------------------
setting actor output action_std to min_action_std :  0.1
--------------------------------------------------------------------------------------------
2026-07-05 19:50 | WARNING  | robot_0 collided with obstacle_7 at state [5.31, 7.23, 0.01]
2026-07-05 19:50 | WARNING  | robot_0 collided with obstacle_7 at state [5.34, 3.59, 2.06]
--------------------------------------------------------------------------------------------
setting actor output action_std to min_action_std :  0.1
--------------------------------------------------------------------------------------------
2026-07-05 19:50 | WARNING  | robot_0 collided with obstacle_4 at state [4.27, 8.5, 2.88]
--------------------------------------------------------------------------------------------
setting actor output action_std to min_action_std :  0.1
--------------------------------------------------------------------------------------------
2026-07-05 19:50 | WARNING  | robot_0 collided with obstacle_6 at state [6.67, 3.23, 2.28]
2026-07-05 19:50 | WARNING  | robot_0 collided with obstacle_1 at state [3.1, 5.9, -1.1]
--------------------------------------------------------------------------------------------
setting actor output action_std to min_action_std :  0.1
--------------------------------------------------------------------------------------------
2026-07-05 19:50 | WARNING  | robot_0 collided with obstacle_1 at state [3.27, 5.26, 2.14]
--------------------------------------------------------------------------------------------
setting actor output action_std to min_action_std :  0.1
--------------------------------------------------------------------------------------------
2026-07-05 19:50 | WARNING  | robot_0 collided with obstacle_4 at state [3.27, 5.04, -1.09]
2026-07-05 19:50 | WARNING  | robot_0 collided with obstacle_1 at state [6.64, 4.85, 2.56]
--------------------------------------------------------------------------------------------
setting actor output action_std to min_action_std :  0.1
--------------------------------------------------------------------------------------------
2026-07-05 19:50 | WARNING  | robot_0 collided with obstacle_2 at state [5.43, 1.79, 1.07]
2026-07-05 19:50 | WARNING  | robot_0 collided with obstacle_1 at state [7.0, 5.07, -2.24]
--------------------------------------------------------------------------------------------
setting actor output action_std to min_action_std :  0.1
--------------------------------------------------------------------------------------------
--------------------------------------------------------------------------------------------
setting actor output action_std to min_action_std :  0.1
--------------------------------------------------------------------------------------------
2026-07-05 19:50 | WARNING  | robot_0 collided with obstacle_5 at state [3.17, 6.54, 2.39]
2026-07-05 19:50 | WARNING  | robot_0 collided with obstacle_5 at state [3.69, 7.34, 1.46]
--------------------------------------------------------------------------------------------
setting actor output action_std to min_action_std :  0.1
--------------------------------------------------------------------------------------------
2026-07-05 19:50 | WARNING  | robot_0 collided with obstacle_5 at state [3.11, 6.56, -0.8]
--------------------------------------------------------------------------------------------
setting actor output action_std to min_action_std :  0.1
--------------------------------------------------------------------------------------------
2026-07-05 19:50 | WARNING  | robot_0 collided with obstacle_6 at state [7.34, 2.2, -2.04]
2026-07-05 19:50 | WARNING  | robot_0 collided with obstacle_7 at state [5.45, 6.95, -1.78]
--------------------------------------------------------------------------------------------
setting actor output action_std to min_action_std :  0.1
--------------------------------------------------------------------------------------------
2026-07-05 19:50 | WARNING  | robot_0 collided with obstacle_6 at state [4.05, 5.9, -1.54]
2026-07-05 19:50 | WARNING  | robot_0 collided with obstacle_7 at state [6.34, 6.68, -0.92]
--------------------------------------------------------------------------------------------
setting actor output action_std to min_action_std :  0.1
--------------------------------------------------------------------------------------------
2026-07-05 19:50 | WARNING  | robot_0 collided with obstacle_3 at state [3.97, 4.04, -0.44]
2026-07-05 19:51 | WARNING  | robot_0 collided with obstacle_1 at state [3.42, 5.63, -1.28]
--------------------------------------------------------------------------------------------
setting actor output action_std to min_action_std :  0.1
--------------------------------------------------------------------------------------------
2026-07-05 19:51 | WARNING  | robot_0 collided with obstacle_6 at state [4.18, 6.97, -0.19]
--------------------------------------------------------------------------------------------
setting actor output action_std to min_action_std :  0.1
--------------------------------------------------------------------------------------------
2026-07-05 19:51 | WARNING  | robot_0 collided with obstacle_3 at state [5.35, 2.61, 1.3]
2026-07-05 19:51 | WARNING  | robot_0 collided with obstacle_5 at state [1.77, 4.9, -2.9]
--------------------------------------------------------------------------------------------
setting actor output action_std to min_action_std :  0.1
--------------------------------------------------------------------------------------------
2026-07-05 19:51 | WARNING  | robot_0 collided with obstacle_3 at state [2.7, 3.14, -0.18]
--------------------------------------------------------------------------------------------
setting actor output action_std to min_action_std :  0.1
--------------------------------------------------------------------------------------------
2026-07-05 19:51 | WARNING  | robot_0 collided with obstacle_5 at state [9.48, 2.3, 2.39]
--------------------------------------------------------------------------------------------
setting actor output action_std to min_action_std :  0.1
--------------------------------------------------------------------------------------------
2026-07-05 19:51 | WARNING  | robot_0 collided with obstacle_1 at state [4.13, 3.09, -0.23]
--------------------------------------------------------------------------------------------
setting actor output action_std to min_action_std :  0.1
--------------------------------------------------------------------------------------------
2026-07-05 19:51 | WARNING  | robot_0 collided with obstacle_4 at state [5.51, 6.64, -0.84]
--------------------------------------------------------------------------------------------
setting actor output action_std to min_action_std :  0.1
--------------------------------------------------------------------------------------------
2026-07-05 19:51 | WARNING  | robot_0 collided with obstacle_2 at state [6.36, 4.61, 2.07]
2026-07-05 19:51 | WARNING  | robot_0 collided with obstacle_1 at state [5.71, 3.57, 0.98]
--------------------------------------------------------------------------------------------
setting actor output action_std to min_action_std :  0.1
--------------------------------------------------------------------------------------------
2026-07-05 19:51 | WARNING  | robot_0 collided with obstacle_1 at state [2.65, 3.36, 0.05]
2026-07-05 19:51 | WARNING  | robot_0 collided with obstacle_5 at state [3.92, 4.82, -0.12]
--------------------------------------------------------------------------------------------
setting actor output action_std to min_action_std :  0.1
--------------------------------------------------------------------------------------------
2026-07-05 19:51 | WARNING  | robot_0 collided with obstacle_6 at state [5.6, 7.31, 2.73]
--------------------------------------------------------------------------------------------
setting actor output action_std to min_action_std :  0.1
--------------------------------------------------------------------------------------------
--------------------------------------------------------------------------------------------
setting actor output action_std to min_action_std :  0.1
--------------------------------------------------------------------------------------------
2026-07-05 19:52 | WARNING  | robot_0 collided with obstacle_7 at state [6.8, 2.78, 2.08]
2026-07-05 19:52 | WARNING  | robot_0 collided with obstacle_5 at state [5.1, 5.87, 2.47]
--------------------------------------------------------------------------------------------
setting actor output action_std to min_action_std :  0.1
--------------------------------------------------------------------------------------------
2026-07-05 19:52 | WARNING  | robot_0 collided with obstacle_2 at state [4.99, 5.95, -1.59]
2026-07-05 19:52 | WARNING  | robot_0 collided with obstacle_6 at state [7.62, 4.61, 1.71]
--------------------------------------------------------------------------------------------
setting actor output action_std to min_action_std :  0.1
--------------------------------------------------------------------------------------------
2026-07-05 19:52 | WARNING  | robot_0 collided with obstacle_2 at state [4.83, 5.89, 0.79]
--------------------------------------------------------------------------------------------
setting actor output action_std to min_action_std :  0.1
--------------------------------------------------------------------------------------------
--------------------------------------------------------------------------------------------
setting actor output action_std to min_action_std :  0.1
--------------------------------------------------------------------------------------------
--------------------------------------------------------------------------------------------
setting actor output action_std to min_action_std :  0.1
--------------------------------------------------------------------------------------------
..............................................
Epoch 25. Evaluating scenarios
2026-07-05 19:52 | WARNING  | robot_0 collided with obstacle_2 at state [4.7, 7.82, -2.74]
2026-07-05 19:53 | WARNING  | robot_0 collided with obstacle_1 at state [6.51, 4.03, 2.07]
2026-07-05 19:53 | WARNING  | robot_0 collided with obstacle_6 at state [4.8, 2.77, 1.77]
Average Reward: -109.9154121828687
Average Collision rate: 0.3
Average Goal rate: 0.1
..............................................
--------------------------------------------------------------------------------------------
setting actor output action_std to min_action_std :  0.1
--------------------------------------------------------------------------------------------
--------------------------------------------------------------------------------------------
setting actor output action_std to min_action_std :  0.1
--------------------------------------------------------------------------------------------
--------------------------------------------------------------------------------------------
setting actor output action_std to min_action_std :  0.1
--------------------------------------------------------------------------------------------
2026-07-05 19:54 | WARNING  | robot_0 collided with obstacle_3 at state [8.65, 0.31, 2.88]
--------------------------------------------------------------------------------------------
setting actor output action_std to min_action_std :  0.1
--------------------------------------------------------------------------------------------
2026-07-05 19:54 | WARNING  | robot_0 collided with obstacle_7 at state [5.51, 2.4, 2.7]
--------------------------------------------------------------------------------------------
setting actor output action_std to min_action_std :  0.1
--------------------------------------------------------------------------------------------
2026-07-05 19:54 | WARNING  | robot_0 collided with obstacle_7 at state [6.46, 3.29, -3.1]
--------------------------------------------------------------------------------------------
setting actor output action_std to min_action_std :  0.1
--------------------------------------------------------------------------------------------
--------------------------------------------------------------------------------------------
setting actor output action_std to min_action_std :  0.1
--------------------------------------------------------------------------------------------
2026-07-05 19:54 | WARNING  | robot_0 collided with obstacle_4 at state [5.42, 1.27, 2.67]
--------------------------------------------------------------------------------------------
setting actor output action_std to min_action_std :  0.1
--------------------------------------------------------------------------------------------
--------------------------------------------------------------------------------------------
setting actor output action_std to min_action_std :  0.1
--------------------------------------------------------------------------------------------
2026-07-05 19:55 | WARNING  | robot_0 collided with obstacle_3 at state [2.25, 4.16, 0.01]
--------------------------------------------------------------------------------------------
setting actor output action_std to min_action_std :  0.1
--------------------------------------------------------------------------------------------
--------------------------------------------------------------------------------------------
setting actor output action_std to min_action_std :  0.1
--------------------------------------------------------------------------------------------
2026-07-05 19:55 | WARNING  | robot_0 collided with obstacle_2 at state [3.33, 5.19, 1.52]
--------------------------------------------------------------------------------------------
setting actor output action_std to min_action_std :  0.1
--------------------------------------------------------------------------------------------
2026-07-05 19:55 | WARNING  | robot_0 collided with obstacle_5 at state [3.88, 1.32, 0.37]
--------------------------------------------------------------------------------------------
setting actor output action_std to min_action_std :  0.1
--------------------------------------------------------------------------------------------
2026-07-05 19:55 | WARNING  | robot_0 collided with obstacle_7 at state [7.6, 3.9, 1.97]
--------------------------------------------------------------------------------------------
setting actor output action_std to min_action_std :  0.1
--------------------------------------------------------------------------------------------
2026-07-05 19:55 | WARNING  | robot_0 collided with obstacle_5 at state [3.57, 6.18, -0.02]
2026-07-05 19:55 | WARNING  | robot_0 collided with obstacle_2 at state [4.3, 6.37, 1.12]
--------------------------------------------------------------------------------------------
setting actor output action_std to min_action_std :  0.1
--------------------------------------------------------------------------------------------
2026-07-05 19:55 | WARNING  | robot_0 collided with obstacle_1 at state [8.23, 0.93, 3.05]
2026-07-05 19:55 | WARNING  | robot_0 collided with obstacle_5 at state [1.97, 5.78, 0.99]
--------------------------------------------------------------------------------------------
setting actor output action_std to min_action_std :  0.1
--------------------------------------------------------------------------------------------
2026-07-05 19:55 | WARNING  | robot_0 collided with obstacle_4 at state [4.27, 3.36, 1.31]
--------------------------------------------------------------------------------------------
setting actor output action_std to min_action_std :  0.1
--------------------------------------------------------------------------------------------
2026-07-05 19:55 | WARNING  | robot_0 collided with obstacle_3 at state [4.95, 7.14, -2.23]
--------------------------------------------------------------------------------------------
setting actor output action_std to min_action_std :  0.1
--------------------------------------------------------------------------------------------
2026-07-05 19:56 | WARNING  | robot_0 collided with obstacle_6 at state [7.86, 7.59, 0.74]
--------------------------------------------------------------------------------------------
setting actor output action_std to min_action_std :  0.1
--------------------------------------------------------------------------------------------
2026-07-05 19:56 | WARNING  | robot_0 collided with obstacle_3 at state [3.64, 8.86, -0.22]
--------------------------------------------------------------------------------------------
setting actor output action_std to min_action_std :  0.1
--------------------------------------------------------------------------------------------
--------------------------------------------------------------------------------------------
setting actor output action_std to min_action_std :  0.1
--------------------------------------------------------------------------------------------
--------------------------------------------------------------------------------------------
setting actor output action_std to min_action_std :  0.1
--------------------------------------------------------------------------------------------
--------------------------------------------------------------------------------------------
setting actor output action_std to min_action_std :  0.1
--------------------------------------------------------------------------------------------
--------------------------------------------------------------------------------------------
setting actor output action_std to min_action_std :  0.1
--------------------------------------------------------------------------------------------
2026-07-05 19:56 | WARNING  | robot_0 collided with obstacle_3 at state [2.19, 5.75, 0.91]
2026-07-05 19:56 | WARNING  | robot_0 collided with obstacle_7 at state [3.54, 4.74, 0.17]
--------------------------------------------------------------------------------------------
setting actor output action_std to min_action_std :  0.1
--------------------------------------------------------------------------------------------
2026-07-05 19:56 | WARNING  | robot_0 collided with obstacle_6 at state [3.81, 4.63, -1.57]
2026-07-05 19:57 | WARNING  | robot_0 collided with obstacle_8 at state [2.22, 0.19, -2.9]
--------------------------------------------------------------------------------------------
setting actor output action_std to min_action_std :  0.1
--------------------------------------------------------------------------------------------
--------------------------------------------------------------------------------------------
setting actor output action_std to min_action_std :  0.1
--------------------------------------------------------------------------------------------
--------------------------------------------------------------------------------------------
setting actor output action_std to min_action_std :  0.1
--------------------------------------------------------------------------------------------
2026-07-05 19:57 | WARNING  | robot_0 collided with obstacle_7 at state [7.56, 6.25, -1.51]
--------------------------------------------------------------------------------------------
setting actor output action_std to min_action_std :  0.1
--------------------------------------------------------------------------------------------
2026-07-05 19:57 | WARNING  | robot_0 collided with obstacle_4 at state [5.26, 4.85, -1.99]
--------------------------------------------------------------------------------------------
setting actor output action_std to min_action_std :  0.1
--------------------------------------------------------------------------------------------
--------------------------------------------------------------------------------------------
setting actor output action_std to min_action_std :  0.1
--------------------------------------------------------------------------------------------
2026-07-05 19:57 | WARNING  | robot_0 collided with obstacle_6 at state [6.34, 2.53, -3.03]
--------------------------------------------------------------------------------------------
setting actor output action_std to min_action_std :  0.1
--------------------------------------------------------------------------------------------
--------------------------------------------------------------------------------------------
setting actor output action_std to min_action_std :  0.1
--------------------------------------------------------------------------------------------
2026-07-05 19:58 | WARNING  | robot_0 collided with obstacle_4 at state [6.38, 4.59, 0.0]
--------------------------------------------------------------------------------------------
setting actor output action_std to min_action_std :  0.1
--------------------------------------------------------------------------------------------
..............................................
Epoch 26. Evaluating scenarios
2026-07-05 19:58 | WARNING  | robot_0 collided with obstacle_7 at state [1.88, 5.58, -1.35]
2026-07-05 19:58 | WARNING  | robot_0 collided with obstacle_4 at state [3.56, 6.09, 2.57]
2026-07-05 19:59 | WARNING  | robot_0 collided with obstacle_4 at state [2.96, 3.91, 2.99]
Average Reward: -86.59745841235541
Average Collision rate: 0.3
Average Goal rate: 0.1
..............................................
2026-07-05 19:59 | WARNING  | robot_0 collided with obstacle_4 at state [2.8, 3.93, 2.95]
2026-07-05 19:59 | WARNING  | robot_0 collided with obstacle_2 at state [5.07, 4.16, -2.77]
--------------------------------------------------------------------------------------------
setting actor output action_std to min_action_std :  0.1
--------------------------------------------------------------------------------------------
2026-07-05 19:59 | WARNING  | robot_0 collided with obstacle_2 at state [9.01, 7.08, -1.42]
2026-07-05 19:59 | WARNING  | robot_0 collided with obstacle_4 at state [3.85, 3.73, -0.54]
--------------------------------------------------------------------------------------------
setting actor output action_std to min_action_std :  0.1
--------------------------------------------------------------------------------------------
2026-07-05 19:59 | WARNING  | robot_0 collided with obstacle_7 at state [8.15, 4.59, -2.26]
--------------------------------------------------------------------------------------------
setting actor output action_std to min_action_std :  0.1
--------------------------------------------------------------------------------------------
--------------------------------------------------------------------------------------------
setting actor output action_std to min_action_std :  0.1
--------------------------------------------------------------------------------------------
--------------------------------------------------------------------------------------------
setting actor output action_std to min_action_std :  0.1
--------------------------------------------------------------------------------------------
--------------------------------------------------------------------------------------------
setting actor output action_std to min_action_std :  0.1
--------------------------------------------------------------------------------------------
--------------------------------------------------------------------------------------------
setting actor output action_std to min_action_std :  0.1
--------------------------------------------------------------------------------------------
2026-07-05 20:00 | WARNING  | robot_0 collided with obstacle_8 at state [0.19, 4.41, 1.65]
--------------------------------------------------------------------------------------------
setting actor output action_std to min_action_std :  0.1
--------------------------------------------------------------------------------------------
2026-07-05 20:00 | WARNING  | robot_0 collided with obstacle_7 at state [7.24, 8.04, 2.96]
--------------------------------------------------------------------------------------------
setting actor output action_std to min_action_std :  0.1
--------------------------------------------------------------------------------------------
2026-07-05 20:00 | WARNING  | robot_0 collided with obstacle_1 at state [3.1, 7.06, 1.37]
--------------------------------------------------------------------------------------------
setting actor output action_std to min_action_std :  0.1
--------------------------------------------------------------------------------------------
--------------------------------------------------------------------------------------------
setting actor output action_std to min_action_std :  0.1
--------------------------------------------------------------------------------------------
2026-07-05 20:00 | WARNING  | robot_0 collided with obstacle_3 at state [5.68, 1.18, 2.39]
--------------------------------------------------------------------------------------------
setting actor output action_std to min_action_std :  0.1
--------------------------------------------------------------------------------------------
2026-07-05 20:00 | WARNING  | robot_0 collided with obstacle_3 at state [8.91, 1.93, 1.41]
--------------------------------------------------------------------------------------------
setting actor output action_std to min_action_std :  0.1
--------------------------------------------------------------------------------------------
2026-07-05 20:00 | WARNING  | robot_0 collided with obstacle_4 at state [8.04, 5.85, 0.05]
--------------------------------------------------------------------------------------------
setting actor output action_std to min_action_std :  0.1
--------------------------------------------------------------------------------------------
--------------------------------------------------------------------------------------------
setting actor output action_std to min_action_std :  0.1
--------------------------------------------------------------------------------------------
--------------------------------------------------------------------------------------------
setting actor output action_std to min_action_std :  0.1
--------------------------------------------------------------------------------------------
--------------------------------------------------------------------------------------------
setting actor output action_std to min_action_std :  0.1
--------------------------------------------------------------------------------------------
2026-07-05 20:01 | WARNING  | robot_0 collided with obstacle_5 at state [3.85, 3.08, 1.79]
--------------------------------------------------------------------------------------------
setting actor output action_std to min_action_std :  0.1
--------------------------------------------------------------------------------------------
2026-07-05 20:01 | WARNING  | robot_0 collided with obstacle_7 at state [7.88, 5.05, 1.53]
--------------------------------------------------------------------------------------------
setting actor output action_std to min_action_std :  0.1
--------------------------------------------------------------------------------------------
--------------------------------------------------------------------------------------------
setting actor output action_std to min_action_std :  0.1
--------------------------------------------------------------------------------------------
2026-07-05 20:01 | WARNING  | robot_0 collided with obstacle_4 at state [6.82, 6.25, 2.96]
2026-07-05 20:01 | WARNING  | robot_0 collided with obstacle_6 at state [5.95, 7.72, -2.53]
--------------------------------------------------------------------------------------------
setting actor output action_std to min_action_std :  0.1
--------------------------------------------------------------------------------------------
--------------------------------------------------------------------------------------------
setting actor output action_std to min_action_std :  0.1
--------------------------------------------------------------------------------------------
--------------------------------------------------------------------------------------------
setting actor output action_std to min_action_std :  0.1
--------------------------------------------------------------------------------------------
2026-07-05 20:01 | WARNING  | robot_0 collided with obstacle_6 at state [4.26, 2.19, -0.35]
--------------------------------------------------------------------------------------------
setting actor output action_std to min_action_std :  0.1
--------------------------------------------------------------------------------------------
--------------------------------------------------------------------------------------------
setting actor output action_std to min_action_std :  0.1
--------------------------------------------------------------------------------------------
2026-07-05 20:02 | WARNING  | robot_0 collided with obstacle_7 at state [3.18, 4.08, 3.11]
--------------------------------------------------------------------------------------------
setting actor output action_std to min_action_std :  0.1
--------------------------------------------------------------------------------------------
--------------------------------------------------------------------------------------------
setting actor output action_std to min_action_std :  0.1
--------------------------------------------------------------------------------------------
2026-07-05 20:02 | WARNING  | robot_0 collided with obstacle_3 at state [4.99, 2.96, 0.09]
--------------------------------------------------------------------------------------------
setting actor output action_std to min_action_std :  0.1
--------------------------------------------------------------------------------------------
2026-07-05 20:02 | WARNING  | robot_0 collided with obstacle_6 at state [5.4, 2.32, -3.13]
--------------------------------------------------------------------------------------------
setting actor output action_std to min_action_std :  0.1
--------------------------------------------------------------------------------------------
--------------------------------------------------------------------------------------------
setting actor output action_std to min_action_std :  0.1
--------------------------------------------------------------------------------------------
2026-07-05 20:02 | WARNING  | robot_0 collided with obstacle_8 at state [9.82, 3.81, -1.48]
--------------------------------------------------------------------------------------------
setting actor output action_std to min_action_std :  0.1
--------------------------------------------------------------------------------------------
--------------------------------------------------------------------------------------------
setting actor output action_std to min_action_std :  0.1
--------------------------------------------------------------------------------------------
--------------------------------------------------------------------------------------------
setting actor output action_std to min_action_std :  0.1
--------------------------------------------------------------------------------------------
2026-07-05 20:03 | WARNING  | robot_0 collided with obstacle_1 at state [6.26, 4.47, 1.13]
2026-07-05 20:03 | WARNING  | robot_0 collided with obstacle_4 at state [6.38, 7.44, -0.82]
--------------------------------------------------------------------------------------------
setting actor output action_std to min_action_std :  0.1
--------------------------------------------------------------------------------------------
..............................................
Epoch 27. Evaluating scenarios
2026-07-05 20:03 | WARNING  | robot_0 collided with obstacle_5 at state [5.77, 4.06, -0.21]
2026-07-05 20:03 | WARNING  | robot_0 collided with obstacle_5 at state [6.06, 4.95, -2.35]
2026-07-05 20:03 | WARNING  | robot_0 collided with obstacle_4 at state [6.95, 3.56, 1.93]
2026-07-05 20:04 | WARNING  | robot_0 collided with obstacle_7 at state [6.81, 3.24, 1.54]
2026-07-05 20:04 | WARNING  | robot_0 collided with obstacle_3 at state [4.7, 3.93, -1.84]
Average Reward: -107.82389357175084
Average Collision rate: 0.5
Average Goal rate: 0.0
..............................................
--------------------------------------------------------------------------------------------
setting actor output action_std to min_action_std :  0.1
--------------------------------------------------------------------------------------------
2026-07-05 20:04 | WARNING  | robot_0 collided with obstacle_6 at state [1.55, 5.02, 1.0]
--------------------------------------------------------------------------------------------
setting actor output action_std to min_action_std :  0.1
--------------------------------------------------------------------------------------------
2026-07-05 20:04 | WARNING  | robot_0 collided with obstacle_6 at state [1.49, 8.53, 2.99]
2026-07-05 20:04 | WARNING  | robot_0 collided with obstacle_3 at state [3.89, 4.29, 0.02]
--------------------------------------------------------------------------------------------
setting actor output action_std to min_action_std :  0.1
--------------------------------------------------------------------------------------------
2026-07-05 20:04 | WARNING  | robot_0 collided with obstacle_8 at state [9.83, 0.82, 0.42]
--------------------------------------------------------------------------------------------
setting actor output action_std to min_action_std :  0.1
--------------------------------------------------------------------------------------------
--------------------------------------------------------------------------------------------
setting actor output action_std to min_action_std :  0.1
--------------------------------------------------------------------------------------------
--------------------------------------------------------------------------------------------
setting actor output action_std to min_action_std :  0.1
--------------------------------------------------------------------------------------------
2026-07-05 20:04 | WARNING  | robot_0 collided with obstacle_3 at state [4.02, 4.24, -0.56]
--------------------------------------------------------------------------------------------
setting actor output action_std to min_action_std :  0.1
--------------------------------------------------------------------------------------------
--------------------------------------------------------------------------------------------
setting actor output action_std to min_action_std :  0.1
--------------------------------------------------------------------------------------------
--------------------------------------------------------------------------------------------
setting actor output action_std to min_action_std :  0.1
--------------------------------------------------------------------------------------------
2026-07-05 20:05 | WARNING  | robot_0 collided with obstacle_6 at state [4.23, 5.13, -0.39]
--------------------------------------------------------------------------------------------
setting actor output action_std to min_action_std :  0.1
--------------------------------------------------------------------------------------------
--------------------------------------------------------------------------------------------
setting actor output action_std to min_action_std :  0.1
--------------------------------------------------------------------------------------------
--------------------------------------------------------------------------------------------
setting actor output action_std to min_action_std :  0.1
--------------------------------------------------------------------------------------------
--------------------------------------------------------------------------------------------
setting actor output action_std to min_action_std :  0.1
--------------------------------------------------------------------------------------------
2026-07-05 20:05 | WARNING  | robot_0 collided with obstacle_8 at state [6.27, 0.2, -2.88]
--------------------------------------------------------------------------------------------
setting actor output action_std to min_action_std :  0.1
--------------------------------------------------------------------------------------------
2026-07-05 20:05 | WARNING  | robot_0 collided with obstacle_1 at state [7.29, 7.43, -2.11]
2026-07-05 20:05 | WARNING  | robot_0 collided with obstacle_3 at state [4.87, 3.24, 0.71]
--------------------------------------------------------------------------------------------
setting actor output action_std to min_action_std :  0.1
--------------------------------------------------------------------------------------------
2026-07-05 20:05 | WARNING  | robot_0 collided with obstacle_2 at state [1.39, 2.0, 0.63]
2026-07-05 20:05 | WARNING  | robot_0 collided with obstacle_1 at state [2.49, 8.75, 0.04]
--------------------------------------------------------------------------------------------
setting actor output action_std to min_action_std :  0.1
--------------------------------------------------------------------------------------------
2026-07-05 20:05 | WARNING  | robot_0 collided with obstacle_2 at state [3.61, 4.82, 0.77]
--------------------------------------------------------------------------------------------
setting actor output action_std to min_action_std :  0.1
--------------------------------------------------------------------------------------------
2026-07-05 20:06 | WARNING  | robot_0 collided with obstacle_5 at state [8.44, 7.46, 0.38]
2026-07-05 20:06 | WARNING  | robot_0 collided with obstacle_5 at state [2.61, 3.41, -2.79]
--------------------------------------------------------------------------------------------
setting actor output action_std to min_action_std :  0.1
--------------------------------------------------------------------------------------------
--------------------------------------------------------------------------------------------
setting actor output action_std to min_action_std :  0.1
--------------------------------------------------------------------------------------------
2026-07-05 20:06 | WARNING  | robot_0 collided with obstacle_7 at state [4.07, 6.75, -0.69]
2026-07-05 20:06 | WARNING  | robot_0 collided with obstacle_5 at state [7.26, 7.56, -0.36]
--------------------------------------------------------------------------------------------
setting actor output action_std to min_action_std :  0.1
--------------------------------------------------------------------------------------------
--------------------------------------------------------------------------------------------
setting actor output action_std to min_action_std :  0.1
--------------------------------------------------------------------------------------------
2026-07-05 20:06 | WARNING  | robot_0 collided with obstacle_6 at state [6.35, 4.23, 1.74]
--------------------------------------------------------------------------------------------
setting actor output action_std to min_action_std :  0.1
--------------------------------------------------------------------------------------------
--------------------------------------------------------------------------------------------
setting actor output action_std to min_action_std :  0.1
--------------------------------------------------------------------------------------------
2026-07-05 20:06 | WARNING  | robot_0 collided with obstacle_1 at state [2.2, 2.97, 1.73]
--------------------------------------------------------------------------------------------
setting actor output action_std to min_action_std :  0.1
--------------------------------------------------------------------------------------------
2026-07-05 20:06 | WARNING  | robot_0 collided with obstacle_5 at state [7.86, 7.6, -1.19]
--------------------------------------------------------------------------------------------
setting actor output action_std to min_action_std :  0.1
--------------------------------------------------------------------------------------------
2026-07-05 20:06 | WARNING  | robot_0 collided with obstacle_6 at state [7.94, 5.88, -2.26]
--------------------------------------------------------------------------------------------
setting actor output action_std to min_action_std :  0.1
--------------------------------------------------------------------------------------------
2026-07-05 20:06 | WARNING  | robot_0 collided with obstacle_2 at state [4.28, 4.24, -1.6]
--------------------------------------------------------------------------------------------
setting actor output action_std to min_action_std :  0.1
--------------------------------------------------------------------------------------------
2026-07-05 20:07 | WARNING  | robot_0 collided with obstacle_2 at state [8.95, 1.45, -2.87]
--------------------------------------------------------------------------------------------
setting actor output action_std to min_action_std :  0.1
--------------------------------------------------------------------------------------------
2026-07-05 20:07 | WARNING  | robot_0 collided with obstacle_1 at state [4.78, 5.18, 0.21]
--------------------------------------------------------------------------------------------
setting actor output action_std to min_action_std :  0.1
--------------------------------------------------------------------------------------------
--------------------------------------------------------------------------------------------
setting actor output action_std to min_action_std :  0.1
--------------------------------------------------------------------------------------------
2026-07-05 20:07 | WARNING  | robot_0 collided with obstacle_5 at state [5.03, 2.16, -0.3]
--------------------------------------------------------------------------------------------
setting actor output action_std to min_action_std :  0.1
--------------------------------------------------------------------------------------------
--------------------------------------------------------------------------------------------
setting actor output action_std to min_action_std :  0.1
--------------------------------------------------------------------------------------------
2026-07-05 20:07 | WARNING  | robot_0 collided with obstacle_2 at state [5.33, 2.1, -0.82]
2026-07-05 20:07 | WARNING  | robot_0 collided with obstacle_8 at state [0.19, 3.47, 2.03]
--------------------------------------------------------------------------------------------
setting actor output action_std to min_action_std :  0.1
--------------------------------------------------------------------------------------------
--------------------------------------------------------------------------------------------
setting actor output action_std to min_action_std :  0.1
--------------------------------------------------------------------------------------------
2026-07-05 20:07 | WARNING  | robot_0 collided with obstacle_6 at state [5.56, 2.86, -0.46]
..............................................
Epoch 28. Evaluating scenarios
2026-07-05 20:07 | WARNING  | robot_0 collided with obstacle_5 at state [6.77, 3.92, 1.18]
2026-07-05 20:07 | WARNING  | robot_0 collided with obstacle_8 at state [9.8, 0.55, -0.51]
2026-07-05 20:08 | WARNING  | robot_0 collided with obstacle_4 at state [5.97, 5.0, 0.99]
2026-07-05 20:08 | WARNING  | robot_0 collided with obstacle_7 at state [2.37, 5.5, 1.06]
2026-07-05 20:08 | WARNING  | robot_0 collided with obstacle_5 at state [6.99, 4.61, 1.61]
Average Reward: -65.37677059663903
Average Collision rate: 0.5
Average Goal rate: 0.2
..............................................
--------------------------------------------------------------------------------------------
setting actor output action_std to min_action_std :  0.1
--------------------------------------------------------------------------------------------
2026-07-05 20:08 | WARNING  | robot_0 collided with obstacle_6 at state [3.43, 2.49, 0.28]
--------------------------------------------------------------------------------------------
setting actor output action_std to min_action_std :  0.1
--------------------------------------------------------------------------------------------
2026-07-05 20:08 | WARNING  | robot_0 collided with obstacle_4 at state [7.81, 4.35, 0.4]
--------------------------------------------------------------------------------------------
setting actor output action_std to min_action_std :  0.1
--------------------------------------------------------------------------------------------
2026-07-05 20:08 | WARNING  | robot_0 collided with obstacle_7 at state [6.76, 1.83, -0.14]
--------------------------------------------------------------------------------------------
setting actor output action_std to min_action_std :  0.1
--------------------------------------------------------------------------------------------
--------------------------------------------------------------------------------------------
setting actor output action_std to min_action_std :  0.1
--------------------------------------------------------------------------------------------
2026-07-05 20:09 | WARNING  | robot_0 collided with obstacle_1 at state [3.24, 5.52, 1.01]
--------------------------------------------------------------------------------------------
setting actor output action_std to min_action_std :  0.1
--------------------------------------------------------------------------------------------
2026-07-05 20:09 | WARNING  | robot_0 collided with obstacle_4 at state [4.33, 4.57, -1.35]
--------------------------------------------------------------------------------------------
setting actor output action_std to min_action_std :  0.1
--------------------------------------------------------------------------------------------
2026-07-05 20:09 | WARNING  | robot_0 collided with obstacle_5 at state [6.69, 3.12, -2.17]
--------------------------------------------------------------------------------------------
setting actor output action_std to min_action_std :  0.1
--------------------------------------------------------------------------------------------
2026-07-05 20:09 | WARNING  | robot_0 collided with obstacle_6 at state [4.09, 7.18, -0.3]
--------------------------------------------------------------------------------------------
setting actor output action_std to min_action_std :  0.1
--------------------------------------------------------------------------------------------
2026-07-05 20:09 | WARNING  | robot_0 collided with obstacle_4 at state [3.5, 7.68, -1.6]
--------------------------------------------------------------------------------------------
setting actor output action_std to min_action_std :  0.1
--------------------------------------------------------------------------------------------
--------------------------------------------------------------------------------------------
setting actor output action_std to min_action_std :  0.1
--------------------------------------------------------------------------------------------
2026-07-05 20:09 | WARNING  | robot_0 collided with obstacle_1 at state [5.26, 4.89, 0.01]
--------------------------------------------------------------------------------------------
setting actor output action_std to min_action_std :  0.1
--------------------------------------------------------------------------------------------
2026-07-05 20:09 | WARNING  | robot_0 collided with obstacle_4 at state [7.22, 2.43, 0.05]
2026-07-05 20:09 | WARNING  | robot_0 collided with obstacle_8 at state [9.8, 5.23, -1.29]
--------------------------------------------------------------------------------------------
setting actor output action_std to min_action_std :  0.1
--------------------------------------------------------------------------------------------
--------------------------------------------------------------------------------------------
setting actor output action_std to min_action_std :  0.1
--------------------------------------------------------------------------------------------
--------------------------------------------------------------------------------------------
setting actor output action_std to min_action_std :  0.1
--------------------------------------------------------------------------------------------
2026-07-05 20:10 | WARNING  | robot_0 collided with obstacle_1 at state [2.92, 8.08, -2.54]
--------------------------------------------------------------------------------------------
setting actor output action_std to min_action_std :  0.1
--------------------------------------------------------------------------------------------
2026-07-05 20:10 | WARNING  | robot_0 collided with obstacle_2 at state [5.33, 1.98, 2.38]
--------------------------------------------------------------------------------------------
setting actor output action_std to min_action_std :  0.1
--------------------------------------------------------------------------------------------
2026-07-05 20:10 | WARNING  | robot_0 collided with obstacle_1 at state [3.16, 0.79, -0.0]
2026-07-05 20:10 | WARNING  | robot_0 collided with obstacle_4 at state [5.2, 3.08, 2.14]
--------------------------------------------------------------------------------------------
setting actor output action_std to min_action_std :  0.1
--------------------------------------------------------------------------------------------
2026-07-05 20:10 | WARNING  | robot_0 collided with obstacle_8 at state [9.81, 2.07, -1.29]
--------------------------------------------------------------------------------------------
setting actor output action_std to min_action_std :  0.1
--------------------------------------------------------------------------------------------
--------------------------------------------------------------------------------------------
setting actor output action_std to min_action_std :  0.1
--------------------------------------------------------------------------------------------
2026-07-05 20:10 | WARNING  | robot_0 collided with obstacle_2 at state [4.66, 5.98, -0.25]
2026-07-05 20:10 | WARNING  | robot_0 collided with obstacle_4 at state [2.95, 6.28, -1.5]
--------------------------------------------------------------------------------------------
setting actor output action_std to min_action_std :  0.1
--------------------------------------------------------------------------------------------
2026-07-05 20:10 | WARNING  | robot_0 collided with obstacle_3 at state [7.4, 7.91, -0.72]
2026-07-05 20:10 | WARNING  | robot_0 collided with obstacle_4 at state [5.94, 6.07, -0.38]
--------------------------------------------------------------------------------------------
setting actor output action_std to min_action_std :  0.1
--------------------------------------------------------------------------------------------
2026-07-05 20:10 | WARNING  | robot_0 collided with obstacle_5 at state [3.13, 4.57, 1.12]
2026-07-05 20:10 | WARNING  | robot_0 collided with obstacle_6 at state [7.17, 2.97, 0.05]
2026-07-05 20:10 | WARNING  | robot_0 collided with obstacle_3 at state [4.74, 1.96, 0.0]
--------------------------------------------------------------------------------------------
setting actor output action_std to min_action_std :  0.1
--------------------------------------------------------------------------------------------
2026-07-05 20:10 | WARNING  | robot_0 collided with obstacle_6 at state [4.92, 6.41, -0.31]
--------------------------------------------------------------------------------------------
setting actor output action_std to min_action_std :  0.1
--------------------------------------------------------------------------------------------
2026-07-05 20:10 | WARNING  | robot_0 collided with obstacle_7 at state [7.24, 4.88, -2.4]
2026-07-05 20:10 | WARNING  | robot_0 collided with obstacle_6 at state [3.82, 5.26, 0.42]
--------------------------------------------------------------------------------------------
setting actor output action_std to min_action_std :  0.1
--------------------------------------------------------------------------------------------
2026-07-05 20:10 | WARNING  | robot_0 collided with obstacle_6 at state [3.91, 5.68, 2.43]
2026-07-05 20:10 | WARNING  | robot_0 collided with obstacle_6 at state [3.35, 5.41, 0.19]
--------------------------------------------------------------------------------------------
setting actor output action_std to min_action_std :  0.1
--------------------------------------------------------------------------------------------
2026-07-05 20:10 | WARNING  | robot_0 collided with obstacle_6 at state [5.29, 7.62, -1.08]
2026-07-05 20:10 | WARNING  | robot_0 collided with obstacle_7 at state [5.31, 3.46, 0.79]
--------------------------------------------------------------------------------------------
setting actor output action_std to min_action_std :  0.1
--------------------------------------------------------------------------------------------
2026-07-05 20:10 | WARNING  | robot_0 collided with obstacle_4 at state [6.33, 2.46, 1.61]
--------------------------------------------------------------------------------------------
setting actor output action_std to min_action_std :  0.1
--------------------------------------------------------------------------------------------
2026-07-05 20:10 | WARNING  | robot_0 collided with obstacle_5 at state [7.95, 3.87, -1.21]
2026-07-05 20:10 | WARNING  | robot_0 collided with obstacle_5 at state [7.84, 1.24, 2.15]
--------------------------------------------------------------------------------------------
setting actor output action_std to min_action_std :  0.1
--------------------------------------------------------------------------------------------
2026-07-05 20:10 | WARNING  | robot_0 collided with obstacle_6 at state [5.88, 4.77, 0.73]
2026-07-05 20:10 | WARNING  | robot_0 collided with obstacle_7 at state [4.92, 4.97, 2.08]
--------------------------------------------------------------------------------------------
setting actor output action_std to min_action_std :  0.1
--------------------------------------------------------------------------------------------
2026-07-05 20:10 | WARNING  | robot_0 collided with obstacle_1 at state [6.63, 7.34, -1.62]
2026-07-05 20:10 | WARNING  | robot_0 collided with obstacle_8 at state [9.83, 6.47, -1.28]
--------------------------------------------------------------------------------------------
setting actor output action_std to min_action_std :  0.1
--------------------------------------------------------------------------------------------
2026-07-05 20:11 | WARNING  | robot_0 collided with obstacle_6 at state [8.09, 7.42, -2.37]
2026-07-05 20:11 | WARNING  | robot_0 collided with obstacle_1 at state [5.17, 4.52, -0.99]
--------------------------------------------------------------------------------------------
setting actor output action_std to min_action_std :  0.1
--------------------------------------------------------------------------------------------
2026-07-05 20:11 | WARNING  | robot_0 collided with obstacle_3 at state [6.82, 3.87, 2.18]
2026-07-05 20:11 | WARNING  | robot_0 collided with obstacle_2 at state [1.56, 3.4, -0.9]
--------------------------------------------------------------------------------------------
setting actor output action_std to min_action_std :  0.1
--------------------------------------------------------------------------------------------
2026-07-05 20:11 | WARNING  | robot_0 collided with obstacle_6 at state [5.02, 3.89, 2.32]
2026-07-05 20:11 | WARNING  | robot_0 collided with obstacle_1 at state [4.77, 6.39, 0.39]
--------------------------------------------------------------------------------------------
setting actor output action_std to min_action_std :  0.1
--------------------------------------------------------------------------------------------
2026-07-05 20:11 | WARNING  | robot_0 collided with obstacle_8 at state [9.82, 0.6, 0.51]
..............................................
Epoch 29. Evaluating scenarios
2026-07-05 20:11 | WARNING  | robot_0 collided with obstacle_8 at state [8.79, 0.16, -3.02]
2026-07-05 20:11 | WARNING  | robot_0 collided with obstacle_6 at state [8.28, 4.45, 1.8]
2026-07-05 20:11 | WARNING  | robot_0 collided with obstacle_3 at state [6.11, 2.98, -2.92]
2026-07-05 20:11 | WARNING  | robot_0 collided with obstacle_7 at state [5.7, 6.73, -0.99]
2026-07-05 20:11 | WARNING  | robot_0 collided with obstacle_2 at state [6.32, 4.61, -0.85]
2026-07-05 20:11 | WARNING  | robot_0 collided with obstacle_8 at state [9.83, 5.27, 0.46]
2026-07-05 20:11 | WARNING  | robot_0 collided with obstacle_5 at state [3.66, 5.92, 0.58]
2026-07-05 20:11 | WARNING  | robot_0 collided with obstacle_3 at state [2.22, 2.83, 1.27]
Average Reward: -97.49178875740674
Average Collision rate: 0.8
Average Goal rate: 0.1
..............................................
2026-07-05 20:11 | WARNING  | robot_0 collided with obstacle_7 at state [8.48, 8.74, 1.99]
--------------------------------------------------------------------------------------------
setting actor output action_std to min_action_std :  0.1
--------------------------------------------------------------------------------------------
2026-07-05 20:11 | WARNING  | robot_0 collided with obstacle_6 at state [3.83, 4.97, 0.59]
2026-07-05 20:11 | WARNING  | robot_0 collided with obstacle_6 at state [8.33, 1.41, -0.21]
--------------------------------------------------------------------------------------------
setting actor output action_std to min_action_std :  0.1
--------------------------------------------------------------------------------------------
2026-07-05 20:11 | WARNING  | robot_0 collided with obstacle_2 at state [8.73, 1.9, -0.62]
2026-07-05 20:11 | WARNING  | robot_0 collided with obstacle_6 at state [7.14, 4.91, 1.28]
--------------------------------------------------------------------------------------------
setting actor output action_std to min_action_std :  0.1
--------------------------------------------------------------------------------------------
2026-07-05 20:11 | WARNING  | robot_0 collided with obstacle_2 at state [3.28, 3.34, 1.27]
--------------------------------------------------------------------------------------------
setting actor output action_std to min_action_std :  0.1
--------------------------------------------------------------------------------------------
2026-07-05 20:11 | WARNING  | robot_0 collided with obstacle_6 at state [4.98, 6.29, 0.05]
2026-07-05 20:11 | WARNING  | robot_0 collided with obstacle_4 at state [5.11, 7.52, -0.21]
--------------------------------------------------------------------------------------------
setting actor output action_std to min_action_std :  0.1
--------------------------------------------------------------------------------------------
2026-07-05 20:11 | WARNING  | robot_0 collided with obstacle_7 at state [3.49, 4.91, -0.65]
2026-07-05 20:11 | WARNING  | robot_0 collided with obstacle_5 at state [6.45, 6.47, -1.07]
--------------------------------------------------------------------------------------------
setting actor output action_std to min_action_std :  0.1
--------------------------------------------------------------------------------------------
2026-07-05 20:11 | WARNING  | robot_0 collided with obstacle_5 at state [4.7, 4.37, 1.52]
2026-07-05 20:11 | WARNING  | robot_0 collided with obstacle_5 at state [4.21, 4.83, 0.84]
--------------------------------------------------------------------------------------------
setting actor output action_std to min_action_std :  0.1
--------------------------------------------------------------------------------------------
2026-07-05 20:11 | WARNING  | robot_0 collided with obstacle_2 at state [8.63, 2.74, -0.47]
--------------------------------------------------------------------------------------------
setting actor output action_std to min_action_std :  0.1
--------------------------------------------------------------------------------------------
2026-07-05 20:11 | WARNING  | robot_0 collided with obstacle_4 at state [2.78, 8.57, -0.4]
2026-07-05 20:11 | WARNING  | robot_0 collided with obstacle_4 at state [8.01, 3.99, -1.49]
--------------------------------------------------------------------------------------------
setting actor output action_std to min_action_std :  0.1
--------------------------------------------------------------------------------------------
2026-07-05 20:12 | WARNING  | robot_0 collided with obstacle_8 at state [4.93, 0.17, -2.86]
--------------------------------------------------------------------------------------------
setting actor output action_std to min_action_std :  0.1
--------------------------------------------------------------------------------------------
2026-07-05 20:12 | WARNING  | robot_0 collided with obstacle_7 at state [3.52, 2.45, 1.88]
2026-07-05 20:12 | WARNING  | robot_0 collided with obstacle_8 at state [9.81, 5.93, -1.48]
--------------------------------------------------------------------------------------------
setting actor output action_std to min_action_std :  0.1
--------------------------------------------------------------------------------------------
2026-07-05 20:12 | WARNING  | robot_0 collided with obstacle_3 at state [2.23, 7.63, -2.95]
--------------------------------------------------------------------------------------------
setting actor output action_std to min_action_std :  0.1
--------------------------------------------------------------------------------------------
2026-07-05 20:12 | WARNING  | robot_0 collided with obstacle_8 at state [9.82, 8.76, 1.06]
2026-07-05 20:12 | WARNING  | robot_0 collided with obstacle_2 at state [8.11, 6.46, 0.5]
--------------------------------------------------------------------------------------------
setting actor output action_std to min_action_std :  0.1
--------------------------------------------------------------------------------------------
2026-07-05 20:12 | WARNING  | robot_0 collided with obstacle_3 at state [2.86, 5.75, -0.96]
2026-07-05 20:12 | WARNING  | robot_0 collided with obstacle_3 at state [5.7, 7.18, 0.86]
--------------------------------------------------------------------------------------------
setting actor output action_std to min_action_std :  0.1
--------------------------------------------------------------------------------------------
2026-07-05 20:12 | WARNING  | robot_0 collided with obstacle_8 at state [9.81, 3.57, 0.05]
2026-07-05 20:12 | WARNING  | robot_0 collided with obstacle_1 at state [9.37, 5.87, -0.67]
--------------------------------------------------------------------------------------------
setting actor output action_std to min_action_std :  0.1
--------------------------------------------------------------------------------------------
2026-07-05 20:12 | WARNING  | robot_0 collided with obstacle_5 at state [3.22, 5.68, -2.02]
2026-07-05 20:12 | WARNING  | robot_0 collided with obstacle_5 at state [6.91, 5.86, -0.24]
--------------------------------------------------------------------------------------------
setting actor output action_std to min_action_std :  0.1
--------------------------------------------------------------------------------------------
2026-07-05 20:12 | WARNING  | robot_0 collided with obstacle_7 at state [7.73, 0.46, 0.01]
2026-07-05 20:12 | WARNING  | robot_0 collided with obstacle_4 at state [6.74, 2.96, 0.98]
--------------------------------------------------------------------------------------------
setting actor output action_std to min_action_std :  0.1
--------------------------------------------------------------------------------------------
2026-07-05 20:12 | WARNING  | robot_0 collided with obstacle_8 at state [9.81, 0.55, -0.74]
--------------------------------------------------------------------------------------------
setting actor output action_std to min_action_std :  0.1
--------------------------------------------------------------------------------------------
2026-07-05 20:12 | WARNING  | robot_0 collided with obstacle_3 at state [7.29, 4.92, -2.53]
--------------------------------------------------------------------------------------------
setting actor output action_std to min_action_std :  0.1
--------------------------------------------------------------------------------------------
2026-07-05 20:12 | WARNING  | robot_0 collided with obstacle_4 at state [5.48, 3.52, -1.54]
2026-07-05 20:12 | WARNING  | robot_0 collided with obstacle_4 at state [2.76, 5.57, 0.15]
--------------------------------------------------------------------------------------------
setting actor output action_std to min_action_std :  0.1
--------------------------------------------------------------------------------------------
2026-07-05 20:12 | WARNING  | robot_0 collided with obstacle_3 at state [7.59, 5.1, 0.28]
2026-07-05 20:12 | WARNING  | robot_0 collided with obstacle_5 at state [5.54, 8.48, -0.6]
--------------------------------------------------------------------------------------------
setting actor output action_std to min_action_std :  0.1
--------------------------------------------------------------------------------------------
2026-07-05 20:12 | WARNING  | robot_0 collided with obstacle_4 at state [8.9, 3.83, -0.43]
2026-07-05 20:12 | WARNING  | robot_0 collided with obstacle_8 at state [9.83, 0.79, -0.71]
--------------------------------------------------------------------------------------------
setting actor output action_std to min_action_std :  0.1
--------------------------------------------------------------------------------------------
2026-07-05 20:12 | WARNING  | robot_0 collided with obstacle_4 at state [6.23, 2.34, -0.48]
--------------------------------------------------------------------------------------------
setting actor output action_std to min_action_std :  0.1
--------------------------------------------------------------------------------------------
2026-07-05 20:12 | WARNING  | robot_0 collided with obstacle_3 at state [8.15, 3.46, -0.32]
2026-07-05 20:12 | WARNING  | robot_0 collided with obstacle_6 at state [8.44, 1.47, 0.04]
--------------------------------------------------------------------------------------------
setting actor output action_std to min_action_std :  0.1
--------------------------------------------------------------------------------------------
2026-07-05 20:12 | WARNING  | robot_0 collided with obstacle_5 at state [5.22, 5.38, -2.21]
2026-07-05 20:12 | WARNING  | robot_0 collided with obstacle_5 at state [8.02, 5.1, -1.76]
--------------------------------------------------------------------------------------------
setting actor output action_std to min_action_std :  0.1
--------------------------------------------------------------------------------------------
2026-07-05 20:12 | WARNING  | robot_0 collided with obstacle_2 at state [9.32, 0.31, -2.33]
--------------------------------------------------------------------------------------------
setting actor output action_std to min_action_std :  0.1
--------------------------------------------------------------------------------------------
2026-07-05 20:12 | WARNING  | robot_0 collided with obstacle_5 at state [3.53, 7.2, -0.68]
2026-07-05 20:12 | WARNING  | robot_0 collided with obstacle_3 at state [4.98, 6.71, 1.62]
--------------------------------------------------------------------------------------------
setting actor output action_std to min_action_std :  0.1
--------------------------------------------------------------------------------------------
2026-07-05 20:12 | WARNING  | robot_0 collided with obstacle_7 at state [6.7, 3.88, 2.37]
2026-07-05 20:12 | WARNING  | robot_0 collided with obstacle_8 at state [5.78, 9.82, 0.3]
--------------------------------------------------------------------------------------------
setting actor output action_std to min_action_std :  0.1
--------------------------------------------------------------------------------------------
2026-07-05 20:12 | WARNING  | robot_0 collided with obstacle_5 at state [5.36, 4.2, 1.02]
2026-07-05 20:13 | WARNING  | robot_0 collided with obstacle_8 at state [7.64, 0.19, -2.49]
--------------------------------------------------------------------------------------------
setting actor output action_std to min_action_std :  0.1
--------------------------------------------------------------------------------------------
2026-07-05 20:13 | WARNING  | robot_0 collided with obstacle_8 at state [9.8, 6.56, -0.98]
2026-07-05 20:13 | WARNING  | robot_0 collided with obstacle_2 at state [8.96, 1.26, -0.04]
--------------------------------------------------------------------------------------------
setting actor output action_std to min_action_std :  0.1
--------------------------------------------------------------------------------------------
2026-07-05 20:13 | WARNING  | robot_0 collided with obstacle_3 at state [8.19, 6.69, -2.26]
--------------------------------------------------------------------------------------------
setting actor output action_std to min_action_std :  0.1
--------------------------------------------------------------------------------------------
2026-07-05 20:13 | WARNING  | robot_0 collided with obstacle_6 at state [7.68, 5.46, -0.23]
2026-07-05 20:13 | WARNING  | robot_0 collided with obstacle_5 at state [6.26, 6.25, 1.63]
--------------------------------------------------------------------------------------------
setting actor output action_std to min_action_std :  0.1
--------------------------------------------------------------------------------------------
2026-07-05 20:13 | WARNING  | robot_0 collided with obstacle_5 at state [8.13, 7.0, -0.01]
2026-07-05 20:13 | WARNING  | robot_0 collided with obstacle_4 at state [3.34, 8.04, -1.29]
--------------------------------------------------------------------------------------------
setting actor output action_std to min_action_std :  0.1
--------------------------------------------------------------------------------------------
2026-07-05 20:13 | WARNING  | robot_0 collided with obstacle_3 at state [8.21, 4.56, -1.02]
2026-07-05 20:13 | WARNING  | robot_0 collided with obstacle_1 at state [3.6, 6.25, -0.01]
--------------------------------------------------------------------------------------------
setting actor output action_std to min_action_std :  0.1
--------------------------------------------------------------------------------------------
2026-07-05 20:13 | WARNING  | robot_0 collided with obstacle_8 at state [9.8, 3.65, 0.51]
..............................................
Epoch 30. Evaluating scenarios
2026-07-05 20:13 | WARNING  | robot_0 collided with obstacle_5 at state [2.38, 2.12, -0.28]
2026-07-05 20:13 | WARNING  | robot_0 collided with obstacle_8 at state [3.52, 9.83, 0.43]
2026-07-05 20:13 | WARNING  | robot_0 collided with obstacle_7 at state [4.25, 3.79, -0.01]
2026-07-05 20:13 | WARNING  | robot_0 collided with obstacle_3 at state [2.78, 7.73, -0.09]
2026-07-05 20:13 | WARNING  | robot_0 collided with obstacle_8 at state [9.8, 8.25, 0.85]
2026-07-05 20:13 | WARNING  | robot_0 collided with obstacle_4 at state [8.71, 4.82, -1.21]
2026-07-05 20:13 | WARNING  | robot_0 collided with obstacle_4 at state [5.02, 3.91, 2.02]
2026-07-05 20:13 | WARNING  | robot_0 collided with obstacle_8 at state [8.81, 0.15, -2.12]
Average Reward: -100.05776728398185
Average Collision rate: 0.8
Average Goal rate: 0.1
..............................................
2026-07-05 20:13 | WARNING  | robot_0 collided with obstacle_4 at state [6.49, 4.64, -0.19]
--------------------------------------------------------------------------------------------
setting actor output action_std to min_action_std :  0.1
--------------------------------------------------------------------------------------------
2026-07-05 20:13 | WARNING  | robot_0 collided with obstacle_7 at state [4.54, 6.2, -0.54]
2026-07-05 20:13 | WARNING  | robot_0 collided with obstacle_6 at state [2.95, 6.32, 2.62]
--------------------------------------------------------------------------------------------
setting actor output action_std to min_action_std :  0.1
--------------------------------------------------------------------------------------------
2026-07-05 20:13 | WARNING  | robot_0 collided with obstacle_6 at state [6.29, 8.59, -0.82]
2026-07-05 20:13 | WARNING  | robot_0 collided with obstacle_4 at state [1.02, 7.89, -0.52]
--------------------------------------------------------------------------------------------
setting actor output action_std to min_action_std :  0.1
--------------------------------------------------------------------------------------------
2026-07-05 20:13 | WARNING  | robot_0 collided with obstacle_7 at state [3.41, 3.25, 2.45]
2026-07-05 20:13 | WARNING  | robot_0 collided with obstacle_5 at state [4.63, 4.41, 1.11]
--------------------------------------------------------------------------------------------
setting actor output action_std to min_action_std :  0.1
--------------------------------------------------------------------------------------------
2026-07-05 20:13 | WARNING  | robot_0 collided with obstacle_8 at state [9.8, 3.87, -1.32]
2026-07-05 20:13 | WARNING  | robot_0 collided with obstacle_2 at state [5.73, 4.55, 0.12]
--------------------------------------------------------------------------------------------
setting actor output action_std to min_action_std :  0.1
--------------------------------------------------------------------------------------------
2026-07-05 20:13 | WARNING  | robot_0 collided with obstacle_6 at state [7.73, 2.76, 0.2]
2026-07-05 20:13 | WARNING  | robot_0 collided with obstacle_5 at state [5.83, 7.05, -1.07]
--------------------------------------------------------------------------------------------
setting actor output action_std to min_action_std :  0.1
--------------------------------------------------------------------------------------------
2026-07-05 20:13 | WARNING  | robot_0 collided with obstacle_7 at state [2.84, 3.38, 0.62]
2026-07-05 20:13 | WARNING  | robot_0 collided with obstacle_4 at state [5.32, 4.62, 1.02]
--------------------------------------------------------------------------------------------
setting actor output action_std to min_action_std :  0.1
--------------------------------------------------------------------------------------------
2026-07-05 20:13 | WARNING  | robot_0 collided with obstacle_3 at state [4.6, 7.46, -0.73]
2026-07-05 20:13 | WARNING  | robot_0 collided with obstacle_4 at state [7.39, 7.19, -0.75]
--------------------------------------------------------------------------------------------
setting actor output action_std to min_action_std :  0.1
--------------------------------------------------------------------------------------------
2026-07-05 20:13 | WARNING  | robot_0 collided with obstacle_8 at state [9.82, 8.56, -1.14]
2026-07-05 20:13 | WARNING  | robot_0 collided with obstacle_2 at state [6.66, 4.08, -1.32]
--------------------------------------------------------------------------------------------
setting actor output action_std to min_action_std :  0.1
--------------------------------------------------------------------------------------------
2026-07-05 20:13 | WARNING  | robot_0 collided with obstacle_7 at state [8.32, 7.05, -0.92]
2026-07-05 20:13 | WARNING  | robot_0 collided with obstacle_7 at state [6.77, 6.6, 0.42]
--------------------------------------------------------------------------------------------
setting actor output action_std to min_action_std :  0.1
--------------------------------------------------------------------------------------------
2026-07-05 20:13 | WARNING  | robot_0 collided with obstacle_4 at state [7.24, 7.35, -3.02]
--------------------------------------------------------------------------------------------
setting actor output action_std to min_action_std :  0.1
--------------------------------------------------------------------------------------------
2026-07-05 20:13 | WARNING  | robot_0 collided with obstacle_8 at state [9.89, 6.26, -1.1]
2026-07-05 20:13 | WARNING  | robot_0 collided with obstacle_8 at state [9.84, 7.54, -0.57]
--------------------------------------------------------------------------------------------
setting actor output action_std to min_action_std :  0.1
--------------------------------------------------------------------------------------------
2026-07-05 20:14 | WARNING  | robot_0 collided with obstacle_6 at state [7.71, 3.6, 1.6]
2026-07-05 20:14 | WARNING  | robot_0 collided with obstacle_3 at state [5.72, 4.07, -1.73]
--------------------------------------------------------------------------------------------
setting actor output action_std to min_action_std :  0.1
--------------------------------------------------------------------------------------------
2026-07-05 20:14 | WARNING  | robot_0 collided with obstacle_4 at state [7.74, 5.16, -1.05]
2026-07-05 20:14 | WARNING  | robot_0 collided with obstacle_5 at state [6.57, 6.7, -0.58]
--------------------------------------------------------------------------------------------
setting actor output action_std to min_action_std :  0.1
--------------------------------------------------------------------------------------------
2026-07-05 20:14 | WARNING  | robot_0 collided with obstacle_2 at state [8.52, 2.66, 2.76]
2026-07-05 20:14 | WARNING  | robot_0 collided with obstacle_7 at state [2.65, 3.08, -0.94]
--------------------------------------------------------------------------------------------
setting actor output action_std to min_action_std :  0.1
--------------------------------------------------------------------------------------------
2026-07-05 20:14 | WARNING  | robot_0 collided with obstacle_3 at state [6.91, 4.86, -0.83]
--------------------------------------------------------------------------------------------
setting actor output action_std to min_action_std :  0.1
--------------------------------------------------------------------------------------------
--------------------------------------------------------------------------------------------
setting actor output action_std to min_action_std :  0.1
--------------------------------------------------------------------------------------------
--------------------------------------------------------------------------------------------
setting actor output action_std to min_action_std :  0.1
--------------------------------------------------------------------------------------------
2026-07-05 20:14 | WARNING  | robot_0 collided with obstacle_8 at state [4.05, 0.19, -2.9]
2026-07-05 20:14 | WARNING  | robot_0 collided with obstacle_8 at state [9.86, 4.07, -1.2]
2026-07-05 20:14 | WARNING  | robot_0 collided with obstacle_2 at state [6.31, 1.51, 0.0]
--------------------------------------------------------------------------------------------
setting actor output action_std to min_action_std :  0.1
--------------------------------------------------------------------------------------------
2026-07-05 20:14 | WARNING  | robot_0 collided with obstacle_3 at state [4.87, 7.05, -0.82]
--------------------------------------------------------------------------------------------
setting actor output action_std to min_action_std :  0.1
--------------------------------------------------------------------------------------------
2026-07-05 20:14 | WARNING  | robot_0 collided with obstacle_7 at state [4.14, 4.15, 2.09]
--------------------------------------------------------------------------------------------
setting actor output action_std to min_action_std :  0.1
--------------------------------------------------------------------------------------------
2026-07-05 20:14 | WARNING  | robot_0 collided with obstacle_8 at state [9.83, 7.21, -1.0]
--------------------------------------------------------------------------------------------
setting actor output action_std to min_action_std :  0.1
--------------------------------------------------------------------------------------------
2026-07-05 20:14 | WARNING  | robot_0 collided with obstacle_3 at state [5.63, 3.46, 0.44]
--------------------------------------------------------------------------------------------
setting actor output action_std to min_action_std :  0.1
--------------------------------------------------------------------------------------------
2026-07-05 20:14 | WARNING  | robot_0 collided with obstacle_5 at state [8.7, 3.51, -1.8]
2026-07-05 20:14 | WARNING  | robot_0 collided with obstacle_8 at state [9.87, 7.63, -0.71]
--------------------------------------------------------------------------------------------
setting actor output action_std to min_action_std :  0.1
--------------------------------------------------------------------------------------------
2026-07-05 20:14 | WARNING  | robot_0 collided with obstacle_5 at state [3.98, 5.73, -0.57]
--------------------------------------------------------------------------------------------
setting actor output action_std to min_action_std :  0.1
--------------------------------------------------------------------------------------------
2026-07-05 20:14 | WARNING  | robot_0 collided with obstacle_3 at state [6.24, 5.61, 1.92]
--------------------------------------------------------------------------------------------
setting actor output action_std to min_action_std :  0.1
--------------------------------------------------------------------------------------------
2026-07-05 20:14 | WARNING  | robot_0 collided with obstacle_4 at state [7.16, 2.63, -0.38]
--------------------------------------------------------------------------------------------
setting actor output action_std to min_action_std :  0.1
--------------------------------------------------------------------------------------------
2026-07-05 20:15 | WARNING  | robot_0 collided with obstacle_4 at state [7.97, 4.01, 1.13]
--------------------------------------------------------------------------------------------
setting actor output action_std to min_action_std :  0.1
--------------------------------------------------------------------------------------------
2026-07-05 20:15 | WARNING  | robot_0 collided with obstacle_7 at state [8.69, 3.97, -0.16]
2026-07-05 20:15 | WARNING  | robot_0 collided with obstacle_8 at state [0.17, 4.51, 2.16]
--------------------------------------------------------------------------------------------
setting actor output action_std to min_action_std :  0.1
--------------------------------------------------------------------------------------------
2026-07-05 20:15 | WARNING  | robot_0 collided with obstacle_2 at state [8.69, 5.47, -0.15]
2026-07-05 20:15 | WARNING  | robot_0 collided with obstacle_2 at state [3.03, 3.19, 0.0]
--------------------------------------------------------------------------------------------
setting actor output action_std to min_action_std :  0.1
--------------------------------------------------------------------------------------------
2026-07-05 20:15 | WARNING  | robot_0 collided with obstacle_8 at state [5.14, 9.8, 0.38]
--------------------------------------------------------------------------------------------
setting actor output action_std to min_action_std :  0.1
--------------------------------------------------------------------------------------------
2026-07-05 20:15 | WARNING  | robot_0 collided with obstacle_6 at state [3.61, 3.68, -1.41]
2026-07-05 20:15 | WARNING  | robot_0 collided with obstacle_4 at state [8.29, 3.82, -0.94]
--------------------------------------------------------------------------------------------
setting actor output action_std to min_action_std :  0.1
--------------------------------------------------------------------------------------------
2026-07-05 20:15 | WARNING  | robot_0 collided with obstacle_3 at state [7.67, 2.76, -2.31]
2026-07-05 20:15 | WARNING  | robot_0 collided with obstacle_2 at state [8.25, 7.91, -1.04]
--------------------------------------------------------------------------------------------
setting actor output action_std to min_action_std :  0.1
--------------------------------------------------------------------------------------------
2026-07-05 20:15 | WARNING  | robot_0 collided with obstacle_8 at state [9.89, 4.55, -0.82]
2026-07-05 20:15 | WARNING  | robot_0 collided with obstacle_3 at state [7.52, 7.53, -0.51]
--------------------------------------------------------------------------------------------
setting actor output action_std to min_action_std :  0.1
--------------------------------------------------------------------------------------------
2026-07-05 20:15 | WARNING  | robot_0 collided with obstacle_3 at state [4.44, 2.53, 0.53]
..............................................
Epoch 31. Evaluating scenarios
2026-07-05 20:15 | WARNING  | robot_0 collided with obstacle_8 at state [3.0, 9.85, 0.46]
2026-07-05 20:15 | WARNING  | robot_0 collided with obstacle_4 at state [5.98, 7.34, 0.19]
2026-07-05 20:15 | WARNING  | robot_0 collided with obstacle_7 at state [6.72, 0.89, -2.84]
2026-07-05 20:15 | WARNING  | robot_0 collided with obstacle_4 at state [5.7, 2.63, 1.87]
2026-07-05 20:15 | WARNING  | robot_0 collided with obstacle_3 at state [2.88, 7.25, -0.84]
2026-07-05 20:15 | WARNING  | robot_0 collided with obstacle_7 at state [3.05, 7.55, -1.28]
Average Reward: -72.99007610549802
Average Collision rate: 0.6
Average Goal rate: 0.1
..............................................
2026-07-05 20:15 | WARNING  | robot_0 collided with obstacle_8 at state [5.86, 9.8, 2.0]
2026-07-05 20:15 | WARNING  | robot_0 collided with obstacle_1 at state [3.65, 6.43, 1.13]
--------------------------------------------------------------------------------------------
setting actor output action_std to min_action_std :  0.1
--------------------------------------------------------------------------------------------
2026-07-05 20:15 | WARNING  | robot_0 collided with obstacle_2 at state [6.54, 7.23, -0.15]
2026-07-05 20:15 | WARNING  | robot_0 collided with obstacle_8 at state [5.39, 0.19, 3.05]
--------------------------------------------------------------------------------------------
setting actor output action_std to min_action_std :  0.1
--------------------------------------------------------------------------------------------
2026-07-05 20:15 | WARNING  | robot_0 collided with obstacle_8 at state [6.39, 9.88, 0.85]
2026-07-05 20:15 | WARNING  | robot_0 collided with obstacle_8 at state [9.81, 4.64, -1.18]
--------------------------------------------------------------------------------------------
setting actor output action_std to min_action_std :  0.1
--------------------------------------------------------------------------------------------
--------------------------------------------------------------------------------------------
setting actor output action_std to min_action_std :  0.1
--------------------------------------------------------------------------------------------
2026-07-05 20:16 | WARNING  | robot_0 collided with obstacle_6 at state [5.42, 7.87, 0.01]
2026-07-05 20:16 | WARNING  | robot_0 collided with obstacle_4 at state [5.8, 6.15, 3.1]
--------------------------------------------------------------------------------------------
setting actor output action_std to min_action_std :  0.1
--------------------------------------------------------------------------------------------
2026-07-05 20:16 | WARNING  | robot_0 collided with obstacle_7 at state [4.71, 7.34, 0.79]
--------------------------------------------------------------------------------------------
setting actor output action_std to min_action_std :  0.1
--------------------------------------------------------------------------------------------
2026-07-05 20:16 | WARNING  | robot_0 collided with obstacle_5 at state [2.85, 7.61, -0.72]
2026-07-05 20:16 | WARNING  | robot_0 collided with obstacle_8 at state [4.59, 9.8, 0.19]
--------------------------------------------------------------------------------------------
setting actor output action_std to min_action_std :  0.1
--------------------------------------------------------------------------------------------
2026-07-05 20:16 | WARNING  | robot_0 collided with obstacle_8 at state [9.82, 5.9, -1.06]
2026-07-05 20:16 | WARNING  | robot_0 collided with obstacle_8 at state [9.8, 1.9, 0.47]
--------------------------------------------------------------------------------------------
setting actor output action_std to min_action_std :  0.1
--------------------------------------------------------------------------------------------
2026-07-05 20:16 | WARNING  | robot_0 collided with obstacle_4 at state [5.84, 8.58, -0.3]
2026-07-05 20:16 | WARNING  | robot_0 collided with obstacle_3 at state [7.18, 6.67, 0.81]
--------------------------------------------------------------------------------------------
setting actor output action_std to min_action_std :  0.1
--------------------------------------------------------------------------------------------
2026-07-05 20:16 | WARNING  | robot_0 collided with obstacle_2 at state [6.27, 5.34, 2.16]
--------------------------------------------------------------------------------------------
setting actor output action_std to min_action_std :  0.1
--------------------------------------------------------------------------------------------
2026-07-05 20:16 | WARNING  | robot_0 collided with obstacle_2 at state [3.41, 7.02, 0.47]
2026-07-05 20:16 | WARNING  | robot_0 collided with obstacle_6 at state [2.91, 3.53, -1.85]
--------------------------------------------------------------------------------------------
setting actor output action_std to min_action_std :  0.1
--------------------------------------------------------------------------------------------
2026-07-05 20:16 | WARNING  | robot_0 collided with obstacle_4 at state [5.71, 5.68, 1.08]
--------------------------------------------------------------------------------------------
setting actor output action_std to min_action_std :  0.1
--------------------------------------------------------------------------------------------
2026-07-05 20:16 | WARNING  | robot_0 collided with obstacle_2 at state [3.78, 4.06, 2.69]
2026-07-05 20:16 | WARNING  | robot_0 collided with obstacle_7 at state [7.98, 8.1, 0.98]
--------------------------------------------------------------------------------------------
setting actor output action_std to min_action_std :  0.1
--------------------------------------------------------------------------------------------
2026-07-05 20:16 | WARNING  | robot_0 collided with obstacle_8 at state [0.13, 3.7, 2.05]
2026-07-05 20:16 | WARNING  | robot_0 collided with obstacle_5 at state [2.59, 7.11, -0.15]
--------------------------------------------------------------------------------------------
setting actor output action_std to min_action_std :  0.1
--------------------------------------------------------------------------------------------
2026-07-05 20:16 | WARNING  | robot_0 collided with obstacle_8 at state [9.87, 6.14, -0.67]
2026-07-05 20:16 | WARNING  | robot_0 collided with obstacle_4 at state [5.99, 5.96, 1.86]
--------------------------------------------------------------------------------------------
setting actor output action_std to min_action_std :  0.1
--------------------------------------------------------------------------------------------
2026-07-05 20:16 | WARNING  | robot_0 collided with obstacle_3 at state [5.35, 1.4, 0.41]
2026-07-05 20:16 | WARNING  | robot_0 collided with obstacle_3 at state [9.52, 4.26, -2.07]
--------------------------------------------------------------------------------------------
setting actor output action_std to min_action_std :  0.1
--------------------------------------------------------------------------------------------
2026-07-05 20:16 | WARNING  | robot_0 collided with obstacle_8 at state [9.87, 5.24, -0.78]
2026-07-05 20:16 | WARNING  | robot_0 collided with obstacle_5 at state [4.34, 4.64, 3.02]
--------------------------------------------------------------------------------------------
setting actor output action_std to min_action_std :  0.1
--------------------------------------------------------------------------------------------
2026-07-05 20:16 | WARNING  | robot_0 collided with obstacle_4 at state [3.31, 5.05, 1.4]
--------------------------------------------------------------------------------------------
setting actor output action_std to min_action_std :  0.1
--------------------------------------------------------------------------------------------
2026-07-05 20:16 | WARNING  | robot_0 collided with obstacle_3 at state [6.43, 4.16, 2.34]
2026-07-05 20:16 | WARNING  | robot_0 collided with obstacle_8 at state [9.82, 5.08, -1.41]
--------------------------------------------------------------------------------------------
setting actor output action_std to min_action_std :  0.1
--------------------------------------------------------------------------------------------
2026-07-05 20:16 | WARNING  | robot_0 collided with obstacle_8 at state [9.8, 5.03, -1.38]
2026-07-05 20:16 | WARNING  | robot_0 collided with obstacle_5 at state [7.47, 5.38, 1.76]
--------------------------------------------------------------------------------------------
setting actor output action_std to min_action_std :  0.1
--------------------------------------------------------------------------------------------
2026-07-05 20:16 | WARNING  | robot_0 collided with obstacle_8 at state [5.27, 9.81, 0.07]
2026-07-05 20:16 | WARNING  | robot_0 collided with obstacle_1 at state [3.76, 6.27, 1.76]
--------------------------------------------------------------------------------------------
setting actor output action_std to min_action_std :  0.1
--------------------------------------------------------------------------------------------
2026-07-05 20:16 | WARNING  | robot_0 collided with obstacle_6 at state [3.65, 2.42, -2.23]
2026-07-05 20:16 | WARNING  | robot_0 collided with obstacle_8 at state [1.95, 0.19, 2.98]
--------------------------------------------------------------------------------------------
setting actor output action_std to min_action_std :  0.1
--------------------------------------------------------------------------------------------
2026-07-05 20:16 | WARNING  | robot_0 collided with obstacle_8 at state [9.88, 6.58, -1.08]
2026-07-05 20:16 | WARNING  | robot_0 collided with obstacle_8 at state [8.67, 0.14, -2.27]
--------------------------------------------------------------------------------------------
setting actor output action_std to min_action_std :  0.1
--------------------------------------------------------------------------------------------
2026-07-05 20:16 | WARNING  | robot_0 collided with obstacle_6 at state [6.24, 7.36, 0.3]
2026-07-05 20:16 | WARNING  | robot_0 collided with obstacle_7 at state [5.27, 5.39, -1.3]
--------------------------------------------------------------------------------------------
setting actor output action_std to min_action_std :  0.1
--------------------------------------------------------------------------------------------
2026-07-05 20:16 | WARNING  | robot_0 collided with obstacle_7 at state [5.54, 4.08, -0.85]
--------------------------------------------------------------------------------------------
setting actor output action_std to min_action_std :  0.1
--------------------------------------------------------------------------------------------
2026-07-05 20:17 | WARNING  | robot_0 collided with obstacle_7 at state [4.16, 5.96, 1.5]
--------------------------------------------------------------------------------------------
setting actor output action_std to min_action_std :  0.1
--------------------------------------------------------------------------------------------
2026-07-05 20:17 | WARNING  | robot_0 collided with obstacle_8 at state [6.46, 9.81, -0.06]
2026-07-05 20:17 | WARNING  | robot_0 collided with obstacle_8 at state [4.53, 9.8, 0.08]
--------------------------------------------------------------------------------------------
setting actor output action_std to min_action_std :  0.1
--------------------------------------------------------------------------------------------
2026-07-05 20:17 | WARNING  | robot_0 collided with obstacle_7 at state [6.64, 5.14, -2.25]
2026-07-05 20:17 | WARNING  | robot_0 collided with obstacle_4 at state [4.55, 4.37, 3.03]
--------------------------------------------------------------------------------------------
setting actor output action_std to min_action_std :  0.1
--------------------------------------------------------------------------------------------
2026-07-05 20:17 | WARNING  | robot_0 collided with obstacle_6 at state [6.57, 5.73, -1.15]
2026-07-05 20:17 | WARNING  | robot_0 collided with obstacle_7 at state [2.13, 4.42, 0.93]
--------------------------------------------------------------------------------------------
setting actor output action_std to min_action_std :  0.1
--------------------------------------------------------------------------------------------
2026-07-05 20:17 | WARNING  | robot_0 collided with obstacle_4 at state [8.41, 2.78, 0.21]
2026-07-05 20:17 | WARNING  | robot_0 collided with obstacle_8 at state [2.86, 0.2, 3.01]
--------------------------------------------------------------------------------------------
setting actor output action_std to min_action_std :  0.1
--------------------------------------------------------------------------------------------
2026-07-05 20:17 | WARNING  | robot_0 collided with obstacle_8 at state [7.75, 9.81, -0.15]
2026-07-05 20:17 | WARNING  | robot_0 collided with obstacle_2 at state [8.77, 5.63, -0.1]
--------------------------------------------------------------------------------------------
setting actor output action_std to min_action_std :  0.1
--------------------------------------------------------------------------------------------
2026-07-05 20:17 | WARNING  | robot_0 collided with obstacle_5 at state [6.73, 1.92, 0.52]
2026-07-05 20:17 | WARNING  | robot_0 collided with obstacle_5 at state [7.28, 6.33, -1.08]
--------------------------------------------------------------------------------------------
setting actor output action_std to min_action_std :  0.1
--------------------------------------------------------------------------------------------
2026-07-05 20:17 | WARNING  | robot_0 collided with obstacle_5 at state [4.41, 4.95, 0.53]
2026-07-05 20:17 | WARNING  | robot_0 collided with obstacle_6 at state [5.96, 4.18, -2.69]
--------------------------------------------------------------------------------------------
setting actor output action_std to min_action_std :  0.1
--------------------------------------------------------------------------------------------
2026-07-05 20:17 | WARNING  | robot_0 collided with obstacle_2 at state [5.93, 4.66, -0.16]
2026-07-05 20:17 | WARNING  | robot_0 collided with obstacle_8 at state [6.53, 0.17, -2.73]
--------------------------------------------------------------------------------------------
setting actor output action_std to min_action_std :  0.1
--------------------------------------------------------------------------------------------
2026-07-05 20:17 | WARNING  | robot_0 collided with obstacle_1 at state [5.68, 4.47, 0.98]
..............................................
Epoch 32. Evaluating scenarios
2026-07-05 20:17 | WARNING  | robot_0 collided with obstacle_5 at state [7.93, 5.72, -1.39]
2026-07-05 20:17 | WARNING  | robot_0 collided with obstacle_3 at state [6.12, 6.21, -0.15]
2026-07-05 20:17 | WARNING  | robot_0 collided with obstacle_2 at state [4.11, 4.71, -0.35]
2026-07-05 20:17 | WARNING  | robot_0 collided with obstacle_7 at state [7.9, 5.15, -0.44]
2026-07-05 20:17 | WARNING  | robot_0 collided with obstacle_4 at state [5.01, 3.6, -0.04]
2026-07-05 20:17 | WARNING  | robot_0 collided with obstacle_3 at state [2.22, 3.24, 0.23]
2026-07-05 20:17 | WARNING  | robot_0 collided with obstacle_3 at state [5.02, 3.38, -2.79]
2026-07-05 20:17 | WARNING  | robot_0 collided with obstacle_5 at state [3.85, 4.53, 2.32]
2026-07-05 20:17 | WARNING  | robot_0 collided with obstacle_8 at state [9.86, 5.61, -1.06]
2026-07-05 20:17 | WARNING  | robot_0 collided with obstacle_4 at state [5.64, 2.55, 0.12]
Average Reward: -131.98739051962087
Average Collision rate: 1.0
Average Goal rate: 0.0
..............................................
2026-07-05 20:17 | WARNING  | robot_0 collided with obstacle_2 at state [1.51, 3.75, 2.24]
--------------------------------------------------------------------------------------------
setting actor output action_std to min_action_std :  0.1
--------------------------------------------------------------------------------------------
2026-07-05 20:17 | WARNING  | robot_0 collided with obstacle_5 at state [8.6, 5.78, 1.89]
2026-07-05 20:17 | WARNING  | robot_0 collided with obstacle_6 at state [4.33, 6.05, 0.58]
--------------------------------------------------------------------------------------------
setting actor output action_std to min_action_std :  0.1
--------------------------------------------------------------------------------------------
2026-07-05 20:18 | WARNING  | robot_0 collided with obstacle_2 at state [6.42, 6.73, -1.48]
--------------------------------------------------------------------------------------------
setting actor output action_std to min_action_std :  0.1
--------------------------------------------------------------------------------------------
2026-07-05 20:18 | WARNING  | robot_0 collided with obstacle_5 at state [7.78, 2.72, -2.73]
2026-07-05 20:18 | WARNING  | robot_0 collided with obstacle_4 at state [8.11, 8.56, 0.02]
--------------------------------------------------------------------------------------------
setting actor output action_std to min_action_std :  0.1
--------------------------------------------------------------------------------------------
2026-07-05 20:18 | WARNING  | robot_0 collided with obstacle_6 at state [4.66, 2.03, -2.17]
2026-07-05 20:18 | WARNING  | robot_0 collided with obstacle_8 at state [5.22, 0.16, -2.44]
--------------------------------------------------------------------------------------------
setting actor output action_std to min_action_std :  0.1
--------------------------------------------------------------------------------------------
2026-07-05 20:18 | WARNING  | robot_0 collided with obstacle_6 at state [5.67, 2.06, -2.19]
2026-07-05 20:18 | WARNING  | robot_0 collided with obstacle_4 at state [7.29, 7.04, -1.28]
--------------------------------------------------------------------------------------------
setting actor output action_std to min_action_std :  0.1
--------------------------------------------------------------------------------------------
2026-07-05 20:18 | WARNING  | robot_0 collided with obstacle_5 at state [5.05, 1.94, 2.76]
--------------------------------------------------------------------------------------------
setting actor output action_std to min_action_std :  0.1
--------------------------------------------------------------------------------------------
2026-07-05 20:18 | WARNING  | robot_0 collided with obstacle_4 at state [4.75, 4.58, 0.4]
2026-07-05 20:18 | WARNING  | robot_0 collided with obstacle_5 at state [6.42, 2.92, 2.59]
--------------------------------------------------------------------------------------------
setting actor output action_std to min_action_std :  0.1
--------------------------------------------------------------------------------------------
2026-07-05 20:18 | WARNING  | robot_0 collided with obstacle_4 at state [3.84, 4.89, -1.02]
2026-07-05 20:18 | WARNING  | robot_0 collided with obstacle_5 at state [6.27, 4.99, 2.08]
--------------------------------------------------------------------------------------------
setting actor output action_std to min_action_std :  0.1
--------------------------------------------------------------------------------------------
--------------------------------------------------------------------------------------------
setting actor output action_std to min_action_std :  0.1
--------------------------------------------------------------------------------------------
2026-07-05 20:18 | WARNING  | robot_0 collided with obstacle_3 at state [7.65, 5.18, 2.12]
2026-07-05 20:18 | WARNING  | robot_0 collided with obstacle_8 at state [9.8, 7.09, -1.04]
--------------------------------------------------------------------------------------------
setting actor output action_std to min_action_std :  0.1
--------------------------------------------------------------------------------------------
2026-07-05 20:18 | WARNING  | robot_0 collided with obstacle_6 at state [5.17, 7.12, -1.52]
2026-07-05 20:18 | WARNING  | robot_0 collided with obstacle_7 at state [5.32, 5.39, -1.93]
--------------------------------------------------------------------------------------------
setting actor output action_std to min_action_std :  0.1
--------------------------------------------------------------------------------------------
2026-07-05 20:18 | WARNING  | robot_0 collided with obstacle_6 at state [5.09, 5.94, -1.41]
2026-07-05 20:18 | WARNING  | robot_0 collided with obstacle_7 at state [3.92, 2.0, 3.02]
--------------------------------------------------------------------------------------------
setting actor output action_std to min_action_std :  0.1
--------------------------------------------------------------------------------------------
2026-07-05 20:18 | WARNING  | robot_0 collided with obstacle_3 at state [6.97, 2.72, 2.45]
2026-07-05 20:18 | WARNING  | robot_0 collided with obstacle_6 at state [4.61, 2.92, 1.06]
--------------------------------------------------------------------------------------------
setting actor output action_std to min_action_std :  0.1
--------------------------------------------------------------------------------------------
2026-07-05 20:18 | WARNING  | robot_0 collided with obstacle_3 at state [6.31, 2.13, 2.06]
2026-07-05 20:18 | WARNING  | robot_0 collided with obstacle_6 at state [6.4, 6.28, -0.77]
--------------------------------------------------------------------------------------------
setting actor output action_std to min_action_std :  0.1
--------------------------------------------------------------------------------------------
2026-07-05 20:18 | WARNING  | robot_0 collided with obstacle_7 at state [2.64, 4.27, 1.9]
--------------------------------------------------------------------------------------------
setting actor output action_std to min_action_std :  0.1
--------------------------------------------------------------------------------------------
2026-07-05 20:18 | WARNING  | robot_0 collided with obstacle_5 at state [2.46, 4.21, 2.33]
2026-07-05 20:18 | WARNING  | robot_0 collided with obstacle_8 at state [0.14, 2.79, 1.88]
--------------------------------------------------------------------------------------------
setting actor output action_std to min_action_std :  0.1
--------------------------------------------------------------------------------------------
2026-07-05 20:18 | WARNING  | robot_0 collided with obstacle_8 at state [4.59, 9.83, 0.47]
2026-07-05 20:18 | WARNING  | robot_0 collided with obstacle_1 at state [3.27, 4.9, -0.13]
--------------------------------------------------------------------------------------------
setting actor output action_std to min_action_std :  0.1
--------------------------------------------------------------------------------------------
2026-07-05 20:18 | WARNING  | robot_0 collided with obstacle_2 at state [6.97, 2.86, -0.11]
2026-07-05 20:18 | WARNING  | robot_0 collided with obstacle_3 at state [6.3, 7.43, 1.47]
--------------------------------------------------------------------------------------------
setting actor output action_std to min_action_std :  0.1
--------------------------------------------------------------------------------------------
2026-07-05 20:18 | WARNING  | robot_0 collided with obstacle_1 at state [4.05, 6.84, 0.58]
2026-07-05 20:18 | WARNING  | robot_0 collided with obstacle_2 at state [1.19, 5.48, 2.49]
--------------------------------------------------------------------------------------------
setting actor output action_std to min_action_std :  0.1
--------------------------------------------------------------------------------------------
2026-07-05 20:18 | WARNING  | robot_0 collided with obstacle_6 at state [5.76, 5.03, -1.77]
--------------------------------------------------------------------------------------------
setting actor output action_std to min_action_std :  0.1
--------------------------------------------------------------------------------------------
2026-07-05 20:18 | WARNING  | robot_0 collided with obstacle_8 at state [9.82, 4.55, -1.29]
2026-07-05 20:18 | WARNING  | robot_0 collided with obstacle_5 at state [4.38, 5.01, -2.6]
--------------------------------------------------------------------------------------------
setting actor output action_std to min_action_std :  0.1
--------------------------------------------------------------------------------------------
2026-07-05 20:18 | WARNING  | robot_0 collided with obstacle_8 at state [5.05, 0.19, -2.78]
2026-07-05 20:18 | WARNING  | robot_0 collided with obstacle_5 at state [6.41, 6.43, -1.79]
--------------------------------------------------------------------------------------------
setting actor output action_std to min_action_std :  0.1
--------------------------------------------------------------------------------------------
2026-07-05 20:18 | WARNING  | robot_0 collided with obstacle_4 at state [3.88, 6.6, 0.96]
2026-07-05 20:18 | WARNING  | robot_0 collided with obstacle_3 at state [6.42, 3.09, 2.84]
--------------------------------------------------------------------------------------------
setting actor output action_std to min_action_std :  0.1
--------------------------------------------------------------------------------------------
2026-07-05 20:18 | WARNING  | robot_0 collided with obstacle_4 at state [5.92, 5.23, -2.6]
2026-07-05 20:18 | WARNING  | robot_0 collided with obstacle_4 at state [5.36, 6.08, 0.47]
--------------------------------------------------------------------------------------------
setting actor output action_std to min_action_std :  0.1
--------------------------------------------------------------------------------------------
2026-07-05 20:18 | WARNING  | robot_0 collided with obstacle_7 at state [4.43, 5.6, 0.97]
--------------------------------------------------------------------------------------------
setting actor output action_std to min_action_std :  0.1
--------------------------------------------------------------------------------------------
2026-07-05 20:19 | WARNING  | robot_0 collided with obstacle_5 at state [8.71, 6.04, 2.4]
--------------------------------------------------------------------------------------------
setting actor output action_std to min_action_std :  0.1
--------------------------------------------------------------------------------------------
2026-07-05 20:19 | WARNING  | robot_0 collided with obstacle_5 at state [2.93, 5.25, -2.36]
2026-07-05 20:19 | WARNING  | robot_0 collided with obstacle_4 at state [3.58, 6.34, -2.98]
--------------------------------------------------------------------------------------------
setting actor output action_std to min_action_std :  0.1
--------------------------------------------------------------------------------------------
2026-07-05 20:19 | WARNING  | robot_0 collided with obstacle_4 at state [4.65, 7.63, 0.75]
2026-07-05 20:19 | WARNING  | robot_0 collided with obstacle_2 at state [9.61, 7.87, -0.88]
--------------------------------------------------------------------------------------------
setting actor output action_std to min_action_std :  0.1
--------------------------------------------------------------------------------------------
2026-07-05 20:19 | WARNING  | robot_0 collided with obstacle_3 at state [7.15, 5.03, -1.63]
2026-07-05 20:19 | WARNING  | robot_0 collided with obstacle_8 at state [0.17, 5.1, 2.15]
--------------------------------------------------------------------------------------------
setting actor output action_std to min_action_std :  0.1
--------------------------------------------------------------------------------------------
2026-07-05 20:19 | WARNING  | robot_0 collided with obstacle_7 at state [3.36, 4.54, -1.54]
2026-07-05 20:19 | WARNING  | robot_0 collided with obstacle_6 at state [5.41, 3.94, 3.13]
--------------------------------------------------------------------------------------------
setting actor output action_std to min_action_std :  0.1
--------------------------------------------------------------------------------------------
2026-07-05 20:19 | WARNING  | robot_0 collided with obstacle_3 at state [4.5, 6.01, 2.49]
--------------------------------------------------------------------------------------------
setting actor output action_std to min_action_std :  0.1
--------------------------------------------------------------------------------------------
2026-07-05 20:19 | WARNING  | robot_0 collided with obstacle_6 at state [3.57, 1.86, -1.89]
2026-07-05 20:19 | WARNING  | robot_0 collided with obstacle_2 at state [8.04, 4.66, -0.93]
--------------------------------------------------------------------------------------------
setting actor output action_std to min_action_std :  0.1
--------------------------------------------------------------------------------------------
2026-07-05 20:19 | WARNING  | robot_0 collided with obstacle_2 at state [5.12, 7.02, -1.02]
2026-07-05 20:19 | WARNING  | robot_0 collided with obstacle_8 at state [5.74, 9.8, -0.08]
--------------------------------------------------------------------------------------------
setting actor output action_std to min_action_std :  0.1
--------------------------------------------------------------------------------------------
..............................................
Epoch 33. Evaluating scenarios
2026-07-05 20:19 | WARNING  | robot_0 collided with obstacle_4 at state [5.61, 7.78, -0.69]
2026-07-05 20:19 | WARNING  | robot_0 collided with obstacle_2 at state [2.58, 6.91, -1.1]
2026-07-05 20:19 | WARNING  | robot_0 collided with obstacle_3 at state [1.27, 4.33, 0.27]
2026-07-05 20:19 | WARNING  | robot_0 collided with obstacle_8 at state [9.83, 5.41, -1.3]
2026-07-05 20:19 | WARNING  | robot_0 collided with obstacle_4 at state [6.45, 7.1, 1.55]
2026-07-05 20:19 | WARNING  | robot_0 collided with obstacle_8 at state [9.82, 6.56, -1.24]
2026-07-05 20:19 | WARNING  | robot_0 collided with obstacle_5 at state [5.72, 5.79, -1.3]
2026-07-05 20:19 | WARNING  | robot_0 collided with obstacle_3 at state [3.22, 5.14, -1.41]
2026-07-05 20:19 | WARNING  | robot_0 collided with obstacle_3 at state [3.34, 3.64, -1.15]
2026-07-05 20:19 | WARNING  | robot_0 collided with obstacle_7 at state [4.57, 2.49, 2.86]
Average Reward: -115.01573309074774
Average Collision rate: 1.0
Average Goal rate: 0.0
..............................................
2026-07-05 20:19 | WARNING  | robot_0 collided with obstacle_5 at state [5.07, 2.35, -3.08]
--------------------------------------------------------------------------------------------
setting actor output action_std to min_action_std :  0.1
--------------------------------------------------------------------------------------------
2026-07-05 20:19 | WARNING  | robot_0 collided with obstacle_7 at state [6.31, 7.71, -0.69]
2026-07-05 20:19 | WARNING  | robot_0 collided with obstacle_6 at state [4.68, 6.9, -0.52]
--------------------------------------------------------------------------------------------
setting actor output action_std to min_action_std :  0.1
--------------------------------------------------------------------------------------------
2026-07-05 20:19 | WARNING  | robot_0 collided with obstacle_1 at state [6.28, 7.96, 1.72]
2026-07-05 20:19 | WARNING  | robot_0 collided with obstacle_8 at state [9.82, 3.9, -1.66]
--------------------------------------------------------------------------------------------
setting actor output action_std to min_action_std :  0.1
--------------------------------------------------------------------------------------------
2026-07-05 20:19 | WARNING  | robot_0 collided with obstacle_4 at state [5.3, 5.18, 2.01]
2026-07-05 20:19 | WARNING  | robot_0 collided with obstacle_5 at state [5.85, 6.49, 0.41]
--------------------------------------------------------------------------------------------
setting actor output action_std to min_action_std :  0.1
--------------------------------------------------------------------------------------------
2026-07-05 20:19 | WARNING  | robot_0 collided with obstacle_7 at state [7.02, 4.55, 0.13]
2026-07-05 20:19 | WARNING  | robot_0 collided with obstacle_3 at state [4.14, 6.63, 0.59]
--------------------------------------------------------------------------------------------
setting actor output action_std to min_action_std :  0.1
--------------------------------------------------------------------------------------------
2026-07-05 20:19 | WARNING  | robot_0 collided with obstacle_4 at state [5.29, 4.95, -1.19]
--------------------------------------------------------------------------------------------
setting actor output action_std to min_action_std :  0.1
--------------------------------------------------------------------------------------------
2026-07-05 20:20 | WARNING  | robot_0 collided with obstacle_7 at state [6.18, 7.32, -1.35]
2026-07-05 20:20 | WARNING  | robot_0 collided with obstacle_8 at state [5.83, 9.84, 0.45]
--------------------------------------------------------------------------------------------
setting actor output action_std to min_action_std :  0.1
--------------------------------------------------------------------------------------------
2026-07-05 20:20 | WARNING  | robot_0 collided with obstacle_8 at state [9.87, 8.53, -0.94]
2026-07-05 20:20 | WARNING  | robot_0 collided with obstacle_1 at state [8.58, 6.31, -1.12]
--------------------------------------------------------------------------------------------
setting actor output action_std to min_action_std :  0.1
--------------------------------------------------------------------------------------------
2026-07-05 20:20 | WARNING  | robot_0 collided with obstacle_3 at state [1.96, 5.51, 2.06]
2026-07-05 20:20 | WARNING  | robot_0 collided with obstacle_4 at state [3.78, 5.61, 1.18]
--------------------------------------------------------------------------------------------
setting actor output action_std to min_action_std :  0.1
--------------------------------------------------------------------------------------------
2026-07-05 20:20 | WARNING  | robot_0 collided with obstacle_7 at state [5.3, 7.74, 1.14]
2026-07-05 20:20 | WARNING  | robot_0 collided with obstacle_3 at state [5.18, 6.68, -0.77]
--------------------------------------------------------------------------------------------
setting actor output action_std to min_action_std :  0.1
--------------------------------------------------------------------------------------------
2026-07-05 20:20 | WARNING  | robot_0 collided with obstacle_5 at state [3.26, 5.32, 1.22]
2026-07-05 20:20 | WARNING  | robot_0 collided with obstacle_7 at state [2.7, 7.93, 0.95]
--------------------------------------------------------------------------------------------
setting actor output action_std to min_action_std :  0.1
--------------------------------------------------------------------------------------------
2026-07-05 20:20 | WARNING  | robot_0 collided with obstacle_8 at state [6.65, 0.12, -2.72]
2026-07-05 20:20 | WARNING  | robot_0 collided with obstacle_4 at state [9.6, 5.91, -1.04]
--------------------------------------------------------------------------------------------
setting actor output action_std to min_action_std :  0.1
--------------------------------------------------------------------------------------------
2026-07-05 20:20 | WARNING  | robot_0 collided with obstacle_7 at state [2.23, 8.6, 1.32]
2026-07-05 20:20 | WARNING  | robot_0 collided with obstacle_7 at state [7.11, 5.92, 1.51]
--------------------------------------------------------------------------------------------
setting actor output action_std to min_action_std :  0.1
--------------------------------------------------------------------------------------------
2026-07-05 20:20 | WARNING  | robot_0 collided with obstacle_6 at state [5.91, 7.52, -2.38]
--------------------------------------------------------------------------------------------
setting actor output action_std to min_action_std :  0.1
--------------------------------------------------------------------------------------------
2026-07-05 20:20 | WARNING  | robot_0 collided with obstacle_3 at state [6.22, 5.83, -1.15]
--------------------------------------------------------------------------------------------
setting actor output action_std to min_action_std :  0.1
--------------------------------------------------------------------------------------------
2026-07-05 20:20 | WARNING  | robot_0 collided with obstacle_3 at state [5.19, 3.59, 3.07]
2026-07-05 20:20 | WARNING  | robot_0 collided with obstacle_5 at state [3.79, 4.0, 2.41]
--------------------------------------------------------------------------------------------
setting actor output action_std to min_action_std :  0.1
--------------------------------------------------------------------------------------------
2026-07-05 20:20 | WARNING  | robot_0 collided with obstacle_8 at state [8.63, 0.13, -2.3]
2026-07-05 20:20 | WARNING  | robot_0 collided with obstacle_8 at state [9.85, 4.66, -1.36]
--------------------------------------------------------------------------------------------
setting actor output action_std to min_action_std :  0.1
--------------------------------------------------------------------------------------------
2026-07-05 20:20 | WARNING  | robot_0 collided with obstacle_5 at state [5.68, 2.7, -2.46]
2026-07-05 20:20 | WARNING  | robot_0 collided with obstacle_7 at state [5.26, 1.98, -0.09]
--------------------------------------------------------------------------------------------
setting actor output action_std to min_action_std :  0.1
--------------------------------------------------------------------------------------------
2026-07-05 20:20 | WARNING  | robot_0 collided with obstacle_5 at state [5.09, 7.12, -1.19]
2026-07-05 20:20 | WARNING  | robot_0 collided with obstacle_5 at state [3.99, 1.65, -1.99]
--------------------------------------------------------------------------------------------
setting actor output action_std to min_action_std :  0.1
--------------------------------------------------------------------------------------------
2026-07-05 20:20 | WARNING  | robot_0 collided with obstacle_6 at state [7.08, 2.4, -2.58]
2026-07-05 20:20 | WARNING  | robot_0 collided with obstacle_8 at state [4.0, 0.2, -2.79]
--------------------------------------------------------------------------------------------
setting actor output action_std to min_action_std :  0.1
--------------------------------------------------------------------------------------------
2026-07-05 20:20 | WARNING  | robot_0 collided with obstacle_6 at state [3.38, 7.8, -0.65]
2026-07-05 20:20 | WARNING  | robot_0 collided with obstacle_3 at state [2.57, 4.4, 1.4]
--------------------------------------------------------------------------------------------
setting actor output action_std to min_action_std :  0.1
--------------------------------------------------------------------------------------------
2026-07-05 20:20 | WARNING  | robot_0 collided with obstacle_6 at state [7.85, 6.07, -0.85]
--------------------------------------------------------------------------------------------
setting actor output action_std to min_action_std :  0.1
--------------------------------------------------------------------------------------------
2026-07-05 20:20 | WARNING  | robot_0 collided with obstacle_7 at state [4.22, 5.77, 0.33]
2026-07-05 20:20 | WARNING  | robot_0 collided with obstacle_6 at state [5.43, 8.02, -0.42]
--------------------------------------------------------------------------------------------
setting actor output action_std to min_action_std :  0.1
--------------------------------------------------------------------------------------------
2026-07-05 20:20 | WARNING  | robot_0 collided with obstacle_8 at state [0.19, 5.66, 1.8]
--------------------------------------------------------------------------------------------
setting actor output action_std to min_action_std :  0.1
--------------------------------------------------------------------------------------------
2026-07-05 20:21 | WARNING  | robot_0 collided with obstacle_5 at state [5.85, 7.17, -1.01]
2026-07-05 20:21 | WARNING  | robot_0 collided with obstacle_5 at state [6.21, 2.43, 1.61]
--------------------------------------------------------------------------------------------
setting actor output action_std to min_action_std :  0.1
--------------------------------------------------------------------------------------------
2026-07-05 20:21 | WARNING  | robot_0 collided with obstacle_3 at state [3.79, 2.72, -1.88]
2026-07-05 20:21 | WARNING  | robot_0 collided with obstacle_4 at state [5.85, 6.16, 1.97]
--------------------------------------------------------------------------------------------
setting actor output action_std to min_action_std :  0.1
--------------------------------------------------------------------------------------------
2026-07-05 20:21 | WARNING  | robot_0 collided with obstacle_5 at state [7.58, 3.29, 0.27]
2026-07-05 20:21 | WARNING  | robot_0 collided with obstacle_7 at state [7.24, 2.94, -2.92]
--------------------------------------------------------------------------------------------
setting actor output action_std to min_action_std :  0.1
--------------------------------------------------------------------------------------------
2026-07-05 20:21 | WARNING  | robot_0 collided with obstacle_5 at state [5.4, 3.52, 0.02]
2026-07-05 20:21 | WARNING  | robot_0 collided with obstacle_3 at state [3.17, 7.83, -1.02]
--------------------------------------------------------------------------------------------
setting actor output action_std to min_action_std :  0.1
--------------------------------------------------------------------------------------------
2026-07-05 20:21 | WARNING  | robot_0 collided with obstacle_5 at state [8.55, 3.85, -2.54]
2026-07-05 20:21 | WARNING  | robot_0 collided with obstacle_1 at state [5.15, 7.15, -1.47]
--------------------------------------------------------------------------------------------
setting actor output action_std to min_action_std :  0.1
--------------------------------------------------------------------------------------------
2026-07-05 20:21 | WARNING  | robot_0 collided with obstacle_5 at state [5.45, 3.22, -2.68]
2026-07-05 20:21 | WARNING  | robot_0 collided with obstacle_8 at state [2.89, 9.89, 0.5]
--------------------------------------------------------------------------------------------
setting actor output action_std to min_action_std :  0.1
--------------------------------------------------------------------------------------------
2026-07-05 20:21 | WARNING  | robot_0 collided with obstacle_1 at state [5.1, 7.38, -0.87]
2026-07-05 20:21 | WARNING  | robot_0 collided with obstacle_3 at state [3.82, 3.4, -0.28]
--------------------------------------------------------------------------------------------
setting actor output action_std to min_action_std :  0.1
--------------------------------------------------------------------------------------------
2026-07-05 20:21 | WARNING  | robot_0 collided with obstacle_6 at state [4.48, 6.21, -0.9]
2026-07-05 20:21 | WARNING  | robot_0 collided with obstacle_4 at state [2.49, 7.65, 0.53]
--------------------------------------------------------------------------------------------
setting actor output action_std to min_action_std :  0.1
--------------------------------------------------------------------------------------------
2026-07-05 20:21 | WARNING  | robot_0 collided with obstacle_7 at state [6.7, 5.03, -2.2]
2026-07-05 20:21 | WARNING  | robot_0 collided with obstacle_8 at state [5.87, 0.19, -2.67]
--------------------------------------------------------------------------------------------
setting actor output action_std to min_action_std :  0.1
--------------------------------------------------------------------------------------------
2026-07-05 20:21 | WARNING  | robot_0 collided with obstacle_3 at state [6.06, 4.54, 0.77]
2026-07-05 20:21 | WARNING  | robot_0 collided with obstacle_2 at state [8.22, 8.5, -0.54]
--------------------------------------------------------------------------------------------
setting actor output action_std to min_action_std :  0.1
--------------------------------------------------------------------------------------------
2026-07-05 20:21 | WARNING  | robot_0 collided with obstacle_4 at state [5.03, 4.78, -2.06]
..............................................
Epoch 34. Evaluating scenarios
2026-07-05 20:21 | WARNING  | robot_0 collided with obstacle_8 at state [0.17, 4.85, 1.68]
2026-07-05 20:21 | WARNING  | robot_0 collided with obstacle_6 at state [6.12, 6.67, -0.21]
2026-07-05 20:21 | WARNING  | robot_0 collided with obstacle_3 at state [7.89, 3.46, -2.47]
2026-07-05 20:21 | WARNING  | robot_0 collided with obstacle_3 at state [5.26, 6.8, 2.33]
2026-07-05 20:21 | WARNING  | robot_0 collided with obstacle_4 at state [4.09, 5.97, 0.37]
2026-07-05 20:21 | WARNING  | robot_0 collided with obstacle_6 at state [3.25, 3.52, 2.91]
2026-07-05 20:22 | WARNING  | robot_0 collided with obstacle_3 at state [4.85, 4.65, 1.61]
2026-07-05 20:22 | WARNING  | robot_0 collided with obstacle_7 at state [3.6, 6.42, 0.93]
Average Reward: -119.53056293523494
Average Collision rate: 0.8
Average Goal rate: 0.0
..............................................
2026-07-05 20:22 | WARNING  | robot_0 collided with obstacle_7 at state [7.12, 2.67, -2.85]
--------------------------------------------------------------------------------------------
setting actor output action_std to min_action_std :  0.1
--------------------------------------------------------------------------------------------
2026-07-05 20:22 | WARNING  | robot_0 collided with obstacle_8 at state [6.34, 9.83, 0.51]
2026-07-05 20:22 | WARNING  | robot_0 collided with obstacle_8 at state [7.41, 0.13, -2.69]
--------------------------------------------------------------------------------------------
setting actor output action_std to min_action_std :  0.1
--------------------------------------------------------------------------------------------
2026-07-05 20:22 | WARNING  | robot_0 collided with obstacle_8 at state [5.9, 9.84, 0.42]
2026-07-05 20:22 | WARNING  | robot_0 collided with obstacle_4 at state [2.81, 6.43, 2.65]
--------------------------------------------------------------------------------------------
setting actor output action_std to min_action_std :  0.1
--------------------------------------------------------------------------------------------
2026-07-05 20:22 | WARNING  | robot_0 collided with obstacle_8 at state [9.84, 5.04, -1.41]
2026-07-05 20:22 | WARNING  | robot_0 collided with obstacle_6 at state [4.22, 3.42, 1.83]
--------------------------------------------------------------------------------------------
setting actor output action_std to min_action_std :  0.1
--------------------------------------------------------------------------------------------
2026-07-05 20:22 | WARNING  | robot_0 collided with obstacle_6 at state [2.93, 5.68, 1.09]
--------------------------------------------------------------------------------------------
setting actor output action_std to min_action_std :  0.1
--------------------------------------------------------------------------------------------
2026-07-05 20:22 | WARNING  | robot_0 collided with obstacle_8 at state [9.85, 1.94, -0.92]
2026-07-05 20:22 | WARNING  | robot_0 collided with obstacle_6 at state [8.48, 6.39, -1.4]
--------------------------------------------------------------------------------------------
setting actor output action_std to min_action_std :  0.1
--------------------------------------------------------------------------------------------
2026-07-05 20:22 | WARNING  | robot_0 collided with obstacle_5 at state [7.06, 5.19, 2.47]
--------------------------------------------------------------------------------------------
setting actor output action_std to min_action_std :  0.1
--------------------------------------------------------------------------------------------
2026-07-05 20:22 | WARNING  | robot_0 collided with obstacle_4 at state [6.74, 2.21, 0.32]
2026-07-05 20:22 | WARNING  | robot_0 collided with obstacle_7 at state [8.38, 6.76, -1.35]
--------------------------------------------------------------------------------------------
setting actor output action_std to min_action_std :  0.1
--------------------------------------------------------------------------------------------
2026-07-05 20:22 | WARNING  | robot_0 collided with obstacle_8 at state [9.86, 7.8, -0.99]
--------------------------------------------------------------------------------------------
setting actor output action_std to min_action_std :  0.1
--------------------------------------------------------------------------------------------
2026-07-05 20:22 | WARNING  | robot_0 collided with obstacle_3 at state [3.54, 4.16, 1.29]
2026-07-05 20:22 | WARNING  | robot_0 collided with obstacle_3 at state [3.44, 4.61, 1.77]
--------------------------------------------------------------------------------------------
setting actor output action_std to min_action_std :  0.1
--------------------------------------------------------------------------------------------
2026-07-05 20:22 | WARNING  | robot_0 collided with obstacle_5 at state [3.64, 3.22, 0.82]
--------------------------------------------------------------------------------------------
setting actor output action_std to min_action_std :  0.1
--------------------------------------------------------------------------------------------
2026-07-05 20:22 | WARNING  | robot_0 collided with obstacle_3 at state [7.61, 2.31, 0.87]
--------------------------------------------------------------------------------------------
setting actor output action_std to min_action_std :  0.1
--------------------------------------------------------------------------------------------
2026-07-05 20:23 | WARNING  | robot_0 collided with obstacle_7 at state [7.69, 2.31, 2.17]
--------------------------------------------------------------------------------------------
setting actor output action_std to min_action_std :  0.1
--------------------------------------------------------------------------------------------
2026-07-05 20:23 | WARNING  | robot_0 collided with obstacle_6 at state [4.17, 3.76, -0.3]
--------------------------------------------------------------------------------------------
setting actor output action_std to min_action_std :  0.1
--------------------------------------------------------------------------------------------
2026-07-05 20:23 | WARNING  | robot_0 collided with obstacle_2 at state [4.86, 5.92, -0.2]
--------------------------------------------------------------------------------------------
setting actor output action_std to min_action_std :  0.1
--------------------------------------------------------------------------------------------
2026-07-05 20:23 | WARNING  | robot_0 collided with obstacle_4 at state [6.96, 5.99, -1.71]
--------------------------------------------------------------------------------------------
setting actor output action_std to min_action_std :  0.1
--------------------------------------------------------------------------------------------
2026-07-05 20:23 | WARNING  | robot_0 collided with obstacle_7 at state [4.85, 5.56, -0.08]
--------------------------------------------------------------------------------------------
setting actor output action_std to min_action_std :  0.1
--------------------------------------------------------------------------------------------
--------------------------------------------------------------------------------------------
setting actor output action_std to min_action_std :  0.1
--------------------------------------------------------------------------------------------
2026-07-05 20:23 | WARNING  | robot_0 collided with obstacle_5 at state [6.74, 7.8, -0.05]
--------------------------------------------------------------------------------------------
setting actor output action_std to min_action_std :  0.1
--------------------------------------------------------------------------------------------
2026-07-05 20:23 | WARNING  | robot_0 collided with obstacle_6 at state [6.57, 4.08, -0.13]
--------------------------------------------------------------------------------------------
setting actor output action_std to min_action_std :  0.1
--------------------------------------------------------------------------------------------
2026-07-05 20:23 | WARNING  | robot_0 collided with obstacle_8 at state [5.74, 0.18, -2.8]
2026-07-05 20:23 | WARNING  | robot_0 collided with obstacle_7 at state [6.94, 6.6, -1.38]
--------------------------------------------------------------------------------------------
setting actor output action_std to min_action_std :  0.1
--------------------------------------------------------------------------------------------
2026-07-05 20:23 | WARNING  | robot_0 collided with obstacle_1 at state [8.11, 8.76, -0.81]
2026-07-05 20:23 | WARNING  | robot_0 collided with obstacle_4 at state [5.18, 6.94, 0.11]
--------------------------------------------------------------------------------------------
setting actor output action_std to min_action_std :  0.1
--------------------------------------------------------------------------------------------
2026-07-05 20:23 | WARNING  | robot_0 collided with obstacle_3 at state [4.97, 5.73, -0.25]
2026-07-05 20:23 | WARNING  | robot_0 collided with obstacle_7 at state [3.48, 3.09, 0.3]
--------------------------------------------------------------------------------------------
setting actor output action_std to min_action_std :  0.1
--------------------------------------------------------------------------------------------
2026-07-05 20:23 | WARNING  | robot_0 collided with obstacle_8 at state [9.84, 7.35, -0.66]
--------------------------------------------------------------------------------------------
setting actor output action_std to min_action_std :  0.1
--------------------------------------------------------------------------------------------
2026-07-05 20:23 | WARNING  | robot_0 collided with obstacle_5 at state [8.14, 4.56, -0.95]
2026-07-05 20:23 | WARNING  | robot_0 collided with obstacle_7 at state [8.85, 6.19, 1.39]
--------------------------------------------------------------------------------------------
setting actor output action_std to min_action_std :  0.1
--------------------------------------------------------------------------------------------
2026-07-05 20:23 | WARNING  | robot_0 collided with obstacle_3 at state [5.12, 4.94, 0.42]
--------------------------------------------------------------------------------------------
setting actor output action_std to min_action_std :  0.1
--------------------------------------------------------------------------------------------
2026-07-05 20:23 | WARNING  | robot_0 collided with obstacle_8 at state [9.87, 5.9, -1.21]
2026-07-05 20:24 | WARNING  | robot_0 collided with obstacle_2 at state [3.34, 7.82, 0.0]
--------------------------------------------------------------------------------------------
setting actor output action_std to min_action_std :  0.1
--------------------------------------------------------------------------------------------
2026-07-05 20:24 | WARNING  | robot_0 collided with obstacle_2 at state [4.03, 7.72, -0.62]
2026-07-05 20:24 | WARNING  | robot_0 collided with obstacle_4 at state [2.85, 4.12, -1.92]
--------------------------------------------------------------------------------------------
setting actor output action_std to min_action_std :  0.1
--------------------------------------------------------------------------------------------
2026-07-05 20:24 | WARNING  | robot_0 collided with obstacle_6 at state [8.76, 2.0, 0.27]
2026-07-05 20:24 | WARNING  | robot_0 collided with obstacle_8 at state [9.8, 6.69, -1.12]
--------------------------------------------------------------------------------------------
setting actor output action_std to min_action_std :  0.1
--------------------------------------------------------------------------------------------
2026-07-05 20:24 | WARNING  | robot_0 collided with obstacle_7 at state [2.51, 4.65, 2.51]
2026-07-05 20:24 | WARNING  | robot_0 collided with obstacle_8 at state [7.11, 0.12, -2.68]
--------------------------------------------------------------------------------------------
setting actor output action_std to min_action_std :  0.1
--------------------------------------------------------------------------------------------
2026-07-05 20:24 | WARNING  | robot_0 collided with obstacle_4 at state [6.18, 8.57, -0.25]
2026-07-05 20:24 | WARNING  | robot_0 collided with obstacle_4 at state [7.0, 6.2, -0.46]
--------------------------------------------------------------------------------------------
setting actor output action_std to min_action_std :  0.1
--------------------------------------------------------------------------------------------
2026-07-05 20:24 | WARNING  | robot_0 collided with obstacle_4 at state [3.62, 3.71, 0.75]
--------------------------------------------------------------------------------------------
setting actor output action_std to min_action_std :  0.1
--------------------------------------------------------------------------------------------
--------------------------------------------------------------------------------------------
setting actor output action_std to min_action_std :  0.1
--------------------------------------------------------------------------------------------
--------------------------------------------------------------------------------------------
setting actor output action_std to min_action_std :  0.1
--------------------------------------------------------------------------------------------
2026-07-05 20:24 | WARNING  | robot_0 collided with obstacle_4 at state [7.58, 6.82, 0.25]
..............................................
Epoch 35. Evaluating scenarios
2026-07-05 20:24 | WARNING  | robot_0 collided with obstacle_8 at state [9.86, 6.69, -0.87]
2026-07-05 20:24 | WARNING  | robot_0 collided with obstacle_8 at state [0.19, 5.27, 1.82]
2026-07-05 20:24 | WARNING  | robot_0 collided with obstacle_8 at state [9.8, 1.89, -1.47]
2026-07-05 20:24 | WARNING  | robot_0 collided with obstacle_7 at state [5.3, 6.85, 0.44]
Average Reward: -109.76515269523593
Average Collision rate: 0.4
Average Goal rate: 0.1
..............................................
2026-07-05 20:25 | WARNING  | robot_0 collided with obstacle_8 at state [9.86, 5.74, -0.78]
--------------------------------------------------------------------------------------------
setting actor output action_std to min_action_std :  0.1
--------------------------------------------------------------------------------------------
2026-07-05 20:25 | WARNING  | robot_0 collided with obstacle_5 at state [6.97, 5.97, -0.91]
2026-07-05 20:25 | WARNING  | robot_0 collided with obstacle_8 at state [4.42, 9.86, 0.4]
--------------------------------------------------------------------------------------------
setting actor output action_std to min_action_std :  0.1
--------------------------------------------------------------------------------------------
2026-07-05 20:25 | WARNING  | robot_0 collided with obstacle_7 at state [8.51, 6.22, -1.1]
2026-07-05 20:25 | WARNING  | robot_0 collided with obstacle_5 at state [5.6, 3.24, 1.83]
--------------------------------------------------------------------------------------------
setting actor output action_std to min_action_std :  0.1
--------------------------------------------------------------------------------------------
2026-07-05 20:25 | WARNING  | robot_0 collided with obstacle_3 at state [5.32, 2.75, -1.68]
--------------------------------------------------------------------------------------------
setting actor output action_std to min_action_std :  0.1
--------------------------------------------------------------------------------------------
2026-07-05 20:25 | WARNING  | robot_0 collided with obstacle_2 at state [6.9, 1.91, -1.24]
--------------------------------------------------------------------------------------------
setting actor output action_std to min_action_std :  0.1
--------------------------------------------------------------------------------------------
2026-07-05 20:25 | WARNING  | robot_0 collided with obstacle_4 at state [2.82, 5.22, 0.01]
2026-07-05 20:25 | WARNING  | robot_0 collided with obstacle_6 at state [6.72, 5.09, 1.23]
--------------------------------------------------------------------------------------------
setting actor output action_std to min_action_std :  0.1
--------------------------------------------------------------------------------------------
2026-07-05 20:25 | WARNING  | robot_0 collided with obstacle_4 at state [3.85, 8.72, -0.1]
2026-07-05 20:25 | WARNING  | robot_0 collided with obstacle_8 at state [3.94, 9.82, 0.59]
--------------------------------------------------------------------------------------------
setting actor output action_std to min_action_std :  0.1
--------------------------------------------------------------------------------------------
2026-07-05 20:25 | WARNING  | robot_0 collided with obstacle_3 at state [3.22, 5.21, 0.07]
--------------------------------------------------------------------------------------------
setting actor output action_std to min_action_std :  0.1
--------------------------------------------------------------------------------------------
2026-07-05 20:25 | WARNING  | robot_0 collided with obstacle_8 at state [9.83, 5.65, -1.15]
2026-07-05 20:25 | WARNING  | robot_0 collided with obstacle_7 at state [6.39, 3.53, -1.08]
--------------------------------------------------------------------------------------------
setting actor output action_std to min_action_std :  0.1
--------------------------------------------------------------------------------------------
--------------------------------------------------------------------------------------------
setting actor output action_std to min_action_std :  0.1
--------------------------------------------------------------------------------------------
--------------------------------------------------------------------------------------------
setting actor output action_std to min_action_std :  0.1
--------------------------------------------------------------------------------------------
2026-07-05 20:26 | WARNING  | robot_0 collided with obstacle_2 at state [2.92, 3.74, 0.25]
--------------------------------------------------------------------------------------------
setting actor output action_std to min_action_std :  0.1
--------------------------------------------------------------------------------------------
2026-07-05 20:26 | WARNING  | robot_0 collided with obstacle_4 at state [4.7, 4.97, 1.0]
2026-07-05 20:26 | WARNING  | robot_0 collided with obstacle_7 at state [3.7, 4.01, 0.66]
--------------------------------------------------------------------------------------------
setting actor output action_std to min_action_std :  0.1
--------------------------------------------------------------------------------------------
2026-07-05 20:26 | WARNING  | robot_0 collided with obstacle_7 at state [7.95, 4.48, -1.03]
--------------------------------------------------------------------------------------------
setting actor output action_std to min_action_std :  0.1
--------------------------------------------------------------------------------------------
2026-07-05 20:26 | WARNING  | robot_0 collided with obstacle_2 at state [4.89, 4.85, 0.0]
--------------------------------------------------------------------------------------------
setting actor output action_std to min_action_std :  0.1
--------------------------------------------------------------------------------------------
2026-07-05 20:26 | WARNING  | robot_0 collided with obstacle_6 at state [6.13, 1.43, 0.71]
2026-07-05 20:26 | WARNING  | robot_0 collided with obstacle_5 at state [3.02, 2.88, 0.25]
--------------------------------------------------------------------------------------------
setting actor output action_std to min_action_std :  0.1
--------------------------------------------------------------------------------------------
2026-07-05 20:26 | WARNING  | robot_0 collided with obstacle_5 at state [4.18, 5.69, -0.82]
2026-07-05 20:26 | WARNING  | robot_0 collided with obstacle_6 at state [1.84, 1.61, -1.44]
--------------------------------------------------------------------------------------------
setting actor output action_std to min_action_std :  0.1
--------------------------------------------------------------------------------------------
2026-07-05 20:26 | WARNING  | robot_0 collided with obstacle_4 at state [6.31, 2.72, -0.25]
--------------------------------------------------------------------------------------------
setting actor output action_std to min_action_std :  0.1
--------------------------------------------------------------------------------------------
2026-07-05 20:26 | WARNING  | robot_0 collided with obstacle_8 at state [9.84, 6.56, -0.87]
2026-07-05 20:26 | WARNING  | robot_0 collided with obstacle_2 at state [2.84, 4.89, -1.61]
--------------------------------------------------------------------------------------------
setting actor output action_std to min_action_std :  0.1
--------------------------------------------------------------------------------------------
2026-07-05 20:26 | WARNING  | robot_0 collided with obstacle_7 at state [7.51, 4.2, -0.11]
2026-07-05 20:26 | WARNING  | robot_0 collided with obstacle_8 at state [9.8, 2.61, -0.96]
--------------------------------------------------------------------------------------------
setting actor output action_std to min_action_std :  0.1
--------------------------------------------------------------------------------------------
2026-07-05 20:26 | WARNING  | robot_0 collided with obstacle_7 at state [2.96, 5.02, 0.16]
2026-07-05 20:26 | WARNING  | robot_0 collided with obstacle_5 at state [6.79, 3.2, -1.54]
--------------------------------------------------------------------------------------------
setting actor output action_std to min_action_std :  0.1
--------------------------------------------------------------------------------------------
2026-07-05 20:26 | WARNING  | robot_0 collided with obstacle_5 at state [7.25, 4.18, -1.36]
2026-07-05 20:26 | WARNING  | robot_0 collided with obstacle_4 at state [3.96, 2.02, 3.03]
--------------------------------------------------------------------------------------------
setting actor output action_std to min_action_std :  0.1
--------------------------------------------------------------------------------------------
2026-07-05 20:26 | WARNING  | robot_0 collided with obstacle_5 at state [7.91, 5.3, -0.41]
--------------------------------------------------------------------------------------------
setting actor output action_std to min_action_std :  0.1
--------------------------------------------------------------------------------------------
2026-07-05 20:26 | WARNING  | robot_0 collided with obstacle_3 at state [3.32, 5.77, 0.05]
2026-07-05 20:26 | WARNING  | robot_0 collided with obstacle_3 at state [8.11, 4.42, -1.53]
--------------------------------------------------------------------------------------------
setting actor output action_std to min_action_std :  0.1
--------------------------------------------------------------------------------------------
2026-07-05 20:26 | WARNING  | robot_0 collided with obstacle_6 at state [4.87, 6.38, -0.18]
--------------------------------------------------------------------------------------------
setting actor output action_std to min_action_std :  0.1
--------------------------------------------------------------------------------------------
2026-07-05 20:27 | WARNING  | robot_0 collided with obstacle_2 at state [5.27, 5.66, -0.05]
2026-07-05 20:27 | WARNING  | robot_0 collided with obstacle_8 at state [9.81, 6.53, -1.05]
--------------------------------------------------------------------------------------------
setting actor output action_std to min_action_std :  0.1
--------------------------------------------------------------------------------------------
--------------------------------------------------------------------------------------------
setting actor output action_std to min_action_std :  0.1
--------------------------------------------------------------------------------------------
2026-07-05 20:27 | WARNING  | robot_0 collided with obstacle_8 at state [9.81, 3.31, -1.21]
2026-07-05 20:27 | WARNING  | robot_0 collided with obstacle_5 at state [6.76, 6.75, -0.82]
--------------------------------------------------------------------------------------------
setting actor output action_std to min_action_std :  0.1
--------------------------------------------------------------------------------------------
2026-07-05 20:27 | WARNING  | robot_0 collided with obstacle_8 at state [9.85, 4.19, -1.17]
--------------------------------------------------------------------------------------------
setting actor output action_std to min_action_std :  0.1
--------------------------------------------------------------------------------------------
2026-07-05 20:27 | WARNING  | robot_0 collided with obstacle_8 at state [3.73, 9.81, 0.55]
--------------------------------------------------------------------------------------------
setting actor output action_std to min_action_std :  0.1
--------------------------------------------------------------------------------------------
2026-07-05 20:27 | WARNING  | robot_0 collided with obstacle_3 at state [7.91, 4.15, 0.45]
--------------------------------------------------------------------------------------------
setting actor output action_std to min_action_std :  0.1
--------------------------------------------------------------------------------------------
2026-07-05 20:27 | WARNING  | robot_0 collided with obstacle_8 at state [9.83, 5.97, -1.08]
--------------------------------------------------------------------------------------------
setting actor output action_std to min_action_std :  0.1
--------------------------------------------------------------------------------------------
2026-07-05 20:27 | WARNING  | robot_0 collided with obstacle_8 at state [7.33, 0.11, -2.62]
--------------------------------------------------------------------------------------------
setting actor output action_std to min_action_std :  0.1
--------------------------------------------------------------------------------------------
2026-07-05 20:27 | WARNING  | robot_0 collided with obstacle_7 at state [8.83, 2.96, 0.0]
--------------------------------------------------------------------------------------------
setting actor output action_std to min_action_std :  0.1
--------------------------------------------------------------------------------------------
2026-07-05 20:27 | WARNING  | robot_0 collided with obstacle_5 at state [4.8, 6.39, 0.19]
..............................................
Epoch 36. Evaluating scenarios
2026-07-05 20:28 | WARNING  | robot_0 collided with obstacle_8 at state [9.84, 3.62, -1.26]
2026-07-05 20:28 | WARNING  | robot_0 collided with obstacle_5 at state [3.14, 4.18, 3.07]
2026-07-05 20:28 | WARNING  | robot_0 collided with obstacle_5 at state [6.53, 1.93, -2.03]
2026-07-05 20:28 | WARNING  | robot_0 collided with obstacle_8 at state [9.83, 6.88, -1.06]
Average Reward: -165.77696975273517
Average Collision rate: 0.4
Average Goal rate: 0.0
..............................................
--------------------------------------------------------------------------------------------
setting actor output action_std to min_action_std :  0.1
--------------------------------------------------------------------------------------------
2026-07-05 20:28 | WARNING  | robot_0 collided with obstacle_8 at state [9.85, 4.72, -0.76]
--------------------------------------------------------------------------------------------
setting actor output action_std to min_action_std :  0.1
--------------------------------------------------------------------------------------------
2026-07-05 20:28 | WARNING  | robot_0 collided with obstacle_7 at state [5.07, 5.03, 0.46]
2026-07-05 20:28 | WARNING  | robot_0 collided with obstacle_8 at state [7.71, 0.17, -2.6]
--------------------------------------------------------------------------------------------
setting actor output action_std to min_action_std :  0.1
--------------------------------------------------------------------------------------------
2026-07-05 20:29 | WARNING  | robot_0 collided with obstacle_4 at state [7.71, 7.45, 0.04]
--------------------------------------------------------------------------------------------
setting actor output action_std to min_action_std :  0.1
--------------------------------------------------------------------------------------------
2026-07-05 20:29 | WARNING  | robot_0 collided with obstacle_4 at state [7.37, 6.3, -1.66]
--------------------------------------------------------------------------------------------
setting actor output action_std to min_action_std :  0.1
--------------------------------------------------------------------------------------------
2026-07-05 20:29 | WARNING  | robot_0 collided with obstacle_4 at state [6.88, 5.06, -0.39]
--------------------------------------------------------------------------------------------
setting actor output action_std to min_action_std :  0.1
--------------------------------------------------------------------------------------------
--------------------------------------------------------------------------------------------
setting actor output action_std to min_action_std :  0.1
--------------------------------------------------------------------------------------------
2026-07-05 20:29 | WARNING  | robot_0 collided with obstacle_3 at state [4.49, 4.36, -1.58]
--------------------------------------------------------------------------------------------
setting actor output action_std to min_action_std :  0.1
--------------------------------------------------------------------------------------------
2026-07-05 20:29 | WARNING  | robot_0 collided with obstacle_8 at state [9.39, 0.17, -2.4]
--------------------------------------------------------------------------------------------
setting actor output action_std to min_action_std :  0.1
--------------------------------------------------------------------------------------------
2026-07-05 20:29 | WARNING  | robot_0 collided with obstacle_8 at state [8.23, 0.17, -2.59]
2026-07-05 20:29 | WARNING  | robot_0 collided with obstacle_6 at state [5.65, 4.39, -1.45]
--------------------------------------------------------------------------------------------
setting actor output action_std to min_action_std :  0.1
--------------------------------------------------------------------------------------------
2026-07-05 20:29 | WARNING  | robot_0 collided with obstacle_7 at state [3.69, 7.81, -0.97]
2026-07-05 20:29 | WARNING  | robot_0 collided with obstacle_4 at state [4.16, 5.8, 0.02]
--------------------------------------------------------------------------------------------
setting actor output action_std to min_action_std :  0.1
--------------------------------------------------------------------------------------------
2026-07-05 20:29 | WARNING  | robot_0 collided with obstacle_7 at state [4.19, 5.28, -1.35]
--------------------------------------------------------------------------------------------
setting actor output action_std to min_action_std :  0.1
--------------------------------------------------------------------------------------------
2026-07-05 20:29 | WARNING  | robot_0 collided with obstacle_8 at state [9.88, 5.75, -1.14]
--------------------------------------------------------------------------------------------
setting actor output action_std to min_action_std :  0.1
--------------------------------------------------------------------------------------------
2026-07-05 20:29 | WARNING  | robot_0 collided with obstacle_5 at state [3.66, 2.95, 2.11]
--------------------------------------------------------------------------------------------
setting actor output action_std to min_action_std :  0.1
--------------------------------------------------------------------------------------------
2026-07-05 20:30 | WARNING  | robot_0 collided with obstacle_7 at state [7.0, 4.41, -0.46]
--------------------------------------------------------------------------------------------
setting actor output action_std to min_action_std :  0.1
--------------------------------------------------------------------------------------------
2026-07-05 20:30 | WARNING  | robot_0 collided with obstacle_8 at state [9.81, 6.83, -1.02]
2026-07-05 20:30 | WARNING  | robot_0 collided with obstacle_3 at state [3.23, 6.41, -0.28]
--------------------------------------------------------------------------------------------
setting actor output action_std to min_action_std :  0.1
--------------------------------------------------------------------------------------------
2026-07-05 20:30 | WARNING  | robot_0 collided with obstacle_7 at state [6.81, 7.03, 0.06]
--------------------------------------------------------------------------------------------
setting actor output action_std to min_action_std :  0.1
--------------------------------------------------------------------------------------------
2026-07-05 20:30 | WARNING  | robot_0 collided with obstacle_3 at state [6.18, 5.91, 1.56]
--------------------------------------------------------------------------------------------
setting actor output action_std to min_action_std :  0.1
--------------------------------------------------------------------------------------------
2026-07-05 20:30 | WARNING  | robot_0 collided with obstacle_8 at state [9.81, 6.65, -0.58]
--------------------------------------------------------------------------------------------
setting actor output action_std to min_action_std :  0.1
--------------------------------------------------------------------------------------------
2026-07-05 20:30 | WARNING  | robot_0 collided with obstacle_6 at state [8.11, 5.91, -2.31]
2026-07-05 20:30 | WARNING  | robot_0 collided with obstacle_8 at state [6.68, 0.2, -2.7]
--------------------------------------------------------------------------------------------
setting actor output action_std to min_action_std :  0.1
--------------------------------------------------------------------------------------------
2026-07-05 20:30 | WARNING  | robot_0 collided with obstacle_1 at state [6.41, 6.34, -2.87]
2026-07-05 20:30 | WARNING  | robot_0 collided with obstacle_6 at state [2.46, 1.81, -0.14]
--------------------------------------------------------------------------------------------
setting actor output action_std to min_action_std :  0.1
--------------------------------------------------------------------------------------------
2026-07-05 20:30 | WARNING  | robot_0 collided with obstacle_3 at state [1.07, 5.19, 0.87]
2026-07-05 20:30 | WARNING  | robot_0 collided with obstacle_8 at state [6.23, 9.84, 0.34]
--------------------------------------------------------------------------------------------
setting actor output action_std to min_action_std :  0.1
--------------------------------------------------------------------------------------------
2026-07-05 20:30 | WARNING  | robot_0 collided with obstacle_4 at state [2.99, 2.94, 0.87]
2026-07-05 20:30 | WARNING  | robot_0 collided with obstacle_3 at state [3.31, 4.23, -0.04]
--------------------------------------------------------------------------------------------
setting actor output action_std to min_action_std :  0.1
--------------------------------------------------------------------------------------------
2026-07-05 20:30 | WARNING  | robot_0 collided with obstacle_2 at state [8.34, 4.74, 0.02]
--------------------------------------------------------------------------------------------
setting actor output action_std to min_action_std :  0.1
--------------------------------------------------------------------------------------------
2026-07-05 20:30 | WARNING  | robot_0 collided with obstacle_6 at state [8.0, 7.63, -2.2]
2026-07-05 20:30 | WARNING  | robot_0 collided with obstacle_3 at state [5.53, 7.45, -0.3]
--------------------------------------------------------------------------------------------
setting actor output action_std to min_action_std :  0.1
--------------------------------------------------------------------------------------------
2026-07-05 20:30 | WARNING  | robot_0 collided with obstacle_5 at state [2.81, 4.02, 2.81]
2026-07-05 20:30 | WARNING  | robot_0 collided with obstacle_4 at state [8.58, 5.86, -0.16]
--------------------------------------------------------------------------------------------
setting actor output action_std to min_action_std :  0.1
--------------------------------------------------------------------------------------------
2026-07-05 20:30 | WARNING  | robot_0 collided with obstacle_6 at state [7.73, 5.28, -0.21]
2026-07-05 20:30 | WARNING  | robot_0 collided with obstacle_8 at state [6.98, 0.18, -2.88]
--------------------------------------------------------------------------------------------
setting actor output action_std to min_action_std :  0.1
--------------------------------------------------------------------------------------------
--------------------------------------------------------------------------------------------
setting actor output action_std to min_action_std :  0.1
--------------------------------------------------------------------------------------------
2026-07-05 20:31 | WARNING  | robot_0 collided with obstacle_4 at state [2.94, 3.96, -0.61]
2026-07-05 20:31 | WARNING  | robot_0 collided with obstacle_3 at state [8.14, 2.74, -2.25]
--------------------------------------------------------------------------------------------
setting actor output action_std to min_action_std :  0.1
--------------------------------------------------------------------------------------------
2026-07-05 20:31 | WARNING  | robot_0 collided with obstacle_8 at state [6.51, 0.19, -2.85]
--------------------------------------------------------------------------------------------
setting actor output action_std to min_action_std :  0.1
--------------------------------------------------------------------------------------------
--------------------------------------------------------------------------------------------
setting actor output action_std to min_action_std :  0.1
--------------------------------------------------------------------------------------------
2026-07-05 20:31 | WARNING  | robot_0 collided with obstacle_4 at state [6.17, 4.72, 0.22]
2026-07-05 20:31 | WARNING  | robot_0 collided with obstacle_8 at state [9.13, 0.17, -2.31]
--------------------------------------------------------------------------------------------
setting actor output action_std to min_action_std :  0.1
--------------------------------------------------------------------------------------------
2026-07-05 20:31 | WARNING  | robot_0 collided with obstacle_6 at state [8.72, 1.87, -0.18]
--------------------------------------------------------------------------------------------
setting actor output action_std to min_action_std :  0.1
--------------------------------------------------------------------------------------------
2026-07-05 20:31 | WARNING  | robot_0 collided with obstacle_6 at state [6.37, 5.38, -0.82]
--------------------------------------------------------------------------------------------
setting actor output action_std to min_action_std :  0.1
--------------------------------------------------------------------------------------------
2026-07-05 20:31 | WARNING  | robot_0 collided with obstacle_3 at state [3.65, 8.29, 0.19]
..............................................
Epoch 37. Evaluating scenarios
2026-07-05 20:32 | WARNING  | robot_0 collided with obstacle_1 at state [8.29, 7.93, -0.2]
2026-07-05 20:32 | WARNING  | robot_0 collided with obstacle_6 at state [7.77, 1.22, -3.06]
2026-07-05 20:32 | WARNING  | robot_0 collided with obstacle_4 at state [6.75, 5.7, -1.4]
2026-07-05 20:32 | WARNING  | robot_0 collided with obstacle_2 at state [6.08, 0.75, 2.03]
2026-07-05 20:32 | WARNING  | robot_0 collided with obstacle_7 at state [2.52, 6.39, 0.91]
Average Reward: -104.57225615070872
Average Collision rate: 0.5
Average Goal rate: 0.0
..............................................
2026-07-05 20:32 | WARNING  | robot_0 collided with obstacle_2 at state [7.26, 1.44, 2.47]
--------------------------------------------------------------------------------------------
setting actor output action_std to min_action_std :  0.1
--------------------------------------------------------------------------------------------
2026-07-05 20:32 | WARNING  | robot_0 collided with obstacle_7 at state [3.35, 5.62, -0.79]
--------------------------------------------------------------------------------------------
setting actor output action_std to min_action_std :  0.1
--------------------------------------------------------------------------------------------
2026-07-05 20:32 | WARNING  | robot_0 collided with obstacle_6 at state [5.28, 7.65, -0.21]
--------------------------------------------------------------------------------------------
setting actor output action_std to min_action_std :  0.1
--------------------------------------------------------------------------------------------
--------------------------------------------------------------------------------------------
setting actor output action_std to min_action_std :  0.1
--------------------------------------------------------------------------------------------
2026-07-05 20:32 | WARNING  | robot_0 collided with obstacle_5 at state [7.42, 8.7, -0.17]
2026-07-05 20:32 | WARNING  | robot_0 collided with obstacle_8 at state [9.83, 7.48, -0.83]
--------------------------------------------------------------------------------------------
setting actor output action_std to min_action_std :  0.1
--------------------------------------------------------------------------------------------
2026-07-05 20:32 | WARNING  | robot_0 collided with obstacle_7 at state [5.83, 8.27, -1.25]
--------------------------------------------------------------------------------------------
setting actor output action_std to min_action_std :  0.1
--------------------------------------------------------------------------------------------
2026-07-05 20:32 | WARNING  | robot_0 collided with obstacle_1 at state [2.14, 6.87, -0.28]
2026-07-05 20:32 | WARNING  | robot_0 collided with obstacle_7 at state [3.73, 7.46, 1.32]
--------------------------------------------------------------------------------------------
setting actor output action_std to min_action_std :  0.1
--------------------------------------------------------------------------------------------
--------------------------------------------------------------------------------------------
setting actor output action_std to min_action_std :  0.1
--------------------------------------------------------------------------------------------
2026-07-05 20:33 | WARNING  | robot_0 collided with obstacle_4 at state [4.96, 2.46, 0.45]
--------------------------------------------------------------------------------------------
setting actor output action_std to min_action_std :  0.1
--------------------------------------------------------------------------------------------
2026-07-05 20:33 | WARNING  | robot_0 collided with obstacle_2 at state [6.93, 7.19, -1.58]
--------------------------------------------------------------------------------------------
setting actor output action_std to min_action_std :  0.1
--------------------------------------------------------------------------------------------
2026-07-05 20:33 | WARNING  | robot_0 collided with obstacle_2 at state [7.4, 6.42, 2.24]
--------------------------------------------------------------------------------------------
setting actor output action_std to min_action_std :  0.1
--------------------------------------------------------------------------------------------
2026-07-05 20:33 | WARNING  | robot_0 collided with obstacle_6 at state [7.27, 2.15, 1.62]
2026-07-05 20:33 | WARNING  | robot_0 collided with obstacle_6 at state [8.33, 4.76, -2.55]
--------------------------------------------------------------------------------------------
setting actor output action_std to min_action_std :  0.1
--------------------------------------------------------------------------------------------
2026-07-05 20:33 | WARNING  | robot_0 collided with obstacle_8 at state [6.74, 0.18, -2.8]
--------------------------------------------------------------------------------------------
setting actor output action_std to min_action_std :  0.1
--------------------------------------------------------------------------------------------
2026-07-05 20:33 | WARNING  | robot_0 collided with obstacle_5 at state [5.16, 3.15, 0.2]
2026-07-05 20:33 | WARNING  | robot_0 collided with obstacle_6 at state [2.91, 6.25, -0.94]
--------------------------------------------------------------------------------------------
setting actor output action_std to min_action_std :  0.1
--------------------------------------------------------------------------------------------
2026-07-05 20:33 | WARNING  | robot_0 collided with obstacle_3 at state [7.0, 5.44, -0.3]
--------------------------------------------------------------------------------------------
setting actor output action_std to min_action_std :  0.1
--------------------------------------------------------------------------------------------
2026-07-05 20:33 | WARNING  | robot_0 collided with obstacle_4 at state [3.77, 2.98, -0.37]
--------------------------------------------------------------------------------------------
setting actor output action_std to min_action_std :  0.1
--------------------------------------------------------------------------------------------
2026-07-05 20:33 | WARNING  | robot_0 collided with obstacle_3 at state [3.37, 7.19, -1.25]
2026-07-05 20:33 | WARNING  | robot_0 collided with obstacle_8 at state [9.8, 3.62, -1.52]
--------------------------------------------------------------------------------------------
setting actor output action_std to min_action_std :  0.1
--------------------------------------------------------------------------------------------
2026-07-05 20:33 | WARNING  | robot_0 collided with obstacle_4 at state [6.87, 6.12, -0.31]
--------------------------------------------------------------------------------------------
setting actor output action_std to min_action_std :  0.1
--------------------------------------------------------------------------------------------
2026-07-05 20:33 | WARNING  | robot_0 collided with obstacle_6 at state [6.92, 8.17, -0.22]
2026-07-05 20:33 | WARNING  | robot_0 collided with obstacle_2 at state [6.21, 4.33, -0.23]
--------------------------------------------------------------------------------------------
setting actor output action_std to min_action_std :  0.1
--------------------------------------------------------------------------------------------
2026-07-05 20:33 | WARNING  | robot_0 collided with obstacle_3 at state [2.75, 2.79, 1.17]
2026-07-05 20:33 | WARNING  | robot_0 collided with obstacle_5 at state [2.61, 5.83, -0.59]
--------------------------------------------------------------------------------------------
setting actor output action_std to min_action_std :  0.1
--------------------------------------------------------------------------------------------
2026-07-05 20:33 | WARNING  | robot_0 collided with obstacle_5 at state [5.84, 4.98, 0.06]
--------------------------------------------------------------------------------------------
setting actor output action_std to min_action_std :  0.1
--------------------------------------------------------------------------------------------
2026-07-05 20:34 | WARNING  | robot_0 collided with obstacle_6 at state [2.39, 7.25, -0.32]
2026-07-05 20:34 | WARNING  | robot_0 collided with obstacle_5 at state [6.55, 6.12, -0.55]
--------------------------------------------------------------------------------------------
setting actor output action_std to min_action_std :  0.1
--------------------------------------------------------------------------------------------
--------------------------------------------------------------------------------------------
setting actor output action_std to min_action_std :  0.1
--------------------------------------------------------------------------------------------
--------------------------------------------------------------------------------------------
setting actor output action_std to min_action_std :  0.1
--------------------------------------------------------------------------------------------
2026-07-05 20:34 | WARNING  | robot_0 collided with obstacle_5 at state [1.37, 8.3, -0.39]
--------------------------------------------------------------------------------------------
setting actor output action_std to min_action_std :  0.1
--------------------------------------------------------------------------------------------
2026-07-05 20:34 | WARNING  | robot_0 collided with obstacle_7 at state [4.43, 5.13, -0.07]
--------------------------------------------------------------------------------------------
setting actor output action_std to min_action_std :  0.1
--------------------------------------------------------------------------------------------
2026-07-05 20:34 | WARNING  | robot_0 collided with obstacle_8 at state [9.82, 7.13, -0.87]
2026-07-05 20:34 | WARNING  | robot_0 collided with obstacle_4 at state [6.35, 1.93, 1.12]
--------------------------------------------------------------------------------------------
setting actor output action_std to min_action_std :  0.1
--------------------------------------------------------------------------------------------
2026-07-05 20:34 | WARNING  | robot_0 collided with obstacle_3 at state [5.63, 3.56, 0.36]
--------------------------------------------------------------------------------------------
setting actor output action_std to min_action_std :  0.1
--------------------------------------------------------------------------------------------
2026-07-05 20:34 | WARNING  | robot_0 collided with obstacle_2 at state [6.06, 6.31, -2.82]
2026-07-05 20:34 | WARNING  | robot_0 collided with obstacle_3 at state [5.65, 1.92, -0.08]
--------------------------------------------------------------------------------------------
setting actor output action_std to min_action_std :  0.1
--------------------------------------------------------------------------------------------
2026-07-05 20:34 | WARNING  | robot_0 collided with obstacle_5 at state [5.56, 5.97, -0.15]
2026-07-05 20:34 | WARNING  | robot_0 collided with obstacle_7 at state [5.58, 3.21, 0.63]
--------------------------------------------------------------------------------------------
setting actor output action_std to min_action_std :  0.1
--------------------------------------------------------------------------------------------
2026-07-05 20:34 | WARNING  | robot_0 collided with obstacle_4 at state [9.13, 2.76, -1.96]
--------------------------------------------------------------------------------------------
setting actor output action_std to min_action_std :  0.1
--------------------------------------------------------------------------------------------
--------------------------------------------------------------------------------------------
setting actor output action_std to min_action_std :  0.1
--------------------------------------------------------------------------------------------
2026-07-05 20:35 | WARNING  | robot_0 collided with obstacle_7 at state [5.96, 4.49, -0.26]
--------------------------------------------------------------------------------------------
setting actor output action_std to min_action_std :  0.1
--------------------------------------------------------------------------------------------
2026-07-05 20:35 | WARNING  | robot_0 collided with obstacle_6 at state [5.0, 4.83, -0.32]
2026-07-05 20:35 | WARNING  | robot_0 collided with obstacle_7 at state [3.12, 8.11, -0.97]
--------------------------------------------------------------------------------------------
setting actor output action_std to min_action_std :  0.1
--------------------------------------------------------------------------------------------
..............................................
Epoch 38. Evaluating scenarios
2026-07-05 20:35 | WARNING  | robot_0 collided with obstacle_8 at state [7.88, 0.17, -2.62]
2026-07-05 20:35 | WARNING  | robot_0 collided with obstacle_8 at state [9.82, 5.4, -1.23]
2026-07-05 20:35 | WARNING  | robot_0 collided with obstacle_4 at state [7.85, 6.96, -0.8]
2026-07-05 20:35 | WARNING  | robot_0 collided with obstacle_4 at state [5.24, 2.99, 2.76]
2026-07-05 20:35 | WARNING  | robot_0 collided with obstacle_7 at state [2.93, 6.94, -0.88]
2026-07-05 20:35 | WARNING  | robot_0 collided with obstacle_7 at state [2.71, 4.04, -0.28]
Average Reward: -100.15816600469496
Average Collision rate: 0.6
Average Goal rate: 0.0
..............................................
2026-07-05 20:36 | WARNING  | robot_0 collided with obstacle_8 at state [8.08, 0.19, -2.65]
--------------------------------------------------------------------------------------------
setting actor output action_std to min_action_std :  0.1
--------------------------------------------------------------------------------------------
2026-07-05 20:36 | WARNING  | robot_0 collided with obstacle_6 at state [4.0, 8.66, 0.21]
2026-07-05 20:36 | WARNING  | robot_0 collided with obstacle_6 at state [5.21, 7.11, 1.34]
--------------------------------------------------------------------------------------------
setting actor output action_std to min_action_std :  0.1
--------------------------------------------------------------------------------------------
2026-07-05 20:36 | WARNING  | robot_0 collided with obstacle_4 at state [8.27, 5.33, -1.84]
--------------------------------------------------------------------------------------------
setting actor output action_std to min_action_std :  0.1
--------------------------------------------------------------------------------------------
2026-07-05 20:36 | WARNING  | robot_0 collided with obstacle_7 at state [5.04, 4.98, 0.59]
--------------------------------------------------------------------------------------------
setting actor output action_std to min_action_std :  0.1
--------------------------------------------------------------------------------------------
2026-07-05 20:36 | WARNING  | robot_0 collided with obstacle_5 at state [5.74, 2.92, 0.26]
--------------------------------------------------------------------------------------------
setting actor output action_std to min_action_std :  0.1
--------------------------------------------------------------------------------------------
2026-07-05 20:36 | WARNING  | robot_0 collided with obstacle_8 at state [9.86, 6.91, -1.0]
2026-07-05 20:36 | WARNING  | robot_0 collided with obstacle_6 at state [2.4, 5.03, 0.1]
--------------------------------------------------------------------------------------------
setting actor output action_std to min_action_std :  0.1
--------------------------------------------------------------------------------------------
2026-07-05 20:36 | WARNING  | robot_0 collided with obstacle_8 at state [8.47, 0.13, -2.51]
--------------------------------------------------------------------------------------------
setting actor output action_std to min_action_std :  0.1
--------------------------------------------------------------------------------------------
2026-07-05 20:36 | WARNING  | robot_0 collided with obstacle_8 at state [9.84, 5.13, -1.16]
2026-07-05 20:36 | WARNING  | robot_0 collided with obstacle_6 at state [5.06, 8.7, -1.44]
--------------------------------------------------------------------------------------------
setting actor output action_std to min_action_std :  0.1
--------------------------------------------------------------------------------------------
2026-07-05 20:36 | WARNING  | robot_0 collided with obstacle_7 at state [7.79, 3.86, 1.27]
2026-07-05 20:36 | WARNING  | robot_0 collided with obstacle_3 at state [2.14, 6.9, -1.08]
--------------------------------------------------------------------------------------------
setting actor output action_std to min_action_std :  0.1
--------------------------------------------------------------------------------------------
2026-07-05 20:36 | WARNING  | robot_0 collided with obstacle_4 at state [8.18, 3.51, -0.19]
2026-07-05 20:36 | WARNING  | robot_0 collided with obstacle_7 at state [3.34, 2.61, 0.45]
--------------------------------------------------------------------------------------------
setting actor output action_std to min_action_std :  0.1
--------------------------------------------------------------------------------------------
2026-07-05 20:36 | WARNING  | robot_0 collided with obstacle_7 at state [3.73, 1.05, 2.93]
--------------------------------------------------------------------------------------------
setting actor output action_std to min_action_std :  0.1
--------------------------------------------------------------------------------------------
--------------------------------------------------------------------------------------------
setting actor output action_std to min_action_std :  0.1
--------------------------------------------------------------------------------------------
2026-07-05 20:37 | WARNING  | robot_0 collided with obstacle_2 at state [1.35, 1.9, -0.97]
2026-07-05 20:37 | WARNING  | robot_0 collided with obstacle_3 at state [3.89, 5.93, -0.44]
--------------------------------------------------------------------------------------------
setting actor output action_std to min_action_std :  0.1
--------------------------------------------------------------------------------------------
2026-07-05 20:37 | WARNING  | robot_0 collided with obstacle_5 at state [7.25, 3.32, -0.46]
--------------------------------------------------------------------------------------------
setting actor output action_std to min_action_std :  0.1
--------------------------------------------------------------------------------------------
--------------------------------------------------------------------------------------------
setting actor output action_std to min_action_std :  0.1
--------------------------------------------------------------------------------------------
2026-07-05 20:37 | WARNING  | robot_0 collided with obstacle_7 at state [6.48, 3.7, -0.52]
--------------------------------------------------------------------------------------------
setting actor output action_std to min_action_std :  0.1
--------------------------------------------------------------------------------------------
2026-07-05 20:37 | WARNING  | robot_0 collided with obstacle_7 at state [5.3, 6.11, -1.08]
--------------------------------------------------------------------------------------------
setting actor output action_std to min_action_std :  0.1
--------------------------------------------------------------------------------------------
--------------------------------------------------------------------------------------------
setting actor output action_std to min_action_std :  0.1
--------------------------------------------------------------------------------------------
--------------------------------------------------------------------------------------------
setting actor output action_std to min_action_std :  0.1
--------------------------------------------------------------------------------------------
--------------------------------------------------------------------------------------------
setting actor output action_std to min_action_std :  0.1
--------------------------------------------------------------------------------------------
2026-07-05 20:38 | WARNING  | robot_0 collided with obstacle_6 at state [8.12, 6.36, -0.79]
--------------------------------------------------------------------------------------------
setting actor output action_std to min_action_std :  0.1
--------------------------------------------------------------------------------------------
2026-07-05 20:38 | WARNING  | robot_0 collided with obstacle_3 at state [3.38, 4.05, -0.4]
--------------------------------------------------------------------------------------------
setting actor output action_std to min_action_std :  0.1
--------------------------------------------------------------------------------------------
2026-07-05 20:38 | WARNING  | robot_0 collided with obstacle_5 at state [6.83, 3.64, 0.08]
--------------------------------------------------------------------------------------------
setting actor output action_std to min_action_std :  0.1
--------------------------------------------------------------------------------------------
2026-07-05 20:38 | WARNING  | robot_0 collided with obstacle_5 at state [5.7, 2.67, 0.44]
--------------------------------------------------------------------------------------------
setting actor output action_std to min_action_std :  0.1
--------------------------------------------------------------------------------------------
--------------------------------------------------------------------------------------------
setting actor output action_std to min_action_std :  0.1
--------------------------------------------------------------------------------------------
2026-07-05 20:38 | WARNING  | robot_0 collided with obstacle_6 at state [5.39, 2.79, 0.41]
--------------------------------------------------------------------------------------------
setting actor output action_std to min_action_std :  0.1
--------------------------------------------------------------------------------------------
--------------------------------------------------------------------------------------------
setting actor output action_std to min_action_std :  0.1
--------------------------------------------------------------------------------------------
--------------------------------------------------------------------------------------------
setting actor output action_std to min_action_std :  0.1
--------------------------------------------------------------------------------------------
2026-07-05 20:39 | WARNING  | robot_0 collided with obstacle_5 at state [5.15, 2.03, -2.2]
2026-07-05 20:39 | WARNING  | robot_0 collided with obstacle_2 at state [2.49, 3.0, 0.35]
--------------------------------------------------------------------------------------------
setting actor output action_std to min_action_std :  0.1
--------------------------------------------------------------------------------------------
2026-07-05 20:39 | WARNING  | robot_0 collided with obstacle_7 at state [8.84, 3.63, -2.15]
--------------------------------------------------------------------------------------------
setting actor output action_std to min_action_std :  0.1
--------------------------------------------------------------------------------------------
2026-07-05 20:39 | WARNING  | robot_0 collided with obstacle_4 at state [9.48, 5.7, -2.72]
--------------------------------------------------------------------------------------------
setting actor output action_std to min_action_std :  0.1
--------------------------------------------------------------------------------------------
2026-07-05 20:39 | WARNING  | robot_0 collided with obstacle_2 at state [5.09, 4.77, -1.74]
--------------------------------------------------------------------------------------------
setting actor output action_std to min_action_std :  0.1
--------------------------------------------------------------------------------------------
--------------------------------------------------------------------------------------------
setting actor output action_std to min_action_std :  0.1
--------------------------------------------------------------------------------------------
2026-07-05 20:39 | WARNING  | robot_0 collided with obstacle_8 at state [9.81, 5.53, -1.49]
--------------------------------------------------------------------------------------------
setting actor output action_std to min_action_std :  0.1
--------------------------------------------------------------------------------------------
..............................................
Epoch 39. Evaluating scenarios
2026-07-05 20:39 | WARNING  | robot_0 collided with obstacle_7 at state [7.25, 4.08, -0.35]
2026-07-05 20:39 | WARNING  | robot_0 collided with obstacle_8 at state [2.38, 9.86, 0.58]
2026-07-05 20:39 | WARNING  | robot_0 collided with obstacle_7 at state [6.85, 3.83, -1.88]
2026-07-05 20:39 | WARNING  | robot_0 collided with obstacle_1 at state [1.93, 8.79, 0.15]
2026-07-05 20:40 | WARNING  | robot_0 collided with obstacle_4 at state [7.7, 6.71, 0.27]
2026-07-05 20:40 | WARNING  | robot_0 collided with obstacle_4 at state [7.16, 4.5, -2.88]
2026-07-05 20:40 | WARNING  | robot_0 collided with obstacle_4 at state [3.9, 8.21, -0.67]
Average Reward: -113.5771350859015
Average Collision rate: 0.7
Average Goal rate: 0.0
..............................................
2026-07-05 20:40 | WARNING  | robot_0 collided with obstacle_3 at state [5.61, 3.48, -0.61]
--------------------------------------------------------------------------------------------
setting actor output action_std to min_action_std :  0.1
--------------------------------------------------------------------------------------------
--------------------------------------------------------------------------------------------
setting actor output action_std to min_action_std :  0.1
--------------------------------------------------------------------------------------------
2026-07-05 20:40 | WARNING  | robot_0 collided with obstacle_2 at state [7.16, 2.73, 2.32]
--------------------------------------------------------------------------------------------
setting actor output action_std to min_action_std :  0.1
--------------------------------------------------------------------------------------------
2026-07-05 20:40 | WARNING  | robot_0 collided with obstacle_6 at state [6.77, 6.93, -1.28]
--------------------------------------------------------------------------------------------
setting actor output action_std to min_action_std :  0.1
--------------------------------------------------------------------------------------------
--------------------------------------------------------------------------------------------
setting actor output action_std to min_action_std :  0.1
--------------------------------------------------------------------------------------------
2026-07-05 20:40 | WARNING  | robot_0 collided with obstacle_4 at state [7.21, 2.57, -0.07]
2026-07-05 20:40 | WARNING  | robot_0 collided with obstacle_3 at state [6.06, 6.88, 0.0]
--------------------------------------------------------------------------------------------
setting actor output action_std to min_action_std :  0.1
--------------------------------------------------------------------------------------------
2026-07-05 20:40 | WARNING  | robot_0 collided with obstacle_2 at state [8.27, 2.42, -0.08]
--------------------------------------------------------------------------------------------
setting actor output action_std to min_action_std :  0.1
--------------------------------------------------------------------------------------------
2026-07-05 20:41 | WARNING  | robot_0 collided with obstacle_7 at state [9.2, 5.76, -1.9]
--------------------------------------------------------------------------------------------
setting actor output action_std to min_action_std :  0.1
--------------------------------------------------------------------------------------------
2026-07-05 20:41 | WARNING  | robot_0 collided with obstacle_5 at state [3.18, 4.42, 2.73]
--------------------------------------------------------------------------------------------
setting actor output action_std to min_action_std :  0.1
--------------------------------------------------------------------------------------------
2026-07-05 20:41 | WARNING  | robot_0 collided with obstacle_6 at state [4.33, 3.35, 0.33]
--------------------------------------------------------------------------------------------
setting actor output action_std to min_action_std :  0.1
--------------------------------------------------------------------------------------------
--------------------------------------------------------------------------------------------
setting actor output action_std to min_action_std :  0.1
--------------------------------------------------------------------------------------------
--------------------------------------------------------------------------------------------
setting actor output action_std to min_action_std :  0.1
--------------------------------------------------------------------------------------------
2026-07-05 20:41 | WARNING  | robot_0 collided with obstacle_6 at state [7.37, 3.24, -0.57]
--------------------------------------------------------------------------------------------
setting actor output action_std to min_action_std :  0.1
--------------------------------------------------------------------------------------------
--------------------------------------------------------------------------------------------
setting actor output action_std to min_action_std :  0.1
--------------------------------------------------------------------------------------------
2026-07-05 20:41 | WARNING  | robot_0 collided with obstacle_6 at state [3.8, 4.56, -0.25]
--------------------------------------------------------------------------------------------
setting actor output action_std to min_action_std :  0.1
--------------------------------------------------------------------------------------------
--------------------------------------------------------------------------------------------
setting actor output action_std to min_action_std :  0.1
--------------------------------------------------------------------------------------------
2026-07-05 20:42 | WARNING  | robot_0 collided with obstacle_3 at state [6.13, 5.64, -0.98]
--------------------------------------------------------------------------------------------
setting actor output action_std to min_action_std :  0.1
--------------------------------------------------------------------------------------------
2026-07-05 20:42 | WARNING  | robot_0 collided with obstacle_4 at state [4.88, 7.04, -2.56]
--------------------------------------------------------------------------------------------
setting actor output action_std to min_action_std :  0.1
--------------------------------------------------------------------------------------------
2026-07-05 20:42 | WARNING  | robot_0 collided with obstacle_7 at state [6.8, 4.57, -1.83]
--------------------------------------------------------------------------------------------
setting actor output action_std to min_action_std :  0.1
--------------------------------------------------------------------------------------------
--------------------------------------------------------------------------------------------
setting actor output action_std to min_action_std :  0.1
--------------------------------------------------------------------------------------------
--------------------------------------------------------------------------------------------
setting actor output action_std to min_action_std :  0.1
--------------------------------------------------------------------------------------------
--------------------------------------------------------------------------------------------
setting actor output action_std to min_action_std :  0.1
--------------------------------------------------------------------------------------------
2026-07-05 20:42 | WARNING  | robot_0 collided with obstacle_3 at state [5.17, 8.13, -1.16]
2026-07-05 20:42 | WARNING  | robot_0 collided with obstacle_3 at state [5.67, 4.51, -0.41]
--------------------------------------------------------------------------------------------
setting actor output action_std to min_action_std :  0.1
--------------------------------------------------------------------------------------------
2026-07-05 20:43 | WARNING  | robot_0 collided with obstacle_6 at state [3.82, 6.05, -1.96]
--------------------------------------------------------------------------------------------
setting actor output action_std to min_action_std :  0.1
--------------------------------------------------------------------------------------------
--------------------------------------------------------------------------------------------
setting actor output action_std to min_action_std :  0.1
--------------------------------------------------------------------------------------------
2026-07-05 20:43 | WARNING  | robot_0 collided with obstacle_1 at state [5.43, 7.16, -2.54]
2026-07-05 20:43 | WARNING  | robot_0 collided with obstacle_4 at state [4.49, 1.35, 1.91]
--------------------------------------------------------------------------------------------
setting actor output action_std to min_action_std :  0.1
--------------------------------------------------------------------------------------------
2026-07-05 20:43 | WARNING  | robot_0 collided with obstacle_3 at state [6.88, 7.13, -0.69]
2026-07-05 20:43 | WARNING  | robot_0 collided with obstacle_5 at state [6.29, 5.06, -0.26]
--------------------------------------------------------------------------------------------
setting actor output action_std to min_action_std :  0.1
--------------------------------------------------------------------------------------------
2026-07-05 20:43 | WARNING  | robot_0 collided with obstacle_7 at state [2.16, 2.54, -0.07]
--------------------------------------------------------------------------------------------
setting actor output action_std to min_action_std :  0.1
--------------------------------------------------------------------------------------------
2026-07-05 20:43 | WARNING  | robot_0 collided with obstacle_5 at state [1.69, 6.65, 1.24]
--------------------------------------------------------------------------------------------
setting actor output action_std to min_action_std :  0.1
--------------------------------------------------------------------------------------------
2026-07-05 20:43 | WARNING  | robot_0 collided with obstacle_5 at state [9.57, 1.91, 1.91]
--------------------------------------------------------------------------------------------
setting actor output action_std to min_action_std :  0.1
--------------------------------------------------------------------------------------------
--------------------------------------------------------------------------------------------
setting actor output action_std to min_action_std :  0.1
--------------------------------------------------------------------------------------------
--------------------------------------------------------------------------------------------
setting actor output action_std to min_action_std :  0.1
--------------------------------------------------------------------------------------------
2026-07-05 20:44 | WARNING  | robot_0 collided with obstacle_8 at state [8.11, 0.19, -2.37]
--------------------------------------------------------------------------------------------
setting actor output action_std to min_action_std :  0.1
--------------------------------------------------------------------------------------------
2026-07-05 20:44 | WARNING  | robot_0 collided with obstacle_4 at state [7.76, 2.8, 1.3]
--------------------------------------------------------------------------------------------
setting actor output action_std to min_action_std :  0.1
--------------------------------------------------------------------------------------------
..............................................
Epoch 40. Evaluating scenarios
2026-07-05 20:44 | WARNING  | robot_0 collided with obstacle_2 at state [6.07, 1.25, 0.39]
2026-07-05 20:44 | WARNING  | robot_0 collided with obstacle_4 at state [6.19, 5.58, 0.29]
2026-07-05 20:44 | WARNING  | robot_0 collided with obstacle_8 at state [9.86, 7.87, -1.13]
2026-07-05 20:45 | WARNING  | robot_0 collided with obstacle_7 at state [4.01, 6.61, -0.41]
Average Reward: -77.99862553934513
Average Collision rate: 0.4
Average Goal rate: 0.0
..............................................
--------------------------------------------------------------------------------------------
setting actor output action_std to min_action_std :  0.1
--------------------------------------------------------------------------------------------
--------------------------------------------------------------------------------------------
setting actor output action_std to min_action_std :  0.1
--------------------------------------------------------------------------------------------
--------------------------------------------------------------------------------------------
setting actor output action_std to min_action_std :  0.1
--------------------------------------------------------------------------------------------
2026-07-05 20:45 | WARNING  | robot_0 collided with obstacle_4 at state [7.18, 7.52, -0.06]
--------------------------------------------------------------------------------------------
setting actor output action_std to min_action_std :  0.1
--------------------------------------------------------------------------------------------
2026-07-05 20:45 | WARNING  | robot_0 collided with obstacle_3 at state [1.92, 7.51, -0.33]
--------------------------------------------------------------------------------------------
setting actor output action_std to min_action_std :  0.1
--------------------------------------------------------------------------------------------
--------------------------------------------------------------------------------------------
setting actor output action_std to min_action_std :  0.1
--------------------------------------------------------------------------------------------
2026-07-05 20:45 | WARNING  | robot_0 collided with obstacle_4 at state [5.04, 4.89, -1.47]
--------------------------------------------------------------------------------------------
setting actor output action_std to min_action_std :  0.1
--------------------------------------------------------------------------------------------
2026-07-05 20:45 | WARNING  | robot_0 collided with obstacle_3 at state [6.8, 5.79, -0.55]
--------------------------------------------------------------------------------------------
setting actor output action_std to min_action_std :  0.1
--------------------------------------------------------------------------------------------
--------------------------------------------------------------------------------------------
setting actor output action_std to min_action_std :  0.1
--------------------------------------------------------------------------------------------
2026-07-05 20:46 | WARNING  | robot_0 collided with obstacle_3 at state [5.19, 3.57, 2.47]
--------------------------------------------------------------------------------------------
setting actor output action_std to min_action_std :  0.1
--------------------------------------------------------------------------------------------
2026-07-05 20:46 | WARNING  | robot_0 collided with obstacle_1 at state [5.56, 4.54, -2.57]
--------------------------------------------------------------------------------------------
setting actor output action_std to min_action_std :  0.1
--------------------------------------------------------------------------------------------
--------------------------------------------------------------------------------------------
setting actor output action_std to min_action_std :  0.1
--------------------------------------------------------------------------------------------
--------------------------------------------------------------------------------------------
setting actor output action_std to min_action_std :  0.1
--------------------------------------------------------------------------------------------
2026-07-05 20:46 | WARNING  | robot_0 collided with obstacle_1 at state [6.72, 1.5, 2.71]
--------------------------------------------------------------------------------------------
setting actor output action_std to min_action_std :  0.1
--------------------------------------------------------------------------------------------
--------------------------------------------------------------------------------------------
setting actor output action_std to min_action_std :  0.1
--------------------------------------------------------------------------------------------
2026-07-05 20:47 | WARNING  | robot_0 collided with obstacle_6 at state [6.39, 7.81, -1.06]
--------------------------------------------------------------------------------------------
setting actor output action_std to min_action_std :  0.1
--------------------------------------------------------------------------------------------
--------------------------------------------------------------------------------------------
setting actor output action_std to min_action_std :  0.1
--------------------------------------------------------------------------------------------
--------------------------------------------------------------------------------------------
setting actor output action_std to min_action_std :  0.1
--------------------------------------------------------------------------------------------
2026-07-05 20:47 | WARNING  | robot_0 collided with obstacle_8 at state [9.82, 7.19, -1.33]
--------------------------------------------------------------------------------------------
setting actor output action_std to min_action_std :  0.1
--------------------------------------------------------------------------------------------
2026-07-05 20:47 | WARNING  | robot_0 collided with obstacle_8 at state [9.81, 4.5, -1.61]
--------------------------------------------------------------------------------------------
setting actor output action_std to min_action_std :  0.1
--------------------------------------------------------------------------------------------
2026-07-05 20:47 | WARNING  | robot_0 collided with obstacle_1 at state [3.27, 4.88, -0.84]
--------------------------------------------------------------------------------------------
setting actor output action_std to min_action_std :  0.1
--------------------------------------------------------------------------------------------
2026-07-05 20:47 | WARNING  | robot_0 collided with obstacle_3 at state [3.6, 4.06, 0.83]
--------------------------------------------------------------------------------------------
setting actor output action_std to min_action_std :  0.1
--------------------------------------------------------------------------------------------
2026-07-05 20:47 | WARNING  | robot_0 collided with obstacle_4 at state [5.54, 7.02, -2.55]
--------------------------------------------------------------------------------------------
setting actor output action_std to min_action_std :  0.1
--------------------------------------------------------------------------------------------
--------------------------------------------------------------------------------------------
setting actor output action_std to min_action_std :  0.1
--------------------------------------------------------------------------------------------
--------------------------------------------------------------------------------------------
setting actor output action_std to min_action_std :  0.1
--------------------------------------------------------------------------------------------
--------------------------------------------------------------------------------------------
setting actor output action_std to min_action_std :  0.1
--------------------------------------------------------------------------------------------
2026-07-05 20:48 | WARNING  | robot_0 collided with obstacle_2 at state [8.4, 6.09, -0.3]
2026-07-05 20:48 | WARNING  | robot_0 collided with obstacle_4 at state [4.34, 5.37, -0.8]
--------------------------------------------------------------------------------------------
setting actor output action_std to min_action_std :  0.1
--------------------------------------------------------------------------------------------
--------------------------------------------------------------------------------------------
setting actor output action_std to min_action_std :  0.1
--------------------------------------------------------------------------------------------
2026-07-05 20:48 | WARNING  | robot_0 collided with obstacle_2 at state [2.45, 5.49, -0.56]
--------------------------------------------------------------------------------------------
setting actor output action_std to min_action_std :  0.1
--------------------------------------------------------------------------------------------
--------------------------------------------------------------------------------------------
setting actor output action_std to min_action_std :  0.1
--------------------------------------------------------------------------------------------
--------------------------------------------------------------------------------------------
setting actor output action_std to min_action_std :  0.1
--------------------------------------------------------------------------------------------
--------------------------------------------------------------------------------------------
setting actor output action_std to min_action_std :  0.1
--------------------------------------------------------------------------------------------
--------------------------------------------------------------------------------------------
setting actor output action_std to min_action_std :  0.1
--------------------------------------------------------------------------------------------
--------------------------------------------------------------------------------------------
setting actor output action_std to min_action_std :  0.1
--------------------------------------------------------------------------------------------
..............................................
Epoch 41. Evaluating scenarios
2026-07-05 20:49 | WARNING  | robot_0 collided with obstacle_3 at state [3.22, 2.99, -1.28]
Average Reward: -88.83257727790559
Average Collision rate: 0.1
Average Goal rate: 0.0
..............................................
--------------------------------------------------------------------------------------------
setting actor output action_std to min_action_std :  0.1
--------------------------------------------------------------------------------------------
2026-07-05 20:51 | WARNING  | robot_0 collided with obstacle_4 at state [1.76, 5.0, -0.89]
--------------------------------------------------------------------------------------------
setting actor output action_std to min_action_std :  0.1
--------------------------------------------------------------------------------------------
2026-07-05 20:51 | WARNING  | robot_0 collided with obstacle_2 at state [5.2, 7.88, -0.68]
2026-07-05 20:51 | WARNING  | robot_0 collided with obstacle_5 at state [7.48, 5.05, 1.98]
--------------------------------------------------------------------------------------------
setting actor output action_std to min_action_std :  0.1
--------------------------------------------------------------------------------------------
2026-07-05 20:51 | WARNING  | robot_0 collided with obstacle_5 at state [2.96, 3.41, 2.02]
--------------------------------------------------------------------------------------------
setting actor output action_std to min_action_std :  0.1
--------------------------------------------------------------------------------------------
--------------------------------------------------------------------------------------------
setting actor output action_std to min_action_std :  0.1
--------------------------------------------------------------------------------------------
--------------------------------------------------------------------------------------------
setting actor output action_std to min_action_std :  0.1
--------------------------------------------------------------------------------------------
2026-07-05 20:51 | WARNING  | robot_0 collided with obstacle_1 at state [8.02, 0.47, -2.68]
--------------------------------------------------------------------------------------------
setting actor output action_std to min_action_std :  0.1
--------------------------------------------------------------------------------------------
--------------------------------------------------------------------------------------------
setting actor output action_std to min_action_std :  0.1
--------------------------------------------------------------------------------------------
2026-07-05 20:52 | WARNING  | robot_0 collided with obstacle_5 at state [3.06, 4.9, -0.66]
--------------------------------------------------------------------------------------------
setting actor output action_std to min_action_std :  0.1
--------------------------------------------------------------------------------------------
--------------------------------------------------------------------------------------------
setting actor output action_std to min_action_std :  0.1
--------------------------------------------------------------------------------------------
--------------------------------------------------------------------------------------------
setting actor output action_std to min_action_std :  0.1
--------------------------------------------------------------------------------------------
2026-07-05 20:52 | WARNING  | robot_0 collided with obstacle_6 at state [2.63, 8.07, -0.15]
--------------------------------------------------------------------------------------------
setting actor output action_std to min_action_std :  0.1
--------------------------------------------------------------------------------------------
--------------------------------------------------------------------------------------------
setting actor output action_std to min_action_std :  0.1
--------------------------------------------------------------------------------------------
--------------------------------------------------------------------------------------------
setting actor output action_std to min_action_std :  0.1
--------------------------------------------------------------------------------------------
--------------------------------------------------------------------------------------------
setting actor output action_std to min_action_std :  0.1
--------------------------------------------------------------------------------------------
2026-07-05 20:53 | WARNING  | robot_0 collided with obstacle_6 at state [2.88, 3.78, -1.38]
2026-07-05 20:53 | WARNING  | robot_0 collided with obstacle_3 at state [2.88, 3.78, -1.38]
2026-07-05 20:53 | WARNING  | robot_0 collided with obstacle_8 at state [9.83, 5.18, -1.16]
--------------------------------------------------------------------------------------------
setting actor output action_std to min_action_std :  0.1
--------------------------------------------------------------------------------------------
2026-07-05 20:53 | WARNING  | robot_0 collided with obstacle_3 at state [3.96, 5.27, -0.9]
--------------------------------------------------------------------------------------------
setting actor output action_std to min_action_std :  0.1
--------------------------------------------------------------------------------------------
--------------------------------------------------------------------------------------------
setting actor output action_std to min_action_std :  0.1
--------------------------------------------------------------------------------------------
--------------------------------------------------------------------------------------------
setting actor output action_std to min_action_std :  0.1
--------------------------------------------------------------------------------------------
--------------------------------------------------------------------------------------------
setting actor output action_std to min_action_std :  0.1
--------------------------------------------------------------------------------------------
--------------------------------------------------------------------------------------------
setting actor output action_std to min_action_std :  0.1
--------------------------------------------------------------------------------------------
2026-07-05 20:53 | WARNING  | robot_0 collided with obstacle_4 at state [2.19, 4.12, 0.81]
--------------------------------------------------------------------------------------------
setting actor output action_std to min_action_std :  0.1
--------------------------------------------------------------------------------------------
2026-07-05 20:53 | WARNING  | robot_0 collided with obstacle_2 at state [7.82, 3.15, 0.52]
--------------------------------------------------------------------------------------------
setting actor output action_std to min_action_std :  0.1
--------------------------------------------------------------------------------------------
2026-07-05 20:54 | WARNING  | robot_0 collided with obstacle_3 at state [8.28, 5.33, 1.99]
--------------------------------------------------------------------------------------------
setting actor output action_std to min_action_std :  0.1
--------------------------------------------------------------------------------------------
2026-07-05 20:54 | WARNING  | robot_0 collided with obstacle_2 at state [4.69, 3.38, 0.0]
--------------------------------------------------------------------------------------------
setting actor output action_std to min_action_std :  0.1
--------------------------------------------------------------------------------------------
2026-07-05 20:54 | WARNING  | robot_0 collided with obstacle_2 at state [5.61, 2.73, 1.93]
--------------------------------------------------------------------------------------------
setting actor output action_std to min_action_std :  0.1
--------------------------------------------------------------------------------------------
--------------------------------------------------------------------------------------------
setting actor output action_std to min_action_std :  0.1
--------------------------------------------------------------------------------------------
2026-07-05 20:54 | WARNING  | robot_0 collided with obstacle_5 at state [8.18, 2.17, -0.48]
--------------------------------------------------------------------------------------------
setting actor output action_std to min_action_std :  0.1
--------------------------------------------------------------------------------------------
2026-07-05 20:54 | WARNING  | robot_0 collided with obstacle_1 at state [2.9, 6.97, -1.08]
--------------------------------------------------------------------------------------------
setting actor output action_std to min_action_std :  0.1
--------------------------------------------------------------------------------------------
2026-07-05 20:54 | WARNING  | robot_0 collided with obstacle_1 at state [6.01, 6.36, -1.92]
--------------------------------------------------------------------------------------------
setting actor output action_std to min_action_std :  0.1
--------------------------------------------------------------------------------------------
2026-07-05 20:54 | WARNING  | robot_0 collided with obstacle_7 at state [6.01, 3.4, 0.12]
--------------------------------------------------------------------------------------------
setting actor output action_std to min_action_std :  0.1
--------------------------------------------------------------------------------------------
--------------------------------------------------------------------------------------------
setting actor output action_std to min_action_std :  0.1
--------------------------------------------------------------------------------------------
2026-07-05 20:55 | WARNING  | robot_0 collided with obstacle_2 at state [4.95, 1.39, 0.4]
--------------------------------------------------------------------------------------------
setting actor output action_std to min_action_std :  0.1
--------------------------------------------------------------------------------------------
--------------------------------------------------------------------------------------------
setting actor output action_std to min_action_std :  0.1
--------------------------------------------------------------------------------------------
2026-07-05 20:55 | WARNING  | robot_0 collided with obstacle_3 at state [4.56, 2.23, -0.46]
..............................................
Epoch 42. Evaluating scenarios
2026-07-05 20:55 | WARNING  | robot_0 collided with obstacle_4 at state [2.95, 4.52, -1.63]
2026-07-05 20:56 | WARNING  | robot_0 collided with obstacle_3 at state [2.86, 6.0, -0.27]
Average Reward: -60.699577847245074
Average Collision rate: 0.2
Average Goal rate: 0.1
..............................................
--------------------------------------------------------------------------------------------
setting actor output action_std to min_action_std :  0.1
--------------------------------------------------------------------------------------------
--------------------------------------------------------------------------------------------
setting actor output action_std to min_action_std :  0.1
--------------------------------------------------------------------------------------------
2026-07-05 20:56 | WARNING  | robot_0 collided with obstacle_2 at state [7.77, 7.42, 0.46]
2026-07-05 20:56 | WARNING  | robot_0 collided with obstacle_2 at state [1.98, 4.99, -0.28]
--------------------------------------------------------------------------------------------
setting actor output action_std to min_action_std :  0.1
--------------------------------------------------------------------------------------------
2026-07-05 20:56 | WARNING  | robot_0 collided with obstacle_6 at state [2.1, 5.68, -0.86]
2026-07-05 20:56 | WARNING  | robot_0 collided with obstacle_2 at state [8.84, 6.98, -1.86]
--------------------------------------------------------------------------------------------
setting actor output action_std to min_action_std :  0.1
--------------------------------------------------------------------------------------------
--------------------------------------------------------------------------------------------
setting actor output action_std to min_action_std :  0.1
--------------------------------------------------------------------------------------------
2026-07-05 20:56 | WARNING  | robot_0 collided with obstacle_5 at state [1.81, 7.24, -0.77]
2026-07-05 20:56 | WARNING  | robot_0 collided with obstacle_3 at state [7.69, 7.25, 3.05]
--------------------------------------------------------------------------------------------
setting actor output action_std to min_action_std :  0.1
--------------------------------------------------------------------------------------------
2026-07-05 20:56 | WARNING  | robot_0 collided with obstacle_7 at state [1.95, 7.58, -0.87]
--------------------------------------------------------------------------------------------
setting actor output action_std to min_action_std :  0.1
--------------------------------------------------------------------------------------------
2026-07-05 20:56 | WARNING  | robot_0 collided with obstacle_1 at state [4.37, 6.11, -1.61]
--------------------------------------------------------------------------------------------
setting actor output action_std to min_action_std :  0.1
--------------------------------------------------------------------------------------------
--------------------------------------------------------------------------------------------
setting actor output action_std to min_action_std :  0.1
--------------------------------------------------------------------------------------------
2026-07-05 20:57 | WARNING  | robot_0 collided with obstacle_6 at state [9.09, 7.95, -2.49]
--------------------------------------------------------------------------------------------
setting actor output action_std to min_action_std :  0.1
--------------------------------------------------------------------------------------------
--------------------------------------------------------------------------------------------
setting actor output action_std to min_action_std :  0.1
--------------------------------------------------------------------------------------------
--------------------------------------------------------------------------------------------
setting actor output action_std to min_action_std :  0.1
--------------------------------------------------------------------------------------------
2026-07-05 20:57 | WARNING  | robot_0 collided with obstacle_7 at state [5.41, 6.35, -0.61]
--------------------------------------------------------------------------------------------
setting actor output action_std to min_action_std :  0.1
--------------------------------------------------------------------------------------------
--------------------------------------------------------------------------------------------
setting actor output action_std to min_action_std :  0.1
--------------------------------------------------------------------------------------------
--------------------------------------------------------------------------------------------
setting actor output action_std to min_action_std :  0.1
--------------------------------------------------------------------------------------------
--------------------------------------------------------------------------------------------
setting actor output action_std to min_action_std :  0.1
--------------------------------------------------------------------------------------------
--------------------------------------------------------------------------------------------
setting actor output action_std to min_action_std :  0.1
--------------------------------------------------------------------------------------------
2026-07-05 20:58 | WARNING  | robot_0 collided with obstacle_4 at state [7.87, 1.92, -1.06]
--------------------------------------------------------------------------------------------
setting actor output action_std to min_action_std :  0.1
--------------------------------------------------------------------------------------------
--------------------------------------------------------------------------------------------
setting actor output action_std to min_action_std :  0.1
--------------------------------------------------------------------------------------------
--------------------------------------------------------------------------------------------
setting actor output action_std to min_action_std :  0.1
--------------------------------------------------------------------------------------------
--------------------------------------------------------------------------------------------
setting actor output action_std to min_action_std :  0.1
--------------------------------------------------------------------------------------------
2026-07-05 20:58 | WARNING  | robot_0 collided with obstacle_2 at state [2.8, 6.78, -1.62]
--------------------------------------------------------------------------------------------
setting actor output action_std to min_action_std :  0.1
--------------------------------------------------------------------------------------------
2026-07-05 20:59 | WARNING  | robot_0 collided with obstacle_4 at state [7.48, 6.11, 1.08]
--------------------------------------------------------------------------------------------
setting actor output action_std to min_action_std :  0.1
--------------------------------------------------------------------------------------------
2026-07-05 20:59 | WARNING  | robot_0 collided with obstacle_5 at state [6.24, 3.98, 0.03]
--------------------------------------------------------------------------------------------
setting actor output action_std to min_action_std :  0.1
--------------------------------------------------------------------------------------------
--------------------------------------------------------------------------------------------
setting actor output action_std to min_action_std :  0.1
--------------------------------------------------------------------------------------------
--------------------------------------------------------------------------------------------
setting actor output action_std to min_action_std :  0.1
--------------------------------------------------------------------------------------------
--------------------------------------------------------------------------------------------
setting actor output action_std to min_action_std :  0.1
--------------------------------------------------------------------------------------------
--------------------------------------------------------------------------------------------
setting actor output action_std to min_action_std :  0.1
--------------------------------------------------------------------------------------------
--------------------------------------------------------------------------------------------
setting actor output action_std to min_action_std :  0.1
--------------------------------------------------------------------------------------------
2026-07-05 21:00 | WARNING  | robot_0 collided with obstacle_2 at state [7.49, 1.67, -0.11]
--------------------------------------------------------------------------------------------
setting actor output action_std to min_action_std :  0.1
--------------------------------------------------------------------------------------------
--------------------------------------------------------------------------------------------
setting actor output action_std to min_action_std :  0.1
--------------------------------------------------------------------------------------------
--------------------------------------------------------------------------------------------
setting actor output action_std to min_action_std :  0.1
--------------------------------------------------------------------------------------------
--------------------------------------------------------------------------------------------
setting actor output action_std to min_action_std :  0.1
--------------------------------------------------------------------------------------------
2026-07-05 21:00 | WARNING  | robot_0 collided with obstacle_3 at state [7.36, 3.88, 1.13]
--------------------------------------------------------------------------------------------
setting actor output action_std to min_action_std :  0.1
--------------------------------------------------------------------------------------------
..............................................
Epoch 43. Evaluating scenarios
Average Reward: -119.47350617014975
Average Collision rate: 0.0
Average Goal rate: 0.0
..............................................
--------------------------------------------------------------------------------------------
setting actor output action_std to min_action_std :  0.1
--------------------------------------------------------------------------------------------
2026-07-05 21:02 | WARNING  | robot_0 collided with obstacle_4 at state [4.62, 4.9, -0.61]
--------------------------------------------------------------------------------------------
setting actor output action_std to min_action_std :  0.1
--------------------------------------------------------------------------------------------
--------------------------------------------------------------------------------------------
setting actor output action_std to min_action_std :  0.1
--------------------------------------------------------------------------------------------
2026-07-05 21:02 | WARNING  | robot_0 collided with obstacle_3 at state [1.72, 2.69, -2.58]
--------------------------------------------------------------------------------------------
setting actor output action_std to min_action_std :  0.1
--------------------------------------------------------------------------------------------
--------------------------------------------------------------------------------------------
setting actor output action_std to min_action_std :  0.1
--------------------------------------------------------------------------------------------
--------------------------------------------------------------------------------------------
setting actor output action_std to min_action_std :  0.1
--------------------------------------------------------------------------------------------
--------------------------------------------------------------------------------------------
setting actor output action_std to min_action_std :  0.1
--------------------------------------------------------------------------------------------
--------------------------------------------------------------------------------------------
setting actor output action_std to min_action_std :  0.1
--------------------------------------------------------------------------------------------
--------------------------------------------------------------------------------------------
setting actor output action_std to min_action_std :  0.1
--------------------------------------------------------------------------------------------
2026-07-05 21:03 | WARNING  | robot_0 collided with obstacle_4 at state [7.51, 8.75, -2.1]
--------------------------------------------------------------------------------------------
setting actor output action_std to min_action_std :  0.1
--------------------------------------------------------------------------------------------
2026-07-05 21:03 | WARNING  | robot_0 collided with obstacle_2 at state [3.63, 2.25, 0.32]
--------------------------------------------------------------------------------------------
setting actor output action_std to min_action_std :  0.1
--------------------------------------------------------------------------------------------
--------------------------------------------------------------------------------------------
setting actor output action_std to min_action_std :  0.1
--------------------------------------------------------------------------------------------
2026-07-05 21:03 | WARNING  | robot_0 collided with obstacle_4 at state [2.45, 8.41, -2.4]
--------------------------------------------------------------------------------------------
setting actor output action_std to min_action_std :  0.1
--------------------------------------------------------------------------------------------
--------------------------------------------------------------------------------------------
setting actor output action_std to min_action_std :  0.1
--------------------------------------------------------------------------------------------
--------------------------------------------------------------------------------------------
setting actor output action_std to min_action_std :  0.1
--------------------------------------------------------------------------------------------
--------------------------------------------------------------------------------------------
setting actor output action_std to min_action_std :  0.1
--------------------------------------------------------------------------------------------
--------------------------------------------------------------------------------------------
setting actor output action_std to min_action_std :  0.1
--------------------------------------------------------------------------------------------
--------------------------------------------------------------------------------------------
setting actor output action_std to min_action_std :  0.1
--------------------------------------------------------------------------------------------
2026-07-05 21:04 | WARNING  | robot_0 collided with obstacle_2 at state [7.5, 7.54, 0.03]
--------------------------------------------------------------------------------------------
setting actor output action_std to min_action_std :  0.1
--------------------------------------------------------------------------------------------
--------------------------------------------------------------------------------------------
setting actor output action_std to min_action_std :  0.1
--------------------------------------------------------------------------------------------
2026-07-05 21:05 | WARNING  | robot_0 collided with obstacle_1 at state [3.94, 6.49, -1.23]
--------------------------------------------------------------------------------------------
setting actor output action_std to min_action_std :  0.1
--------------------------------------------------------------------------------------------
--------------------------------------------------------------------------------------------
setting actor output action_std to min_action_std :  0.1
--------------------------------------------------------------------------------------------
2026-07-05 21:05 | WARNING  | robot_0 collided with obstacle_7 at state [4.04, 6.01, -0.75]
--------------------------------------------------------------------------------------------
setting actor output action_std to min_action_std :  0.1
--------------------------------------------------------------------------------------------
--------------------------------------------------------------------------------------------
setting actor output action_std to min_action_std :  0.1
--------------------------------------------------------------------------------------------
--------------------------------------------------------------------------------------------
setting actor output action_std to min_action_std :  0.1
--------------------------------------------------------------------------------------------
--------------------------------------------------------------------------------------------
setting actor output action_std to min_action_std :  0.1
--------------------------------------------------------------------------------------------
--------------------------------------------------------------------------------------------
setting actor output action_std to min_action_std :  0.1
--------------------------------------------------------------------------------------------
2026-07-05 21:06 | WARNING  | robot_0 collided with obstacle_5 at state [5.68, 7.12, -0.26]
--------------------------------------------------------------------------------------------
setting actor output action_std to min_action_std :  0.1
--------------------------------------------------------------------------------------------
--------------------------------------------------------------------------------------------
setting actor output action_std to min_action_std :  0.1
--------------------------------------------------------------------------------------------
--------------------------------------------------------------------------------------------
setting actor output action_std to min_action_std :  0.1
--------------------------------------------------------------------------------------------
--------------------------------------------------------------------------------------------
setting actor output action_std to min_action_std :  0.1
--------------------------------------------------------------------------------------------
--------------------------------------------------------------------------------------------
setting actor output action_std to min_action_std :  0.1
--------------------------------------------------------------------------------------------
--------------------------------------------------------------------------------------------
setting actor output action_std to min_action_std :  0.1
--------------------------------------------------------------------------------------------
--------------------------------------------------------------------------------------------
setting actor output action_std to min_action_std :  0.1
--------------------------------------------------------------------------------------------
..............................................
Epoch 44. Evaluating scenarios
2026-07-05 21:07 | WARNING  | robot_0 collided with obstacle_4 at state [6.86, 5.52, -1.24]
2026-07-05 21:07 | WARNING  | robot_0 collided with obstacle_2 at state [2.88, 5.76, -0.51]
2026-07-05 21:07 | WARNING  | robot_0 collided with obstacle_6 at state [1.84, 5.15, -1.11]
2026-07-05 21:07 | WARNING  | robot_0 collided with obstacle_4 at state [7.27, 7.96, -0.41]
2026-07-05 21:07 | WARNING  | robot_0 collided with obstacle_4 at state [7.22, 5.33, -0.65]
Average Reward: -90.22899282871269
Average Collision rate: 0.5
Average Goal rate: 0.0
..............................................
--------------------------------------------------------------------------------------------
setting actor output action_std to min_action_std :  0.1
--------------------------------------------------------------------------------------------
--------------------------------------------------------------------------------------------
setting actor output action_std to min_action_std :  0.1
--------------------------------------------------------------------------------------------
--------------------------------------------------------------------------------------------
setting actor output action_std to min_action_std :  0.1
--------------------------------------------------------------------------------------------
2026-07-05 21:08 | WARNING  | robot_0 collided with obstacle_4 at state [6.6, 8.95, 0.52]
--------------------------------------------------------------------------------------------
setting actor output action_std to min_action_std :  0.1
--------------------------------------------------------------------------------------------
--------------------------------------------------------------------------------------------
setting actor output action_std to min_action_std :  0.1
--------------------------------------------------------------------------------------------
--------------------------------------------------------------------------------------------
setting actor output action_std to min_action_std :  0.1
--------------------------------------------------------------------------------------------
--------------------------------------------------------------------------------------------
setting actor output action_std to min_action_std :  0.1
--------------------------------------------------------------------------------------------
2026-07-05 21:09 | WARNING  | robot_0 collided with obstacle_5 at state [3.73, 8.89, -0.28]
--------------------------------------------------------------------------------------------
setting actor output action_std to min_action_std :  0.1
--------------------------------------------------------------------------------------------
--------------------------------------------------------------------------------------------
setting actor output action_std to min_action_std :  0.1
--------------------------------------------------------------------------------------------
2026-07-05 21:09 | WARNING  | robot_0 collided with obstacle_5 at state [1.95, 6.65, -1.5]
--------------------------------------------------------------------------------------------
setting actor output action_std to min_action_std :  0.1
--------------------------------------------------------------------------------------------
2026-07-05 21:09 | WARNING  | robot_0 collided with obstacle_6 at state [2.09, 2.31, -1.41]
--------------------------------------------------------------------------------------------
setting actor output action_std to min_action_std :  0.1
--------------------------------------------------------------------------------------------
--------------------------------------------------------------------------------------------
setting actor output action_std to min_action_std :  0.1
--------------------------------------------------------------------------------------------
2026-07-05 21:09 | WARNING  | robot_0 collided with obstacle_2 at state [7.65, 4.53, -0.54]
--------------------------------------------------------------------------------------------
setting actor output action_std to min_action_std :  0.1
--------------------------------------------------------------------------------------------
--------------------------------------------------------------------------------------------
setting actor output action_std to min_action_std :  0.1
--------------------------------------------------------------------------------------------
--------------------------------------------------------------------------------------------
setting actor output action_std to min_action_std :  0.1
--------------------------------------------------------------------------------------------
2026-07-05 21:10 | WARNING  | robot_0 collided with obstacle_2 at state [7.59, 1.23, 0.05]
--------------------------------------------------------------------------------------------
setting actor output action_std to min_action_std :  0.1
--------------------------------------------------------------------------------------------
2026-07-05 21:10 | WARNING  | robot_0 collided with obstacle_5 at state [6.15, 1.14, 0.14]
--------------------------------------------------------------------------------------------
setting actor output action_std to min_action_std :  0.1
--------------------------------------------------------------------------------------------
2026-07-05 21:10 | WARNING  | robot_0 collided with obstacle_7 at state [2.4, 2.91, 0.96]
--------------------------------------------------------------------------------------------
setting actor output action_std to min_action_std :  0.1
--------------------------------------------------------------------------------------------
--------------------------------------------------------------------------------------------
setting actor output action_std to min_action_std :  0.1
--------------------------------------------------------------------------------------------
2026-07-05 21:10 | WARNING  | robot_0 collided with obstacle_2 at state [5.06, 4.22, -0.01]
--------------------------------------------------------------------------------------------
setting actor output action_std to min_action_std :  0.1
--------------------------------------------------------------------------------------------
--------------------------------------------------------------------------------------------
setting actor output action_std to min_action_std :  0.1
--------------------------------------------------------------------------------------------
--------------------------------------------------------------------------------------------
setting actor output action_std to min_action_std :  0.1
--------------------------------------------------------------------------------------------
2026-07-05 21:10 | WARNING  | robot_0 collided with obstacle_3 at state [4.94, 1.55, 0.45]
--------------------------------------------------------------------------------------------
setting actor output action_std to min_action_std :  0.1
--------------------------------------------------------------------------------------------
--------------------------------------------------------------------------------------------
setting actor output action_std to min_action_std :  0.1
--------------------------------------------------------------------------------------------
2026-07-05 21:11 | WARNING  | robot_0 collided with obstacle_2 at state [7.17, 4.17, 0.14]
2026-07-05 21:11 | WARNING  | robot_0 collided with obstacle_2 at state [4.7, 5.61, 0.0]
--------------------------------------------------------------------------------------------
setting actor output action_std to min_action_std :  0.1
--------------------------------------------------------------------------------------------
2026-07-05 21:11 | WARNING  | robot_0 collided with obstacle_4 at state [8.75, 6.02, -1.22]
--------------------------------------------------------------------------------------------
setting actor output action_std to min_action_std :  0.1
--------------------------------------------------------------------------------------------
--------------------------------------------------------------------------------------------
setting actor output action_std to min_action_std :  0.1
--------------------------------------------------------------------------------------------
2026-07-05 21:11 | WARNING  | robot_0 collided with obstacle_4 at state [4.4, 7.16, 0.12]
--------------------------------------------------------------------------------------------
setting actor output action_std to min_action_std :  0.1
--------------------------------------------------------------------------------------------
--------------------------------------------------------------------------------------------
setting actor output action_std to min_action_std :  0.1
--------------------------------------------------------------------------------------------
--------------------------------------------------------------------------------------------
setting actor output action_std to min_action_std :  0.1
--------------------------------------------------------------------------------------------
2026-07-05 21:11 | WARNING  | robot_0 collided with obstacle_1 at state [2.2, 3.44, 0.94]
--------------------------------------------------------------------------------------------
setting actor output action_std to min_action_std :  0.1
--------------------------------------------------------------------------------------------
--------------------------------------------------------------------------------------------
setting actor output action_std to min_action_std :  0.1
--------------------------------------------------------------------------------------------
--------------------------------------------------------------------------------------------
setting actor output action_std to min_action_std :  0.1
--------------------------------------------------------------------------------------------
--------------------------------------------------------------------------------------------
setting actor output action_std to min_action_std :  0.1
--------------------------------------------------------------------------------------------
..............................................
Epoch 45. Evaluating scenarios
Average Reward: -138.46300418465856
Average Collision rate: 0.0
Average Goal rate: 0.0
..............................................
--------------------------------------------------------------------------------------------
setting actor output action_std to min_action_std :  0.1
--------------------------------------------------------------------------------------------
--------------------------------------------------------------------------------------------
setting actor output action_std to min_action_std :  0.1
--------------------------------------------------------------------------------------------
2026-07-05 21:14 | WARNING  | robot_0 collided with obstacle_7 at state [5.66, 6.32, -0.64]
--------------------------------------------------------------------------------------------
setting actor output action_std to min_action_std :  0.1
--------------------------------------------------------------------------------------------
--------------------------------------------------------------------------------------------
setting actor output action_std to min_action_std :  0.1
--------------------------------------------------------------------------------------------
--------------------------------------------------------------------------------------------
setting actor output action_std to min_action_std :  0.1
--------------------------------------------------------------------------------------------
2026-07-05 21:14 | WARNING  | robot_0 collided with obstacle_4 at state [4.09, 3.45, -0.06]
--------------------------------------------------------------------------------------------
setting actor output action_std to min_action_std :  0.1
--------------------------------------------------------------------------------------------
2026-07-05 21:14 | WARNING  | robot_0 collided with obstacle_4 at state [4.91, 8.04, -0.14]
--------------------------------------------------------------------------------------------
setting actor output action_std to min_action_std :  0.1
--------------------------------------------------------------------------------------------
--------------------------------------------------------------------------------------------
setting actor output action_std to min_action_std :  0.1
--------------------------------------------------------------------------------------------
2026-07-05 21:15 | WARNING  | robot_0 collided with obstacle_4 at state [7.35, 3.37, -0.05]
2026-07-05 21:15 | WARNING  | robot_0 collided with obstacle_7 at state [3.14, 5.98, -0.69]
--------------------------------------------------------------------------------------------
setting actor output action_std to min_action_std :  0.1
--------------------------------------------------------------------------------------------
2026-07-05 21:15 | WARNING  | robot_0 collided with obstacle_2 at state [4.02, 3.26, -0.78]
--------------------------------------------------------------------------------------------
setting actor output action_std to min_action_std :  0.1
--------------------------------------------------------------------------------------------
2026-07-05 21:15 | WARNING  | robot_0 collided with obstacle_2 at state [7.94, 4.82, -1.11]
--------------------------------------------------------------------------------------------
setting actor output action_std to min_action_std :  0.1
--------------------------------------------------------------------------------------------
2026-07-05 21:15 | WARNING  | robot_0 collided with obstacle_3 at state [4.71, 6.22, 0.0]
--------------------------------------------------------------------------------------------
setting actor output action_std to min_action_std :  0.1
--------------------------------------------------------------------------------------------
2026-07-05 21:15 | WARNING  | robot_0 collided with obstacle_6 at state [8.61, 7.16, -0.28]
--------------------------------------------------------------------------------------------
setting actor output action_std to min_action_std :  0.1
--------------------------------------------------------------------------------------------
2026-07-05 21:15 | WARNING  | robot_0 collided with obstacle_4 at state [8.01, 1.86, 0.26]
2026-07-05 21:15 | WARNING  | robot_0 collided with obstacle_7 at state [2.46, 2.13, 0.94]
--------------------------------------------------------------------------------------------
setting actor output action_std to min_action_std :  0.1
--------------------------------------------------------------------------------------------
2026-07-05 21:15 | WARNING  | robot_0 collided with obstacle_4 at state [3.97, 2.24, 1.27]
--------------------------------------------------------------------------------------------
setting actor output action_std to min_action_std :  0.1
--------------------------------------------------------------------------------------------
--------------------------------------------------------------------------------------------
setting actor output action_std to min_action_std :  0.1
--------------------------------------------------------------------------------------------
2026-07-05 21:15 | WARNING  | robot_0 collided with obstacle_3 at state [4.87, 7.67, -0.82]
--------------------------------------------------------------------------------------------
setting actor output action_std to min_action_std :  0.1
--------------------------------------------------------------------------------------------
--------------------------------------------------------------------------------------------
setting actor output action_std to min_action_std :  0.1
--------------------------------------------------------------------------------------------
--------------------------------------------------------------------------------------------
setting actor output action_std to min_action_std :  0.1
--------------------------------------------------------------------------------------------
2026-07-05 21:16 | WARNING  | robot_0 collided with obstacle_4 at state [2.99, 4.07, 0.67]
--------------------------------------------------------------------------------------------
setting actor output action_std to min_action_std :  0.1
--------------------------------------------------------------------------------------------
--------------------------------------------------------------------------------------------
setting actor output action_std to min_action_std :  0.1
--------------------------------------------------------------------------------------------
2026-07-05 21:16 | WARNING  | robot_0 collided with obstacle_2 at state [2.41, 1.77, 0.73]
--------------------------------------------------------------------------------------------
setting actor output action_std to min_action_std :  0.1
--------------------------------------------------------------------------------------------
2026-07-05 21:16 | WARNING  | robot_0 collided with obstacle_2 at state [9.33, 4.8, 2.06]
--------------------------------------------------------------------------------------------
setting actor output action_std to min_action_std :  0.1
--------------------------------------------------------------------------------------------
--------------------------------------------------------------------------------------------
setting actor output action_std to min_action_std :  0.1
--------------------------------------------------------------------------------------------
--------------------------------------------------------------------------------------------
setting actor output action_std to min_action_std :  0.1
--------------------------------------------------------------------------------------------
--------------------------------------------------------------------------------------------
setting actor output action_std to min_action_std :  0.1
--------------------------------------------------------------------------------------------
--------------------------------------------------------------------------------------------
setting actor output action_std to min_action_std :  0.1
--------------------------------------------------------------------------------------------
--------------------------------------------------------------------------------------------
setting actor output action_std to min_action_std :  0.1
--------------------------------------------------------------------------------------------
--------------------------------------------------------------------------------------------
setting actor output action_std to min_action_std :  0.1
--------------------------------------------------------------------------------------------
2026-07-05 21:17 | WARNING  | robot_0 collided with obstacle_3 at state [2.52, 5.5, 0.88]
--------------------------------------------------------------------------------------------
setting actor output action_std to min_action_std :  0.1
--------------------------------------------------------------------------------------------
--------------------------------------------------------------------------------------------
setting actor output action_std to min_action_std :  0.1
--------------------------------------------------------------------------------------------
2026-07-05 21:18 | WARNING  | robot_0 collided with obstacle_3 at state [1.88, 6.75, -0.78]
--------------------------------------------------------------------------------------------
setting actor output action_std to min_action_std :  0.1
--------------------------------------------------------------------------------------------
2026-07-05 21:18 | WARNING  | robot_0 collided with obstacle_6 at state [5.92, 6.6, -1.98]
--------------------------------------------------------------------------------------------
setting actor output action_std to min_action_std :  0.1
--------------------------------------------------------------------------------------------
--------------------------------------------------------------------------------------------
setting actor output action_std to min_action_std :  0.1
--------------------------------------------------------------------------------------------
..............................................
Epoch 46. Evaluating scenarios
2026-07-05 21:18 | WARNING  | robot_0 collided with obstacle_2 at state [5.7, 2.14, 1.0]
2026-07-05 21:18 | WARNING  | robot_0 collided with obstacle_2 at state [7.29, 2.1, -0.46]
Average Reward: -127.34827810453525
Average Collision rate: 0.2
Average Goal rate: 0.0
..............................................
--------------------------------------------------------------------------------------------
setting actor output action_std to min_action_std :  0.1
--------------------------------------------------------------------------------------------
--------------------------------------------------------------------------------------------
setting actor output action_std to min_action_std :  0.1
--------------------------------------------------------------------------------------------
--------------------------------------------------------------------------------------------
setting actor output action_std to min_action_std :  0.1
--------------------------------------------------------------------------------------------
--------------------------------------------------------------------------------------------
setting actor output action_std to min_action_std :  0.1
--------------------------------------------------------------------------------------------
--------------------------------------------------------------------------------------------
setting actor output action_std to min_action_std :  0.1
--------------------------------------------------------------------------------------------
--------------------------------------------------------------------------------------------
setting actor output action_std to min_action_std :  0.1
--------------------------------------------------------------------------------------------
2026-07-05 21:20 | WARNING  | robot_0 collided with obstacle_7 at state [3.84, 2.12, -0.11]
--------------------------------------------------------------------------------------------
setting actor output action_std to min_action_std :  0.1
--------------------------------------------------------------------------------------------
--------------------------------------------------------------------------------------------
setting actor output action_std to min_action_std :  0.1
--------------------------------------------------------------------------------------------
--------------------------------------------------------------------------------------------
setting actor output action_std to min_action_std :  0.1
--------------------------------------------------------------------------------------------
2026-07-05 21:21 | WARNING  | robot_0 collided with obstacle_5 at state [4.49, 5.99, -1.77]
--------------------------------------------------------------------------------------------
setting actor output action_std to min_action_std :  0.1
--------------------------------------------------------------------------------------------
--------------------------------------------------------------------------------------------
setting actor output action_std to min_action_std :  0.1
--------------------------------------------------------------------------------------------
2026-07-05 21:21 | WARNING  | robot_0 collided with obstacle_3 at state [5.22, 2.3, 0.0]
2026-07-05 21:21 | WARNING  | robot_0 collided with obstacle_4 at state [5.47, 2.31, 0.13]
--------------------------------------------------------------------------------------------
setting actor output action_std to min_action_std :  0.1
--------------------------------------------------------------------------------------------
2026-07-05 21:21 | WARNING  | robot_0 collided with obstacle_7 at state [7.7, 3.17, 1.53]
--------------------------------------------------------------------------------------------
setting actor output action_std to min_action_std :  0.1
--------------------------------------------------------------------------------------------
2026-07-05 21:21 | WARNING  | robot_0 collided with obstacle_8 at state [9.8, 7.69, -1.13]
--------------------------------------------------------------------------------------------
setting actor output action_std to min_action_std :  0.1
--------------------------------------------------------------------------------------------
2026-07-05 21:21 | WARNING  | robot_0 collided with obstacle_4 at state [5.35, 4.91, 0.12]
--------------------------------------------------------------------------------------------
setting actor output action_std to min_action_std :  0.1
--------------------------------------------------------------------------------------------
2026-07-05 21:21 | WARNING  | robot_0 collided with obstacle_4 at state [7.34, 2.95, -0.37]
--------------------------------------------------------------------------------------------
setting actor output action_std to min_action_std :  0.1
--------------------------------------------------------------------------------------------
--------------------------------------------------------------------------------------------
setting actor output action_std to min_action_std :  0.1
--------------------------------------------------------------------------------------------
--------------------------------------------------------------------------------------------
setting actor output action_std to min_action_std :  0.1
--------------------------------------------------------------------------------------------
2026-07-05 21:22 | WARNING  | robot_0 collided with obstacle_6 at state [2.82, 2.43, 0.35]
--------------------------------------------------------------------------------------------
setting actor output action_std to min_action_std :  0.1
--------------------------------------------------------------------------------------------
--------------------------------------------------------------------------------------------
setting actor output action_std to min_action_std :  0.1
--------------------------------------------------------------------------------------------
--------------------------------------------------------------------------------------------
setting actor output action_std to min_action_std :  0.1
--------------------------------------------------------------------------------------------
--------------------------------------------------------------------------------------------
setting actor output action_std to min_action_std :  0.1
--------------------------------------------------------------------------------------------
--------------------------------------------------------------------------------------------
setting actor output action_std to min_action_std :  0.1
--------------------------------------------------------------------------------------------
2026-07-05 21:23 | WARNING  | robot_0 collided with obstacle_6 at state [6.23, 3.72, -1.22]
--------------------------------------------------------------------------------------------
setting actor output action_std to min_action_std :  0.1
--------------------------------------------------------------------------------------------
--------------------------------------------------------------------------------------------
setting actor output action_std to min_action_std :  0.1
--------------------------------------------------------------------------------------------
--------------------------------------------------------------------------------------------
setting actor output action_std to min_action_std :  0.1
--------------------------------------------------------------------------------------------
--------------------------------------------------------------------------------------------
setting actor output action_std to min_action_std :  0.1
--------------------------------------------------------------------------------------------
--------------------------------------------------------------------------------------------
setting actor output action_std to min_action_std :  0.1
--------------------------------------------------------------------------------------------
--------------------------------------------------------------------------------------------
setting actor output action_std to min_action_std :  0.1
--------------------------------------------------------------------------------------------
2026-07-05 21:24 | WARNING  | robot_0 collided with obstacle_5 at state [5.94, 2.21, 0.63]
--------------------------------------------------------------------------------------------
setting actor output action_std to min_action_std :  0.1
--------------------------------------------------------------------------------------------
2026-07-05 21:24 | WARNING  | robot_0 collided with obstacle_2 at state [3.26, 8.52, 0.27]
--------------------------------------------------------------------------------------------
setting actor output action_std to min_action_std :  0.1
--------------------------------------------------------------------------------------------
--------------------------------------------------------------------------------------------
setting actor output action_std to min_action_std :  0.1
--------------------------------------------------------------------------------------------
2026-07-05 21:24 | WARNING  | robot_0 collided with obstacle_1 at state [2.81, 1.98, 1.04]
--------------------------------------------------------------------------------------------
setting actor output action_std to min_action_std :  0.1
--------------------------------------------------------------------------------------------
--------------------------------------------------------------------------------------------
setting actor output action_std to min_action_std :  0.1
--------------------------------------------------------------------------------------------
2026-07-05 21:24 | WARNING  | robot_0 collided with obstacle_4 at state [6.65, 2.47, -0.04]
..............................................
Epoch 47. Evaluating scenarios
2026-07-05 21:24 | WARNING  | robot_0 collided with obstacle_1 at state [6.77, 3.31, 1.85]
2026-07-05 21:24 | WARNING  | robot_0 collided with obstacle_4 at state [4.83, 1.58, 2.39]
Average Reward: -136.25668344438984
Average Collision rate: 0.2
Average Goal rate: 0.0
..............................................
--------------------------------------------------------------------------------------------
setting actor output action_std to min_action_std :  0.1
--------------------------------------------------------------------------------------------
--------------------------------------------------------------------------------------------
setting actor output action_std to min_action_std :  0.1
--------------------------------------------------------------------------------------------
--------------------------------------------------------------------------------------------
setting actor output action_std to min_action_std :  0.1
--------------------------------------------------------------------------------------------
--------------------------------------------------------------------------------------------
setting actor output action_std to min_action_std :  0.1
--------------------------------------------------------------------------------------------
2026-07-05 21:26 | WARNING  | robot_0 collided with obstacle_3 at state [4.99, 6.5, -1.08]
--------------------------------------------------------------------------------------------
setting actor output action_std to min_action_std :  0.1
--------------------------------------------------------------------------------------------
2026-07-05 21:26 | WARNING  | robot_0 collided with obstacle_3 at state [8.05, 1.51, -2.57]
--------------------------------------------------------------------------------------------
setting actor output action_std to min_action_std :  0.1
--------------------------------------------------------------------------------------------
--------------------------------------------------------------------------------------------
setting actor output action_std to min_action_std :  0.1
--------------------------------------------------------------------------------------------
--------------------------------------------------------------------------------------------
setting actor output action_std to min_action_std :  0.1
--------------------------------------------------------------------------------------------
--------------------------------------------------------------------------------------------
setting actor output action_std to min_action_std :  0.1
--------------------------------------------------------------------------------------------
2026-07-05 21:27 | WARNING  | robot_0 collided with obstacle_4 at state [6.44, 3.92, -0.34]
--------------------------------------------------------------------------------------------
setting actor output action_std to min_action_std :  0.1
--------------------------------------------------------------------------------------------
--------------------------------------------------------------------------------------------
setting actor output action_std to min_action_std :  0.1
--------------------------------------------------------------------------------------------
--------------------------------------------------------------------------------------------
setting actor output action_std to min_action_std :  0.1
--------------------------------------------------------------------------------------------
--------------------------------------------------------------------------------------------
setting actor output action_std to min_action_std :  0.1
--------------------------------------------------------------------------------------------
2026-07-05 21:27 | WARNING  | robot_0 collided with obstacle_4 at state [3.69, 2.32, 0.16]
--------------------------------------------------------------------------------------------
setting actor output action_std to min_action_std :  0.1
--------------------------------------------------------------------------------------------
--------------------------------------------------------------------------------------------
setting actor output action_std to min_action_std :  0.1
--------------------------------------------------------------------------------------------
--------------------------------------------------------------------------------------------
setting actor output action_std to min_action_std :  0.1
--------------------------------------------------------------------------------------------
--------------------------------------------------------------------------------------------
setting actor output action_std to min_action_std :  0.1
--------------------------------------------------------------------------------------------
2026-07-05 21:28 | WARNING  | robot_0 collided with obstacle_4 at state [4.1, 2.1, -2.27]
--------------------------------------------------------------------------------------------
setting actor output action_std to min_action_std :  0.1
--------------------------------------------------------------------------------------------
--------------------------------------------------------------------------------------------
setting actor output action_std to min_action_std :  0.1
--------------------------------------------------------------------------------------------
2026-07-05 21:28 | WARNING  | robot_0 collided with obstacle_2 at state [2.13, 3.39, 0.29]
2026-07-05 21:28 | WARNING  | robot_0 collided with obstacle_2 at state [4.56, 8.26, -1.24]
--------------------------------------------------------------------------------------------
setting actor output action_std to min_action_std :  0.1
--------------------------------------------------------------------------------------------
--------------------------------------------------------------------------------------------
setting actor output action_std to min_action_std :  0.1
--------------------------------------------------------------------------------------------
--------------------------------------------------------------------------------------------
setting actor output action_std to min_action_std :  0.1
--------------------------------------------------------------------------------------------
2026-07-05 21:29 | WARNING  | robot_0 collided with obstacle_4 at state [7.4, 6.59, 1.96]
--------------------------------------------------------------------------------------------
setting actor output action_std to min_action_std :  0.1
--------------------------------------------------------------------------------------------
2026-07-05 21:29 | WARNING  | robot_0 collided with obstacle_2 at state [5.43, 5.54, 0.0]
--------------------------------------------------------------------------------------------
setting actor output action_std to min_action_std :  0.1
--------------------------------------------------------------------------------------------
--------------------------------------------------------------------------------------------
setting actor output action_std to min_action_std :  0.1
--------------------------------------------------------------------------------------------
--------------------------------------------------------------------------------------------
setting actor output action_std to min_action_std :  0.1
--------------------------------------------------------------------------------------------
2026-07-05 21:29 | WARNING  | robot_0 collided with obstacle_4 at state [7.64, 5.43, 0.74]
2026-07-05 21:29 | WARNING  | robot_0 collided with obstacle_3 at state [5.96, 6.73, -2.42]
--------------------------------------------------------------------------------------------
setting actor output action_std to min_action_std :  0.1
--------------------------------------------------------------------------------------------
--------------------------------------------------------------------------------------------
setting actor output action_std to min_action_std :  0.1
--------------------------------------------------------------------------------------------
--------------------------------------------------------------------------------------------
setting actor output action_std to min_action_std :  0.1
--------------------------------------------------------------------------------------------
2026-07-05 21:30 | WARNING  | robot_0 collided with obstacle_4 at state [4.01, 5.67, 0.85]
--------------------------------------------------------------------------------------------
setting actor output action_std to min_action_std :  0.1
--------------------------------------------------------------------------------------------
2026-07-05 21:30 | WARNING  | robot_0 collided with obstacle_5 at state [3.21, 7.13, -0.89]
--------------------------------------------------------------------------------------------
setting actor output action_std to min_action_std :  0.1
--------------------------------------------------------------------------------------------
2026-07-05 21:30 | WARNING  | robot_0 collided with obstacle_2 at state [4.05, 6.74, 0.57]
--------------------------------------------------------------------------------------------
setting actor output action_std to min_action_std :  0.1
--------------------------------------------------------------------------------------------
2026-07-05 21:30 | WARNING  | robot_0 collided with obstacle_2 at state [8.12, 3.26, 0.5]
--------------------------------------------------------------------------------------------
setting actor output action_std to min_action_std :  0.1
--------------------------------------------------------------------------------------------
--------------------------------------------------------------------------------------------
setting actor output action_std to min_action_std :  0.1
--------------------------------------------------------------------------------------------
..............................................
Epoch 48. Evaluating scenarios
Average Reward: -128.56900460630504
Average Collision rate: 0.0
Average Goal rate: 0.0
..............................................
--------------------------------------------------------------------------------------------
setting actor output action_std to min_action_std :  0.1
--------------------------------------------------------------------------------------------
--------------------------------------------------------------------------------------------
setting actor output action_std to min_action_std :  0.1
--------------------------------------------------------------------------------------------
2026-07-05 21:32 | WARNING  | robot_0 collided with obstacle_2 at state [6.72, 3.77, -0.44]
--------------------------------------------------------------------------------------------
setting actor output action_std to min_action_std :  0.1
--------------------------------------------------------------------------------------------
2026-07-05 21:32 | WARNING  | robot_0 collided with obstacle_2 at state [3.72, 5.87, 0.57]
--------------------------------------------------------------------------------------------
setting actor output action_std to min_action_std :  0.1
--------------------------------------------------------------------------------------------
2026-07-05 21:32 | WARNING  | robot_0 collided with obstacle_4 at state [5.06, 6.48, -0.57]
--------------------------------------------------------------------------------------------
setting actor output action_std to min_action_std :  0.1
--------------------------------------------------------------------------------------------
--------------------------------------------------------------------------------------------
setting actor output action_std to min_action_std :  0.1
--------------------------------------------------------------------------------------------
--------------------------------------------------------------------------------------------
setting actor output action_std to min_action_std :  0.1
--------------------------------------------------------------------------------------------
2026-07-05 21:32 | WARNING  | robot_0 collided with obstacle_3 at state [1.31, 2.16, -1.31]
2026-07-05 21:32 | WARNING  | robot_0 collided with obstacle_2 at state [6.68, 6.33, 0.73]
--------------------------------------------------------------------------------------------
setting actor output action_std to min_action_std :  0.1
--------------------------------------------------------------------------------------------
--------------------------------------------------------------------------------------------
setting actor output action_std to min_action_std :  0.1
--------------------------------------------------------------------------------------------
2026-07-05 21:32 | WARNING  | robot_0 collided with obstacle_4 at state [5.56, 3.69, -2.48]
--------------------------------------------------------------------------------------------
setting actor output action_std to min_action_std :  0.1
--------------------------------------------------------------------------------------------
2026-07-05 21:33 | WARNING  | robot_0 collided with obstacle_4 at state [1.86, 6.07, -0.23]
--------------------------------------------------------------------------------------------
setting actor output action_std to min_action_std :  0.1
--------------------------------------------------------------------------------------------
--------------------------------------------------------------------------------------------
setting actor output action_std to min_action_std :  0.1
--------------------------------------------------------------------------------------------
--------------------------------------------------------------------------------------------
setting actor output action_std to min_action_std :  0.1
--------------------------------------------------------------------------------------------
--------------------------------------------------------------------------------------------
setting actor output action_std to min_action_std :  0.1
--------------------------------------------------------------------------------------------
--------------------------------------------------------------------------------------------
setting actor output action_std to min_action_std :  0.1
--------------------------------------------------------------------------------------------
--------------------------------------------------------------------------------------------
setting actor output action_std to min_action_std :  0.1
--------------------------------------------------------------------------------------------
--------------------------------------------------------------------------------------------
setting actor output action_std to min_action_std :  0.1
--------------------------------------------------------------------------------------------
--------------------------------------------------------------------------------------------
setting actor output action_std to min_action_std :  0.1
--------------------------------------------------------------------------------------------
--------------------------------------------------------------------------------------------
setting actor output action_std to min_action_std :  0.1
--------------------------------------------------------------------------------------------
--------------------------------------------------------------------------------------------
setting actor output action_std to min_action_std :  0.1
--------------------------------------------------------------------------------------------
2026-07-05 21:34 | WARNING  | robot_0 collided with obstacle_4 at state [3.85, 2.34, -1.64]
--------------------------------------------------------------------------------------------
setting actor output action_std to min_action_std :  0.1
--------------------------------------------------------------------------------------------
2026-07-05 21:34 | WARNING  | robot_0 collided with obstacle_3 at state [1.86, 4.11, 0.49]
--------------------------------------------------------------------------------------------
setting actor output action_std to min_action_std :  0.1
--------------------------------------------------------------------------------------------
2026-07-05 21:34 | WARNING  | robot_0 collided with obstacle_2 at state [6.7, 8.42, -1.34]
--------------------------------------------------------------------------------------------
setting actor output action_std to min_action_std :  0.1
--------------------------------------------------------------------------------------------
--------------------------------------------------------------------------------------------
setting actor output action_std to min_action_std :  0.1
--------------------------------------------------------------------------------------------
--------------------------------------------------------------------------------------------
setting actor output action_std to min_action_std :  0.1
--------------------------------------------------------------------------------------------
2026-07-05 21:35 | WARNING  | robot_0 collided with obstacle_5 at state [5.21, 1.82, 0.47]
--------------------------------------------------------------------------------------------
setting actor output action_std to min_action_std :  0.1
--------------------------------------------------------------------------------------------
--------------------------------------------------------------------------------------------
setting actor output action_std to min_action_std :  0.1
--------------------------------------------------------------------------------------------
--------------------------------------------------------------------------------------------
setting actor output action_std to min_action_std :  0.1
--------------------------------------------------------------------------------------------
--------------------------------------------------------------------------------------------
setting actor output action_std to min_action_std :  0.1
--------------------------------------------------------------------------------------------
2026-07-05 21:35 | WARNING  | robot_0 collided with obstacle_3 at state [4.16, 2.15, 0.49]
2026-07-05 21:35 | WARNING  | robot_0 collided with obstacle_5 at state [2.42, 2.14, 0.91]
--------------------------------------------------------------------------------------------
setting actor output action_std to min_action_std :  0.1
--------------------------------------------------------------------------------------------
--------------------------------------------------------------------------------------------
setting actor output action_std to min_action_std :  0.1
--------------------------------------------------------------------------------------------
--------------------------------------------------------------------------------------------
setting actor output action_std to min_action_std :  0.1
--------------------------------------------------------------------------------------------
--------------------------------------------------------------------------------------------
setting actor output action_std to min_action_std :  0.1
--------------------------------------------------------------------------------------------
2026-07-05 21:36 | WARNING  | robot_0 collided with obstacle_3 at state [6.09, 6.16, 1.86]
2026-07-05 21:36 | WARNING  | robot_0 collided with obstacle_4 at state [2.63, 8.99, 1.16]
--------------------------------------------------------------------------------------------
setting actor output action_std to min_action_std :  0.1
--------------------------------------------------------------------------------------------
..............................................
Epoch 49. Evaluating scenarios
2026-07-05 21:36 | WARNING  | robot_0 collided with obstacle_2 at state [4.72, 3.58, 1.05]
2026-07-05 21:37 | WARNING  | robot_0 collided with obstacle_3 at state [7.66, 5.65, -1.21]
2026-07-05 21:37 | WARNING  | robot_0 collided with obstacle_7 at state [2.13, 2.24, 0.29]
Average Reward: -111.15075109803516
Average Collision rate: 0.3
Average Goal rate: 0.0
..............................................
--------------------------------------------------------------------------------------------
setting actor output action_std to min_action_std :  0.1
--------------------------------------------------------------------------------------------
2026-07-05 21:37 | WARNING  | robot_0 collided with obstacle_2 at state [2.49, 5.41, -0.13]
--------------------------------------------------------------------------------------------
setting actor output action_std to min_action_std :  0.1
--------------------------------------------------------------------------------------------
--------------------------------------------------------------------------------------------
setting actor output action_std to min_action_std :  0.1
--------------------------------------------------------------------------------------------
--------------------------------------------------------------------------------------------
setting actor output action_std to min_action_std :  0.1
--------------------------------------------------------------------------------------------
2026-07-05 21:38 | WARNING  | robot_0 collided with obstacle_5 at state [7.65, 2.1, -0.1]
--------------------------------------------------------------------------------------------
setting actor output action_std to min_action_std :  0.1
--------------------------------------------------------------------------------------------
--------------------------------------------------------------------------------------------
setting actor output action_std to min_action_std :  0.1
--------------------------------------------------------------------------------------------
--------------------------------------------------------------------------------------------
setting actor output action_std to min_action_std :  0.1
--------------------------------------------------------------------------------------------
--------------------------------------------------------------------------------------------
setting actor output action_std to min_action_std :  0.1
--------------------------------------------------------------------------------------------
2026-07-05 21:38 | WARNING  | robot_0 collided with obstacle_6 at state [8.0, 1.79, 0.67]
--------------------------------------------------------------------------------------------
setting actor output action_std to min_action_std :  0.1
--------------------------------------------------------------------------------------------
2026-07-05 21:38 | WARNING  | robot_0 collided with obstacle_5 at state [8.49, 8.68, 2.89]
2026-07-05 21:38 | WARNING  | robot_0 collided with obstacle_4 at state [7.82, 5.69, -1.8]
--------------------------------------------------------------------------------------------
setting actor output action_std to min_action_std :  0.1
--------------------------------------------------------------------------------------------
--------------------------------------------------------------------------------------------
setting actor output action_std to min_action_std :  0.1
--------------------------------------------------------------------------------------------
2026-07-05 21:39 | WARNING  | robot_0 collided with obstacle_2 at state [3.18, 2.06, -0.77]
--------------------------------------------------------------------------------------------
setting actor output action_std to min_action_std :  0.1
--------------------------------------------------------------------------------------------
2026-07-05 21:39 | WARNING  | robot_0 collided with obstacle_4 at state [5.96, 5.67, 0.42]
--------------------------------------------------------------------------------------------
setting actor output action_std to min_action_std :  0.1
--------------------------------------------------------------------------------------------
2026-07-05 21:39 | WARNING  | robot_0 collided with obstacle_7 at state [6.04, 3.36, -0.19]
--------------------------------------------------------------------------------------------
setting actor output action_std to min_action_std :  0.1
--------------------------------------------------------------------------------------------
2026-07-05 21:39 | WARNING  | robot_0 collided with obstacle_2 at state [6.64, 6.4, -0.75]
--------------------------------------------------------------------------------------------
setting actor output action_std to min_action_std :  0.1
--------------------------------------------------------------------------------------------
2026-07-05 21:39 | WARNING  | robot_0 collided with obstacle_3 at state [7.02, 2.85, -3.11]
--------------------------------------------------------------------------------------------
setting actor output action_std to min_action_std :  0.1
--------------------------------------------------------------------------------------------
2026-07-05 21:39 | WARNING  | robot_0 collided with obstacle_2 at state [2.59, 6.28, -1.29]
--------------------------------------------------------------------------------------------
setting actor output action_std to min_action_std :  0.1
--------------------------------------------------------------------------------------------
2026-07-05 21:39 | WARNING  | robot_0 collided with obstacle_3 at state [5.54, 2.14, 0.76]
--------------------------------------------------------------------------------------------
setting actor output action_std to min_action_std :  0.1
--------------------------------------------------------------------------------------------
2026-07-05 21:39 | WARNING  | robot_0 collided with obstacle_3 at state [2.44, 4.95, -0.86]
--------------------------------------------------------------------------------------------
setting actor output action_std to min_action_std :  0.1
--------------------------------------------------------------------------------------------
--------------------------------------------------------------------------------------------
setting actor output action_std to min_action_std :  0.1
--------------------------------------------------------------------------------------------
--------------------------------------------------------------------------------------------
setting actor output action_std to min_action_std :  0.1
--------------------------------------------------------------------------------------------
2026-07-05 21:40 | WARNING  | robot_0 collided with obstacle_3 at state [4.03, 5.75, -0.18]
--------------------------------------------------------------------------------------------
setting actor output action_std to min_action_std :  0.1
--------------------------------------------------------------------------------------------
--------------------------------------------------------------------------------------------
setting actor output action_std to min_action_std :  0.1
--------------------------------------------------------------------------------------------
2026-07-05 21:40 | WARNING  | robot_0 collided with obstacle_2 at state [4.92, 7.74, 0.0]
--------------------------------------------------------------------------------------------
setting actor output action_std to min_action_std :  0.1
--------------------------------------------------------------------------------------------
--------------------------------------------------------------------------------------------
setting actor output action_std to min_action_std :  0.1
--------------------------------------------------------------------------------------------
2026-07-05 21:40 | WARNING  | robot_0 collided with obstacle_2 at state [8.78, 2.84, -0.4]
--------------------------------------------------------------------------------------------
setting actor output action_std to min_action_std :  0.1
--------------------------------------------------------------------------------------------
--------------------------------------------------------------------------------------------
setting actor output action_std to min_action_std :  0.1
--------------------------------------------------------------------------------------------
2026-07-05 21:41 | WARNING  | robot_0 collided with obstacle_3 at state [2.53, 3.94, -1.28]
--------------------------------------------------------------------------------------------
setting actor output action_std to min_action_std :  0.1
--------------------------------------------------------------------------------------------
--------------------------------------------------------------------------------------------
setting actor output action_std to min_action_std :  0.1
--------------------------------------------------------------------------------------------
--------------------------------------------------------------------------------------------
setting actor output action_std to min_action_std :  0.1
--------------------------------------------------------------------------------------------
--------------------------------------------------------------------------------------------
setting actor output action_std to min_action_std :  0.1
--------------------------------------------------------------------------------------------
--------------------------------------------------------------------------------------------
setting actor output action_std to min_action_std :  0.1
--------------------------------------------------------------------------------------------
2026-07-05 21:41 | WARNING  | robot_0 collided with obstacle_2 at state [9.56, 2.32, -1.42]
--------------------------------------------------------------------------------------------
setting actor output action_std to min_action_std :  0.1
--------------------------------------------------------------------------------------------
--------------------------------------------------------------------------------------------
setting actor output action_std to min_action_std :  0.1
--------------------------------------------------------------------------------------------
..............................................
Epoch 50. Evaluating scenarios
2026-07-05 21:42 | WARNING  | robot_0 collided with obstacle_2 at state [7.87, 8.08, -0.14]
2026-07-05 21:42 | WARNING  | robot_0 collided with obstacle_1 at state [6.02, 5.9, -1.13]
Average Reward: -131.81937327853703
Average Collision rate: 0.2
Average Goal rate: 0.0
..............................................
--------------------------------------------------------------------------------------------
setting actor output action_std to min_action_std :  0.1
--------------------------------------------------------------------------------------------
--------------------------------------------------------------------------------------------
setting actor output action_std to min_action_std :  0.1
--------------------------------------------------------------------------------------------
2026-07-05 21:43 | WARNING  | robot_0 collided with obstacle_2 at state [3.97, 7.99, 0.0]
--------------------------------------------------------------------------------------------
setting actor output action_std to min_action_std :  0.1
--------------------------------------------------------------------------------------------
--------------------------------------------------------------------------------------------
setting actor output action_std to min_action_std :  0.1
--------------------------------------------------------------------------------------------
--------------------------------------------------------------------------------------------
setting actor output action_std to min_action_std :  0.1
--------------------------------------------------------------------------------------------
--------------------------------------------------------------------------------------------
setting actor output action_std to min_action_std :  0.1
--------------------------------------------------------------------------------------------
2026-07-05 21:44 | WARNING  | robot_0 collided with obstacle_7 at state [4.53, 3.2, 0.3]
--------------------------------------------------------------------------------------------
setting actor output action_std to min_action_std :  0.1
--------------------------------------------------------------------------------------------
2026-07-05 21:44 | WARNING  | robot_0 collided with obstacle_4 at state [6.81, 4.37, 2.3]
--------------------------------------------------------------------------------------------
setting actor output action_std to min_action_std :  0.1
--------------------------------------------------------------------------------------------
--------------------------------------------------------------------------------------------
setting actor output action_std to min_action_std :  0.1
--------------------------------------------------------------------------------------------
--------------------------------------------------------------------------------------------
setting actor output action_std to min_action_std :  0.1
--------------------------------------------------------------------------------------------
--------------------------------------------------------------------------------------------
setting actor output action_std to min_action_std :  0.1
--------------------------------------------------------------------------------------------
2026-07-05 21:44 | WARNING  | robot_0 collided with obstacle_3 at state [2.41, 6.73, -0.92]
--------------------------------------------------------------------------------------------
setting actor output action_std to min_action_std :  0.1
--------------------------------------------------------------------------------------------
2026-07-05 21:44 | WARNING  | robot_0 collided with obstacle_2 at state [4.12, 6.32, -0.7]
--------------------------------------------------------------------------------------------
setting actor output action_std to min_action_std :  0.1
--------------------------------------------------------------------------------------------
2026-07-05 21:45 | WARNING  | robot_0 collided with obstacle_3 at state [8.25, 3.04, 0.23]
2026-07-05 21:45 | WARNING  | robot_0 collided with obstacle_3 at state [3.95, 6.19, 0.07]
--------------------------------------------------------------------------------------------
setting actor output action_std to min_action_std :  0.1
--------------------------------------------------------------------------------------------
--------------------------------------------------------------------------------------------
setting actor output action_std to min_action_std :  0.1
--------------------------------------------------------------------------------------------
--------------------------------------------------------------------------------------------
setting actor output action_std to min_action_std :  0.1
--------------------------------------------------------------------------------------------
--------------------------------------------------------------------------------------------
setting actor output action_std to min_action_std :  0.1
--------------------------------------------------------------------------------------------
2026-07-05 21:45 | WARNING  | robot_0 collided with obstacle_4 at state [4.43, 1.68, 1.42]
--------------------------------------------------------------------------------------------
setting actor output action_std to min_action_std :  0.1
--------------------------------------------------------------------------------------------
2026-07-05 21:45 | WARNING  | robot_0 collided with obstacle_7 at state [8.26, 2.86, 0.39]
--------------------------------------------------------------------------------------------
setting actor output action_std to min_action_std :  0.1
--------------------------------------------------------------------------------------------
--------------------------------------------------------------------------------------------
setting actor output action_std to min_action_std :  0.1
--------------------------------------------------------------------------------------------
--------------------------------------------------------------------------------------------
setting actor output action_std to min_action_std :  0.1
--------------------------------------------------------------------------------------------
2026-07-05 21:46 | WARNING  | robot_0 collided with obstacle_7 at state [8.29, 0.97, 0.46]
--------------------------------------------------------------------------------------------
setting actor output action_std to min_action_std :  0.1
--------------------------------------------------------------------------------------------
--------------------------------------------------------------------------------------------
setting actor output action_std to min_action_std :  0.1
--------------------------------------------------------------------------------------------
--------------------------------------------------------------------------------------------
setting actor output action_std to min_action_std :  0.1
--------------------------------------------------------------------------------------------
--------------------------------------------------------------------------------------------
setting actor output action_std to min_action_std :  0.1
--------------------------------------------------------------------------------------------
2026-07-05 21:46 | WARNING  | robot_0 collided with obstacle_1 at state [3.32, 2.39, -0.29]
--------------------------------------------------------------------------------------------
setting actor output action_std to min_action_std :  0.1
--------------------------------------------------------------------------------------------
--------------------------------------------------------------------------------------------
setting actor output action_std to min_action_std :  0.1
--------------------------------------------------------------------------------------------
--------------------------------------------------------------------------------------------
setting actor output action_std to min_action_std :  0.1
--------------------------------------------------------------------------------------------
--------------------------------------------------------------------------------------------
setting actor output action_std to min_action_std :  0.1
--------------------------------------------------------------------------------------------
2026-07-05 21:47 | WARNING  | robot_0 collided with obstacle_3 at state [8.17, 7.39, -2.46]
--------------------------------------------------------------------------------------------
setting actor output action_std to min_action_std :  0.1
--------------------------------------------------------------------------------------------
2026-07-05 21:47 | WARNING  | robot_0 collided with obstacle_2 at state [2.93, 2.7, 1.3]
--------------------------------------------------------------------------------------------
setting actor output action_std to min_action_std :  0.1
--------------------------------------------------------------------------------------------
2026-07-05 21:47 | WARNING  | robot_0 collided with obstacle_5 at state [5.81, 4.09, -0.06]
2026-07-05 21:47 | WARNING  | robot_0 collided with obstacle_2 at state [7.86, 2.29, 0.26]
--------------------------------------------------------------------------------------------
setting actor output action_std to min_action_std :  0.1
--------------------------------------------------------------------------------------------
--------------------------------------------------------------------------------------------
setting actor output action_std to min_action_std :  0.1
--------------------------------------------------------------------------------------------
--------------------------------------------------------------------------------------------
setting actor output action_std to min_action_std :  0.1
--------------------------------------------------------------------------------------------
..............................................
Epoch 51. Evaluating scenarios
2026-07-05 21:48 | WARNING  | robot_0 collided with obstacle_3 at state [2.27, 8.96, 1.03]
Average Reward: -162.84019478255206
Average Collision rate: 0.1
Average Goal rate: 0.0
..............................................
--------------------------------------------------------------------------------------------
setting actor output action_std to min_action_std :  0.1
--------------------------------------------------------------------------------------------
--------------------------------------------------------------------------------------------
setting actor output action_std to min_action_std :  0.1
--------------------------------------------------------------------------------------------
--------------------------------------------------------------------------------------------
setting actor output action_std to min_action_std :  0.1
--------------------------------------------------------------------------------------------
2026-07-05 21:49 | WARNING  | robot_0 collided with obstacle_2 at state [2.16, 8.38, -0.16]
--------------------------------------------------------------------------------------------
setting actor output action_std to min_action_std :  0.1
--------------------------------------------------------------------------------------------
2026-07-05 21:49 | WARNING  | robot_0 collided with obstacle_5 at state [8.03, 1.96, -0.41]
--------------------------------------------------------------------------------------------
setting actor output action_std to min_action_std :  0.1
--------------------------------------------------------------------------------------------
2026-07-05 21:49 | WARNING  | robot_0 collided with obstacle_6 at state [4.76, 2.39, 0.66]
--------------------------------------------------------------------------------------------
setting actor output action_std to min_action_std :  0.1
--------------------------------------------------------------------------------------------
2026-07-05 21:49 | WARNING  | robot_0 collided with obstacle_4 at state [7.74, 5.92, -0.52]
2026-07-05 21:49 | WARNING  | robot_0 collided with obstacle_4 at state [7.12, 7.51, 0.33]
--------------------------------------------------------------------------------------------
setting actor output action_std to min_action_std :  0.1
--------------------------------------------------------------------------------------------
2026-07-05 21:49 | WARNING  | robot_0 collided with obstacle_5 at state [1.31, 2.08, 0.12]
--------------------------------------------------------------------------------------------
setting actor output action_std to min_action_std :  0.1
--------------------------------------------------------------------------------------------
2026-07-05 21:50 | WARNING  | robot_0 collided with obstacle_5 at state [3.02, 2.33, 0.69]
--------------------------------------------------------------------------------------------
setting actor output action_std to min_action_std :  0.1
--------------------------------------------------------------------------------------------
--------------------------------------------------------------------------------------------
setting actor output action_std to min_action_std :  0.1
--------------------------------------------------------------------------------------------
2026-07-05 21:50 | WARNING  | robot_0 collided with obstacle_7 at state [2.87, 2.23, -0.58]
--------------------------------------------------------------------------------------------
setting actor output action_std to min_action_std :  0.1
--------------------------------------------------------------------------------------------
2026-07-05 21:50 | WARNING  | robot_0 collided with obstacle_2 at state [4.39, 6.24, -1.33]
--------------------------------------------------------------------------------------------
setting actor output action_std to min_action_std :  0.1
--------------------------------------------------------------------------------------------
2026-07-05 21:50 | WARNING  | robot_0 collided with obstacle_3 at state [5.17, 1.19, 0.09]
--------------------------------------------------------------------------------------------
setting actor output action_std to min_action_std :  0.1
--------------------------------------------------------------------------------------------
--------------------------------------------------------------------------------------------
setting actor output action_std to min_action_std :  0.1
--------------------------------------------------------------------------------------------
--------------------------------------------------------------------------------------------
setting actor output action_std to min_action_std :  0.1
--------------------------------------------------------------------------------------------
2026-07-05 21:51 | WARNING  | robot_0 collided with obstacle_1 at state [3.75, 1.42, 0.33]
--------------------------------------------------------------------------------------------
setting actor output action_std to min_action_std :  0.1
--------------------------------------------------------------------------------------------
2026-07-05 21:51 | WARNING  | robot_0 collided with obstacle_5 at state [4.95, 8.12, -0.13]
--------------------------------------------------------------------------------------------
setting actor output action_std to min_action_std :  0.1
--------------------------------------------------------------------------------------------
2026-07-05 21:51 | WARNING  | robot_0 collided with obstacle_3 at state [7.36, 5.96, -2.14]
--------------------------------------------------------------------------------------------
setting actor output action_std to min_action_std :  0.1
--------------------------------------------------------------------------------------------
--------------------------------------------------------------------------------------------
setting actor output action_std to min_action_std :  0.1
--------------------------------------------------------------------------------------------
2026-07-05 21:51 | WARNING  | robot_0 collided with obstacle_3 at state [6.0, 1.41, -0.69]
--------------------------------------------------------------------------------------------
setting actor output action_std to min_action_std :  0.1
--------------------------------------------------------------------------------------------
2026-07-05 21:51 | WARNING  | robot_0 collided with obstacle_3 at state [5.54, 6.14, -0.48]
--------------------------------------------------------------------------------------------
setting actor output action_std to min_action_std :  0.1
--------------------------------------------------------------------------------------------
--------------------------------------------------------------------------------------------
setting actor output action_std to min_action_std :  0.1
--------------------------------------------------------------------------------------------
--------------------------------------------------------------------------------------------
setting actor output action_std to min_action_std :  0.1
--------------------------------------------------------------------------------------------
--------------------------------------------------------------------------------------------
setting actor output action_std to min_action_std :  0.1
--------------------------------------------------------------------------------------------
--------------------------------------------------------------------------------------------
setting actor output action_std to min_action_std :  0.1
--------------------------------------------------------------------------------------------
--------------------------------------------------------------------------------------------
setting actor output action_std to min_action_std :  0.1
--------------------------------------------------------------------------------------------
2026-07-05 21:52 | WARNING  | robot_0 collided with obstacle_4 at state [2.28, 1.63, 0.38]
2026-07-05 21:52 | WARNING  | robot_0 collided with obstacle_2 at state [6.68, 4.14, -0.06]
--------------------------------------------------------------------------------------------
setting actor output action_std to min_action_std :  0.1
--------------------------------------------------------------------------------------------
2026-07-05 21:52 | WARNING  | robot_0 collided with obstacle_4 at state [8.52, 3.04, -0.25]
--------------------------------------------------------------------------------------------
setting actor output action_std to min_action_std :  0.1
--------------------------------------------------------------------------------------------
--------------------------------------------------------------------------------------------
setting actor output action_std to min_action_std :  0.1
--------------------------------------------------------------------------------------------
--------------------------------------------------------------------------------------------
setting actor output action_std to min_action_std :  0.1
--------------------------------------------------------------------------------------------
2026-07-05 21:53 | WARNING  | robot_0 collided with obstacle_3 at state [4.84, 2.45, -0.15]
--------------------------------------------------------------------------------------------
setting actor output action_std to min_action_std :  0.1
--------------------------------------------------------------------------------------------
--------------------------------------------------------------------------------------------
setting actor output action_std to min_action_std :  0.1
--------------------------------------------------------------------------------------------
--------------------------------------------------------------------------------------------
setting actor output action_std to min_action_std :  0.1
--------------------------------------------------------------------------------------------
--------------------------------------------------------------------------------------------
setting actor output action_std to min_action_std :  0.1
--------------------------------------------------------------------------------------------
..............................................
Epoch 52. Evaluating scenarios
2026-07-05 21:54 | WARNING  | robot_0 collided with obstacle_7 at state [8.36, 6.01, -1.05]
Average Reward: -103.96976397416495
Average Collision rate: 0.1
Average Goal rate: 0.0
..............................................
--------------------------------------------------------------------------------------------
setting actor output action_std to min_action_std :  0.1
--------------------------------------------------------------------------------------------
--------------------------------------------------------------------------------------------
setting actor output action_std to min_action_std :  0.1
--------------------------------------------------------------------------------------------
--------------------------------------------------------------------------------------------
setting actor output action_std to min_action_std :  0.1
--------------------------------------------------------------------------------------------
--------------------------------------------------------------------------------------------
setting actor output action_std to min_action_std :  0.1
--------------------------------------------------------------------------------------------
--------------------------------------------------------------------------------------------
setting actor output action_std to min_action_std :  0.1
--------------------------------------------------------------------------------------------
2026-07-05 21:55 | WARNING  | robot_0 collided with obstacle_1 at state [4.0, 6.52, -0.06]
2026-07-05 21:55 | WARNING  | robot_0 collided with obstacle_5 at state [8.38, 7.12, 0.06]
--------------------------------------------------------------------------------------------
setting actor output action_std to min_action_std :  0.1
--------------------------------------------------------------------------------------------
--------------------------------------------------------------------------------------------
setting actor output action_std to min_action_std :  0.1
--------------------------------------------------------------------------------------------
2026-07-05 21:56 | WARNING  | robot_0 collided with obstacle_2 at state [4.7, 3.78, -0.13]
--------------------------------------------------------------------------------------------
setting actor output action_std to min_action_std :  0.1
--------------------------------------------------------------------------------------------
2026-07-05 21:56 | WARNING  | robot_0 collided with obstacle_3 at state [8.22, 7.82, -1.58]
--------------------------------------------------------------------------------------------
setting actor output action_std to min_action_std :  0.1
--------------------------------------------------------------------------------------------
--------------------------------------------------------------------------------------------
setting actor output action_std to min_action_std :  0.1
--------------------------------------------------------------------------------------------
--------------------------------------------------------------------------------------------
setting actor output action_std to min_action_std :  0.1
--------------------------------------------------------------------------------------------
--------------------------------------------------------------------------------------------
setting actor output action_std to min_action_std :  0.1
--------------------------------------------------------------------------------------------
--------------------------------------------------------------------------------------------
setting actor output action_std to min_action_std :  0.1
--------------------------------------------------------------------------------------------
2026-07-05 21:56 | WARNING  | robot_0 collided with obstacle_4 at state [2.2, 2.4, -0.04]
--------------------------------------------------------------------------------------------
setting actor output action_std to min_action_std :  0.1
--------------------------------------------------------------------------------------------
--------------------------------------------------------------------------------------------
setting actor output action_std to min_action_std :  0.1
--------------------------------------------------------------------------------------------
--------------------------------------------------------------------------------------------
setting actor output action_std to min_action_std :  0.1
--------------------------------------------------------------------------------------------
--------------------------------------------------------------------------------------------
setting actor output action_std to min_action_std :  0.1
--------------------------------------------------------------------------------------------
2026-07-05 21:57 | WARNING  | robot_0 collided with obstacle_3 at state [2.28, 2.05, -0.55]
--------------------------------------------------------------------------------------------
setting actor output action_std to min_action_std :  0.1
--------------------------------------------------------------------------------------------
--------------------------------------------------------------------------------------------
setting actor output action_std to min_action_std :  0.1
--------------------------------------------------------------------------------------------
2026-07-05 21:57 | WARNING  | robot_0 collided with obstacle_5 at state [7.01, 2.88, -1.87]
--------------------------------------------------------------------------------------------
setting actor output action_std to min_action_std :  0.1
--------------------------------------------------------------------------------------------
2026-07-05 21:58 | WARNING  | robot_0 collided with obstacle_4 at state [6.65, 5.72, 2.84]
2026-07-05 21:58 | WARNING  | robot_0 collided with obstacle_3 at state [2.21, 3.35, -0.5]
--------------------------------------------------------------------------------------------
setting actor output action_std to min_action_std :  0.1
--------------------------------------------------------------------------------------------
2026-07-05 21:58 | WARNING  | robot_0 collided with obstacle_4 at state [7.2, 3.56, -0.25]
--------------------------------------------------------------------------------------------
setting actor output action_std to min_action_std :  0.1
--------------------------------------------------------------------------------------------
--------------------------------------------------------------------------------------------
setting actor output action_std to min_action_std :  0.1
--------------------------------------------------------------------------------------------
2026-07-05 21:58 | WARNING  | robot_0 collided with obstacle_4 at state [2.97, 1.52, 0.7]
--------------------------------------------------------------------------------------------
setting actor output action_std to min_action_std :  0.1
--------------------------------------------------------------------------------------------
--------------------------------------------------------------------------------------------
setting actor output action_std to min_action_std :  0.1
--------------------------------------------------------------------------------------------
--------------------------------------------------------------------------------------------
setting actor output action_std to min_action_std :  0.1
--------------------------------------------------------------------------------------------
--------------------------------------------------------------------------------------------
setting actor output action_std to min_action_std :  0.1
--------------------------------------------------------------------------------------------
--------------------------------------------------------------------------------------------
setting actor output action_std to min_action_std :  0.1
--------------------------------------------------------------------------------------------
2026-07-05 21:59 | WARNING  | robot_0 collided with obstacle_8 at state [9.83, 2.21, 0.07]
2026-07-05 21:59 | WARNING  | robot_0 collided with obstacle_3 at state [1.26, 6.08, -0.83]
--------------------------------------------------------------------------------------------
setting actor output action_std to min_action_std :  0.1
--------------------------------------------------------------------------------------------
2026-07-05 21:59 | WARNING  | robot_0 collided with obstacle_7 at state [7.24, 2.77, 0.51]
--------------------------------------------------------------------------------------------
setting actor output action_std to min_action_std :  0.1
--------------------------------------------------------------------------------------------
2026-07-05 21:59 | WARNING  | robot_0 collided with obstacle_4 at state [7.03, 2.33, 0.37]
--------------------------------------------------------------------------------------------
setting actor output action_std to min_action_std :  0.1
--------------------------------------------------------------------------------------------
2026-07-05 21:59 | WARNING  | robot_0 collided with obstacle_1 at state [4.58, 5.76, -2.22]
--------------------------------------------------------------------------------------------
setting actor output action_std to min_action_std :  0.1
--------------------------------------------------------------------------------------------
2026-07-05 21:59 | WARNING  | robot_0 collided with obstacle_3 at state [3.0, 3.08, 0.45]
--------------------------------------------------------------------------------------------
setting actor output action_std to min_action_std :  0.1
--------------------------------------------------------------------------------------------
--------------------------------------------------------------------------------------------
setting actor output action_std to min_action_std :  0.1
--------------------------------------------------------------------------------------------
..............................................
Epoch 53. Evaluating scenarios
2026-07-05 21:59 | WARNING  | robot_0 collided with obstacle_3 at state [1.69, 4.66, 0.38]
2026-07-05 22:00 | WARNING  | robot_0 collided with obstacle_8 at state [8.68, 0.11, -0.76]
Average Reward: -153.78076646086132
Average Collision rate: 0.2
Average Goal rate: 0.0
..............................................
--------------------------------------------------------------------------------------------
setting actor output action_std to min_action_std :  0.1
--------------------------------------------------------------------------------------------
2026-07-05 22:01 | WARNING  | robot_0 collided with obstacle_1 at state [2.05, 2.69, -1.62]
--------------------------------------------------------------------------------------------
setting actor output action_std to min_action_std :  0.1
--------------------------------------------------------------------------------------------
--------------------------------------------------------------------------------------------
setting actor output action_std to min_action_std :  0.1
--------------------------------------------------------------------------------------------
2026-07-05 22:01 | WARNING  | robot_0 collided with obstacle_3 at state [6.9, 9.67, 1.52]
--------------------------------------------------------------------------------------------
setting actor output action_std to min_action_std :  0.1
--------------------------------------------------------------------------------------------
--------------------------------------------------------------------------------------------
setting actor output action_std to min_action_std :  0.1
--------------------------------------------------------------------------------------------
--------------------------------------------------------------------------------------------
setting actor output action_std to min_action_std :  0.1
--------------------------------------------------------------------------------------------
--------------------------------------------------------------------------------------------
setting actor output action_std to min_action_std :  0.1
--------------------------------------------------------------------------------------------
2026-07-05 22:01 | WARNING  | robot_0 collided with obstacle_2 at state [6.43, 1.16, 0.1]
--------------------------------------------------------------------------------------------
setting actor output action_std to min_action_std :  0.1
--------------------------------------------------------------------------------------------
--------------------------------------------------------------------------------------------
setting actor output action_std to min_action_std :  0.1
--------------------------------------------------------------------------------------------
2026-07-05 22:02 | WARNING  | robot_0 collided with obstacle_5 at state [3.6, 4.09, -2.26]
--------------------------------------------------------------------------------------------
setting actor output action_std to min_action_std :  0.1
--------------------------------------------------------------------------------------------
2026-07-05 22:02 | WARNING  | robot_0 collided with obstacle_2 at state [9.72, 1.13, -1.14]
--------------------------------------------------------------------------------------------
setting actor output action_std to min_action_std :  0.1
--------------------------------------------------------------------------------------------
2026-07-05 22:02 | WARNING  | robot_0 collided with obstacle_5 at state [8.21, 3.89, -0.59]
2026-07-05 22:02 | WARNING  | robot_0 collided with obstacle_5 at state [8.4, 5.69, -1.49]
--------------------------------------------------------------------------------------------
setting actor output action_std to min_action_std :  0.1
--------------------------------------------------------------------------------------------
--------------------------------------------------------------------------------------------
setting actor output action_std to min_action_std :  0.1
--------------------------------------------------------------------------------------------
2026-07-05 22:02 | WARNING  | robot_0 collided with obstacle_7 at state [8.49, 1.35, -0.48]
--------------------------------------------------------------------------------------------
setting actor output action_std to min_action_std :  0.1
--------------------------------------------------------------------------------------------
2026-07-05 22:02 | WARNING  | robot_0 collided with obstacle_4 at state [4.67, 7.27, -1.0]
2026-07-05 22:02 | WARNING  | robot_0 collided with obstacle_2 at state [4.32, 5.0, -2.0]
--------------------------------------------------------------------------------------------
setting actor output action_std to min_action_std :  0.1
--------------------------------------------------------------------------------------------
--------------------------------------------------------------------------------------------
setting actor output action_std to min_action_std :  0.1
--------------------------------------------------------------------------------------------
2026-07-05 22:03 | WARNING  | robot_0 collided with obstacle_3 at state [6.19, 6.32, 2.73]
--------------------------------------------------------------------------------------------
setting actor output action_std to min_action_std :  0.1
--------------------------------------------------------------------------------------------
2026-07-05 22:03 | WARNING  | robot_0 collided with obstacle_6 at state [2.92, 2.72, -1.44]
--------------------------------------------------------------------------------------------
setting actor output action_std to min_action_std :  0.1
--------------------------------------------------------------------------------------------
2026-07-05 22:03 | WARNING  | robot_0 collided with obstacle_2 at state [6.11, 1.0, 0.51]
--------------------------------------------------------------------------------------------
setting actor output action_std to min_action_std :  0.1
--------------------------------------------------------------------------------------------
2026-07-05 22:03 | WARNING  | robot_0 collided with obstacle_2 at state [2.09, 8.25, -0.1]
--------------------------------------------------------------------------------------------
setting actor output action_std to min_action_std :  0.1
--------------------------------------------------------------------------------------------
--------------------------------------------------------------------------------------------
setting actor output action_std to min_action_std :  0.1
--------------------------------------------------------------------------------------------
--------------------------------------------------------------------------------------------
setting actor output action_std to min_action_std :  0.1
--------------------------------------------------------------------------------------------
2026-07-05 22:03 | WARNING  | robot_0 collided with obstacle_5 at state [7.87, 2.64, 0.02]
--------------------------------------------------------------------------------------------
setting actor output action_std to min_action_std :  0.1
--------------------------------------------------------------------------------------------
2026-07-05 22:03 | WARNING  | robot_0 collided with obstacle_4 at state [8.18, 4.12, -1.87]
--------------------------------------------------------------------------------------------
setting actor output action_std to min_action_std :  0.1
--------------------------------------------------------------------------------------------
2026-07-05 22:03 | WARNING  | robot_0 collided with obstacle_8 at state [9.81, 0.72, 0.03]
--------------------------------------------------------------------------------------------
setting actor output action_std to min_action_std :  0.1
--------------------------------------------------------------------------------------------
--------------------------------------------------------------------------------------------
setting actor output action_std to min_action_std :  0.1
--------------------------------------------------------------------------------------------
--------------------------------------------------------------------------------------------
setting actor output action_std to min_action_std :  0.1
--------------------------------------------------------------------------------------------
2026-07-05 22:04 | WARNING  | robot_0 collided with obstacle_5 at state [2.67, 1.13, 0.06]
--------------------------------------------------------------------------------------------
setting actor output action_std to min_action_std :  0.1
--------------------------------------------------------------------------------------------
2026-07-05 22:04 | WARNING  | robot_0 collided with obstacle_6 at state [5.44, 3.77, -0.24]
--------------------------------------------------------------------------------------------
setting actor output action_std to min_action_std :  0.1
--------------------------------------------------------------------------------------------
2026-07-05 22:04 | WARNING  | robot_0 collided with obstacle_7 at state [5.44, 2.38, -0.31]
--------------------------------------------------------------------------------------------
setting actor output action_std to min_action_std :  0.1
--------------------------------------------------------------------------------------------
--------------------------------------------------------------------------------------------
setting actor output action_std to min_action_std :  0.1
--------------------------------------------------------------------------------------------
2026-07-05 22:04 | WARNING  | robot_0 collided with obstacle_5 at state [8.92, 5.56, 2.41]
--------------------------------------------------------------------------------------------
setting actor output action_std to min_action_std :  0.1
--------------------------------------------------------------------------------------------
2026-07-05 22:04 | WARNING  | robot_0 collided with obstacle_3 at state [3.11, 5.85, 2.35]
2026-07-05 22:04 | WARNING  | robot_0 collided with obstacle_4 at state [7.05, 2.05, 0.13]
--------------------------------------------------------------------------------------------
setting actor output action_std to min_action_std :  0.1
--------------------------------------------------------------------------------------------
2026-07-05 22:04 | WARNING  | robot_0 collided with obstacle_8 at state [9.85, 0.77, -0.0]
2026-07-05 22:05 | WARNING  | robot_0 collided with obstacle_3 at state [3.39, 7.11, -0.5]
--------------------------------------------------------------------------------------------
setting actor output action_std to min_action_std :  0.1
--------------------------------------------------------------------------------------------
2026-07-05 22:05 | WARNING  | robot_0 collided with obstacle_3 at state [2.91, 3.84, -2.36]
..............................................
Epoch 54. Evaluating scenarios
2026-07-05 22:05 | WARNING  | robot_0 collided with obstacle_4 at state [1.41, 4.75, -0.37]
2026-07-05 22:05 | WARNING  | robot_0 collided with obstacle_4 at state [2.05, 7.35, -1.28]
Average Reward: -175.19883485496018
Average Collision rate: 0.2
Average Goal rate: 0.0
..............................................
2026-07-05 22:06 | WARNING  | robot_0 collided with obstacle_7 at state [5.14, 5.08, -0.02]
2026-07-05 22:06 | WARNING  | robot_0 collided with obstacle_4 at state [6.1, 1.09, 0.21]
--------------------------------------------------------------------------------------------
setting actor output action_std to min_action_std :  0.1
--------------------------------------------------------------------------------------------
--------------------------------------------------------------------------------------------
setting actor output action_std to min_action_std :  0.1
--------------------------------------------------------------------------------------------
--------------------------------------------------------------------------------------------
setting actor output action_std to min_action_std :  0.1
--------------------------------------------------------------------------------------------
--------------------------------------------------------------------------------------------
setting actor output action_std to min_action_std :  0.1
--------------------------------------------------------------------------------------------
2026-07-05 22:06 | WARNING  | robot_0 collided with obstacle_8 at state [9.87, 1.48, -0.02]
--------------------------------------------------------------------------------------------
setting actor output action_std to min_action_std :  0.1
--------------------------------------------------------------------------------------------
2026-07-05 22:06 | WARNING  | robot_0 collided with obstacle_3 at state [2.11, 2.12, -0.22]
--------------------------------------------------------------------------------------------
setting actor output action_std to min_action_std :  0.1
--------------------------------------------------------------------------------------------
--------------------------------------------------------------------------------------------
setting actor output action_std to min_action_std :  0.1
--------------------------------------------------------------------------------------------
2026-07-05 22:06 | WARNING  | robot_0 collided with obstacle_1 at state [7.82, 2.05, -0.31]
--------------------------------------------------------------------------------------------
setting actor output action_std to min_action_std :  0.1
--------------------------------------------------------------------------------------------
--------------------------------------------------------------------------------------------
setting actor output action_std to min_action_std :  0.1
--------------------------------------------------------------------------------------------
2026-07-05 22:07 | WARNING  | robot_0 collided with obstacle_4 at state [8.76, 3.42, 2.61]
--------------------------------------------------------------------------------------------
setting actor output action_std to min_action_std :  0.1
--------------------------------------------------------------------------------------------
--------------------------------------------------------------------------------------------
setting actor output action_std to min_action_std :  0.1
--------------------------------------------------------------------------------------------
2026-07-05 22:07 | WARNING  | robot_0 collided with obstacle_1 at state [3.49, 3.37, 0.28]
--------------------------------------------------------------------------------------------
setting actor output action_std to min_action_std :  0.1
--------------------------------------------------------------------------------------------
2026-07-05 22:07 | WARNING  | robot_0 collided with obstacle_3 at state [4.38, 4.06, -0.45]
--------------------------------------------------------------------------------------------
setting actor output action_std to min_action_std :  0.1
--------------------------------------------------------------------------------------------
--------------------------------------------------------------------------------------------
setting actor output action_std to min_action_std :  0.1
--------------------------------------------------------------------------------------------
--------------------------------------------------------------------------------------------
setting actor output action_std to min_action_std :  0.1
--------------------------------------------------------------------------------------------
2026-07-05 22:08 | WARNING  | robot_0 collided with obstacle_3 at state [5.58, 8.47, -0.78]
--------------------------------------------------------------------------------------------
setting actor output action_std to min_action_std :  0.1
--------------------------------------------------------------------------------------------
--------------------------------------------------------------------------------------------
setting actor output action_std to min_action_std :  0.1
--------------------------------------------------------------------------------------------
--------------------------------------------------------------------------------------------
setting actor output action_std to min_action_std :  0.1
--------------------------------------------------------------------------------------------
2026-07-05 22:08 | WARNING  | robot_0 collided with obstacle_2 at state [5.11, 7.49, -1.71]
2026-07-05 22:08 | WARNING  | robot_0 collided with obstacle_6 at state [5.44, 1.98, -0.61]
--------------------------------------------------------------------------------------------
setting actor output action_std to min_action_std :  0.1
--------------------------------------------------------------------------------------------
2026-07-05 22:08 | WARNING  | robot_0 collided with obstacle_4 at state [4.27, 3.39, 1.65]
--------------------------------------------------------------------------------------------
setting actor output action_std to min_action_std :  0.1
--------------------------------------------------------------------------------------------
--------------------------------------------------------------------------------------------
setting actor output action_std to min_action_std :  0.1
--------------------------------------------------------------------------------------------
--------------------------------------------------------------------------------------------
setting actor output action_std to min_action_std :  0.1
--------------------------------------------------------------------------------------------
2026-07-05 22:09 | WARNING  | robot_0 collided with obstacle_3 at state [3.19, 7.45, -1.45]
--------------------------------------------------------------------------------------------
setting actor output action_std to min_action_std :  0.1
--------------------------------------------------------------------------------------------
--------------------------------------------------------------------------------------------
setting actor output action_std to min_action_std :  0.1
--------------------------------------------------------------------------------------------
2026-07-05 22:09 | WARNING  | robot_0 collided with obstacle_6 at state [7.57, 7.45, -2.8]
--------------------------------------------------------------------------------------------
setting actor output action_std to min_action_std :  0.1
--------------------------------------------------------------------------------------------
2026-07-05 22:09 | WARNING  | robot_0 collided with obstacle_2 at state [7.97, 3.78, -1.8]
--------------------------------------------------------------------------------------------
setting actor output action_std to min_action_std :  0.1
--------------------------------------------------------------------------------------------
--------------------------------------------------------------------------------------------
setting actor output action_std to min_action_std :  0.1
--------------------------------------------------------------------------------------------
--------------------------------------------------------------------------------------------
setting actor output action_std to min_action_std :  0.1
--------------------------------------------------------------------------------------------
--------------------------------------------------------------------------------------------
setting actor output action_std to min_action_std :  0.1
--------------------------------------------------------------------------------------------
--------------------------------------------------------------------------------------------
setting actor output action_std to min_action_std :  0.1
--------------------------------------------------------------------------------------------
--------------------------------------------------------------------------------------------
setting actor output action_std to min_action_std :  0.1
--------------------------------------------------------------------------------------------
--------------------------------------------------------------------------------------------
setting actor output action_std to min_action_std :  0.1
--------------------------------------------------------------------------------------------
2026-07-05 22:10 | WARNING  | robot_0 collided with obstacle_1 at state [4.73, 7.11, -0.35]
--------------------------------------------------------------------------------------------
setting actor output action_std to min_action_std :  0.1
--------------------------------------------------------------------------------------------
2026-07-05 22:10 | WARNING  | robot_0 collided with obstacle_7 at state [3.23, 2.07, 0.17]
--------------------------------------------------------------------------------------------
setting actor output action_std to min_action_std :  0.1
--------------------------------------------------------------------------------------------
..............................................
Epoch 55. Evaluating scenarios
2026-07-05 22:10 | WARNING  | robot_0 collided with obstacle_7 at state [4.63, 2.51, 0.11]
2026-07-05 22:11 | WARNING  | robot_0 collided with obstacle_4 at state [4.25, 7.36, 3.03]
2026-07-05 22:11 | WARNING  | robot_0 collided with obstacle_7 at state [4.43, 1.75, 0.27]
Average Reward: -175.5618117108011
Average Collision rate: 0.3
Average Goal rate: 0.0
..............................................
--------------------------------------------------------------------------------------------
setting actor output action_std to min_action_std :  0.1
--------------------------------------------------------------------------------------------
2026-07-05 22:11 | WARNING  | robot_0 collided with obstacle_4 at state [7.07, 5.54, 0.06]
--------------------------------------------------------------------------------------------
setting actor output action_std to min_action_std :  0.1
--------------------------------------------------------------------------------------------
--------------------------------------------------------------------------------------------
setting actor output action_std to min_action_std :  0.1
--------------------------------------------------------------------------------------------
--------------------------------------------------------------------------------------------
setting actor output action_std to min_action_std :  0.1
--------------------------------------------------------------------------------------------
--------------------------------------------------------------------------------------------
setting actor output action_std to min_action_std :  0.1
--------------------------------------------------------------------------------------------
--------------------------------------------------------------------------------------------
setting actor output action_std to min_action_std :  0.1
--------------------------------------------------------------------------------------------
--------------------------------------------------------------------------------------------
setting actor output action_std to min_action_std :  0.1
--------------------------------------------------------------------------------------------
2026-07-05 22:12 | WARNING  | robot_0 collided with obstacle_5 at state [5.12, 6.14, -1.71]
--------------------------------------------------------------------------------------------
setting actor output action_std to min_action_std :  0.1
--------------------------------------------------------------------------------------------
2026-07-05 22:12 | WARNING  | robot_0 collided with obstacle_8 at state [9.81, 3.71, -1.02]
2026-07-05 22:12 | WARNING  | robot_0 collided with obstacle_2 at state [7.45, 1.73, 0.7]
--------------------------------------------------------------------------------------------
setting actor output action_std to min_action_std :  0.1
--------------------------------------------------------------------------------------------
2026-07-05 22:13 | WARNING  | robot_0 collided with obstacle_8 at state [9.9, 0.44, -0.04]
--------------------------------------------------------------------------------------------
setting actor output action_std to min_action_std :  0.1
--------------------------------------------------------------------------------------------
2026-07-05 22:13 | WARNING  | robot_0 collided with obstacle_3 at state [1.39, 7.97, 0.0]
--------------------------------------------------------------------------------------------
setting actor output action_std to min_action_std :  0.1
--------------------------------------------------------------------------------------------
2026-07-05 22:13 | WARNING  | robot_0 collided with obstacle_1 at state [4.11, 2.93, -1.49]
2026-07-05 22:13 | WARNING  | robot_0 collided with obstacle_5 at state [2.78, 2.54, 0.64]
--------------------------------------------------------------------------------------------
setting actor output action_std to min_action_std :  0.1
--------------------------------------------------------------------------------------------
--------------------------------------------------------------------------------------------
setting actor output action_std to min_action_std :  0.1
--------------------------------------------------------------------------------------------
2026-07-05 22:13 | WARNING  | robot_0 collided with obstacle_4 at state [4.57, 1.71, -0.65]
--------------------------------------------------------------------------------------------
setting actor output action_std to min_action_std :  0.1
--------------------------------------------------------------------------------------------
2026-07-05 22:13 | WARNING  | robot_0 collided with obstacle_3 at state [3.81, 4.05, 2.95]
--------------------------------------------------------------------------------------------
setting actor output action_std to min_action_std :  0.1
--------------------------------------------------------------------------------------------
--------------------------------------------------------------------------------------------
setting actor output action_std to min_action_std :  0.1
--------------------------------------------------------------------------------------------
2026-07-05 22:13 | WARNING  | robot_0 collided with obstacle_4 at state [3.2, 6.12, 0.41]
--------------------------------------------------------------------------------------------
setting actor output action_std to min_action_std :  0.1
--------------------------------------------------------------------------------------------
2026-07-05 22:13 | WARNING  | robot_0 collided with obstacle_3 at state [3.05, 4.91, -1.04]
--------------------------------------------------------------------------------------------
setting actor output action_std to min_action_std :  0.1
--------------------------------------------------------------------------------------------
2026-07-05 22:14 | WARNING  | robot_0 collided with obstacle_4 at state [8.89, 5.53, -0.08]
--------------------------------------------------------------------------------------------
setting actor output action_std to min_action_std :  0.1
--------------------------------------------------------------------------------------------
2026-07-05 22:14 | WARNING  | robot_0 collided with obstacle_5 at state [3.19, 6.62, -1.23]
--------------------------------------------------------------------------------------------
setting actor output action_std to min_action_std :  0.1
--------------------------------------------------------------------------------------------
2026-07-05 22:14 | WARNING  | robot_0 collided with obstacle_3 at state [8.14, 1.08, 0.04]
--------------------------------------------------------------------------------------------
setting actor output action_std to min_action_std :  0.1
--------------------------------------------------------------------------------------------
2026-07-05 22:14 | WARNING  | robot_0 collided with obstacle_3 at state [4.84, 5.39, -1.82]
--------------------------------------------------------------------------------------------
setting actor output action_std to min_action_std :  0.1
--------------------------------------------------------------------------------------------
2026-07-05 22:14 | WARNING  | robot_0 collided with obstacle_4 at state [6.1, 5.48, -0.48]
--------------------------------------------------------------------------------------------
setting actor output action_std to min_action_std :  0.1
--------------------------------------------------------------------------------------------
2026-07-05 22:14 | WARNING  | robot_0 collided with obstacle_7 at state [3.91, 7.56, -1.94]
--------------------------------------------------------------------------------------------
setting actor output action_std to min_action_std :  0.1
--------------------------------------------------------------------------------------------
--------------------------------------------------------------------------------------------
setting actor output action_std to min_action_std :  0.1
--------------------------------------------------------------------------------------------
--------------------------------------------------------------------------------------------
setting actor output action_std to min_action_std :  0.1
--------------------------------------------------------------------------------------------
--------------------------------------------------------------------------------------------
setting actor output action_std to min_action_std :  0.1
--------------------------------------------------------------------------------------------
--------------------------------------------------------------------------------------------
setting actor output action_std to min_action_std :  0.1
--------------------------------------------------------------------------------------------
2026-07-05 22:15 | WARNING  | robot_0 collided with obstacle_6 at state [7.84, 5.01, 0.16]
--------------------------------------------------------------------------------------------
setting actor output action_std to min_action_std :  0.1
--------------------------------------------------------------------------------------------
2026-07-05 22:15 | WARNING  | robot_0 collided with obstacle_4 at state [2.34, 3.05, -1.4]
--------------------------------------------------------------------------------------------
setting actor output action_std to min_action_std :  0.1
--------------------------------------------------------------------------------------------
2026-07-05 22:15 | WARNING  | robot_0 collided with obstacle_4 at state [8.42, 8.77, -0.43]
--------------------------------------------------------------------------------------------
setting actor output action_std to min_action_std :  0.1
--------------------------------------------------------------------------------------------
2026-07-05 22:15 | WARNING  | robot_0 collided with obstacle_2 at state [3.82, 2.82, -0.33]
--------------------------------------------------------------------------------------------
setting actor output action_std to min_action_std :  0.1
--------------------------------------------------------------------------------------------
--------------------------------------------------------------------------------------------
setting actor output action_std to min_action_std :  0.1
--------------------------------------------------------------------------------------------
--------------------------------------------------------------------------------------------
setting actor output action_std to min_action_std :  0.1
--------------------------------------------------------------------------------------------
..............................................
Epoch 56. Evaluating scenarios
2026-07-05 22:16 | WARNING  | robot_0 collided with obstacle_1 at state [8.74, 2.3, 0.97]
2026-07-05 22:16 | WARNING  | robot_0 collided with obstacle_1 at state [7.76, 3.91, -0.19]
Average Reward: -193.18265671895816
Average Collision rate: 0.2
Average Goal rate: 0.0
..............................................
--------------------------------------------------------------------------------------------
setting actor output action_std to min_action_std :  0.1
--------------------------------------------------------------------------------------------
--------------------------------------------------------------------------------------------
setting actor output action_std to min_action_std :  0.1
--------------------------------------------------------------------------------------------
--------------------------------------------------------------------------------------------
setting actor output action_std to min_action_std :  0.1
--------------------------------------------------------------------------------------------
--------------------------------------------------------------------------------------------
setting actor output action_std to min_action_std :  0.1
--------------------------------------------------------------------------------------------
2026-07-05 22:17 | WARNING  | robot_0 collided with obstacle_7 at state [8.2, 4.22, 1.88]
--------------------------------------------------------------------------------------------
setting actor output action_std to min_action_std :  0.1
--------------------------------------------------------------------------------------------
--------------------------------------------------------------------------------------------
setting actor output action_std to min_action_std :  0.1
--------------------------------------------------------------------------------------------
--------------------------------------------------------------------------------------------
setting actor output action_std to min_action_std :  0.1
--------------------------------------------------------------------------------------------
--------------------------------------------------------------------------------------------
setting actor output action_std to min_action_std :  0.1
--------------------------------------------------------------------------------------------
2026-07-05 22:18 | WARNING  | robot_0 collided with obstacle_5 at state [8.33, 6.15, 2.65]
--------------------------------------------------------------------------------------------
setting actor output action_std to min_action_std :  0.1
--------------------------------------------------------------------------------------------
--------------------------------------------------------------------------------------------
setting actor output action_std to min_action_std :  0.1
--------------------------------------------------------------------------------------------
2026-07-05 22:18 | WARNING  | robot_0 collided with obstacle_3 at state [2.07, 2.89, -1.72]
--------------------------------------------------------------------------------------------
setting actor output action_std to min_action_std :  0.1
--------------------------------------------------------------------------------------------
2026-07-05 22:18 | WARNING  | robot_0 collided with obstacle_2 at state [8.42, 3.52, 2.11]
--------------------------------------------------------------------------------------------
setting actor output action_std to min_action_std :  0.1
--------------------------------------------------------------------------------------------
--------------------------------------------------------------------------------------------
setting actor output action_std to min_action_std :  0.1
--------------------------------------------------------------------------------------------
--------------------------------------------------------------------------------------------
setting actor output action_std to min_action_std :  0.1
--------------------------------------------------------------------------------------------
--------------------------------------------------------------------------------------------
setting actor output action_std to min_action_std :  0.1
--------------------------------------------------------------------------------------------
--------------------------------------------------------------------------------------------
setting actor output action_std to min_action_std :  0.1
--------------------------------------------------------------------------------------------
--------------------------------------------------------------------------------------------
setting actor output action_std to min_action_std :  0.1
--------------------------------------------------------------------------------------------
2026-07-05 22:19 | WARNING  | robot_0 collided with obstacle_4 at state [3.67, 5.08, 0.05]
--------------------------------------------------------------------------------------------
setting actor output action_std to min_action_std :  0.1
--------------------------------------------------------------------------------------------
2026-07-05 22:19 | WARNING  | robot_0 collided with obstacle_4 at state [4.24, 3.57, -2.51]
--------------------------------------------------------------------------------------------
setting actor output action_std to min_action_std :  0.1
--------------------------------------------------------------------------------------------
--------------------------------------------------------------------------------------------
setting actor output action_std to min_action_std :  0.1
--------------------------------------------------------------------------------------------
--------------------------------------------------------------------------------------------
setting actor output action_std to min_action_std :  0.1
--------------------------------------------------------------------------------------------
2026-07-05 22:20 | WARNING  | robot_0 collided with obstacle_2 at state [4.22, 6.58, 0.3]
--------------------------------------------------------------------------------------------
setting actor output action_std to min_action_std :  0.1
--------------------------------------------------------------------------------------------
2026-07-05 22:20 | WARNING  | robot_0 collided with obstacle_1 at state [4.15, 4.61, -0.9]
--------------------------------------------------------------------------------------------
setting actor output action_std to min_action_std :  0.1
--------------------------------------------------------------------------------------------
--------------------------------------------------------------------------------------------
setting actor output action_std to min_action_std :  0.1
--------------------------------------------------------------------------------------------
2026-07-05 22:20 | WARNING  | robot_0 collided with obstacle_7 at state [2.72, 7.28, -1.06]
--------------------------------------------------------------------------------------------
setting actor output action_std to min_action_std :  0.1
--------------------------------------------------------------------------------------------
2026-07-05 22:20 | WARNING  | robot_0 collided with obstacle_7 at state [5.51, 5.34, 0.35]
--------------------------------------------------------------------------------------------
setting actor output action_std to min_action_std :  0.1
--------------------------------------------------------------------------------------------
--------------------------------------------------------------------------------------------
setting actor output action_std to min_action_std :  0.1
--------------------------------------------------------------------------------------------
2026-07-05 22:21 | WARNING  | robot_0 collided with obstacle_2 at state [5.34, 5.78, 1.19]
--------------------------------------------------------------------------------------------
setting actor output action_std to min_action_std :  0.1
--------------------------------------------------------------------------------------------
2026-07-05 22:21 | WARNING  | robot_0 collided with obstacle_4 at state [6.18, 6.22, -1.8]
--------------------------------------------------------------------------------------------
setting actor output action_std to min_action_std :  0.1
--------------------------------------------------------------------------------------------
--------------------------------------------------------------------------------------------
setting actor output action_std to min_action_std :  0.1
--------------------------------------------------------------------------------------------
--------------------------------------------------------------------------------------------
setting actor output action_std to min_action_std :  0.1
--------------------------------------------------------------------------------------------
2026-07-05 22:21 | WARNING  | robot_0 collided with obstacle_2 at state [5.56, 5.93, -0.51]
2026-07-05 22:21 | WARNING  | robot_0 collided with obstacle_7 at state [4.99, 4.04, 2.87]
--------------------------------------------------------------------------------------------
setting actor output action_std to min_action_std :  0.1
--------------------------------------------------------------------------------------------
--------------------------------------------------------------------------------------------
setting actor output action_std to min_action_std :  0.1
--------------------------------------------------------------------------------------------
--------------------------------------------------------------------------------------------
setting actor output action_std to min_action_std :  0.1
--------------------------------------------------------------------------------------------
..............................................
Epoch 57. Evaluating scenarios
2026-07-05 22:22 | WARNING  | robot_0 collided with obstacle_2 at state [5.48, 3.16, -0.76]
2026-07-05 22:22 | WARNING  | robot_0 collided with obstacle_2 at state [6.46, 4.68, 0.03]
2026-07-05 22:22 | WARNING  | robot_0 collided with obstacle_4 at state [3.13, 6.47, 2.07]
2026-07-05 22:23 | WARNING  | robot_0 collided with obstacle_8 at state [9.8, 3.32, 1.42]
Average Reward: -119.23377202730282
Average Collision rate: 0.4
Average Goal rate: 0.0
..............................................
2026-07-05 22:23 | WARNING  | robot_0 collided with obstacle_5 at state [5.39, 2.15, -0.15]
--------------------------------------------------------------------------------------------
setting actor output action_std to min_action_std :  0.1
--------------------------------------------------------------------------------------------
2026-07-05 22:23 | WARNING  | robot_0 collided with obstacle_2 at state [3.7, 2.91, -0.95]
--------------------------------------------------------------------------------------------
setting actor output action_std to min_action_std :  0.1
--------------------------------------------------------------------------------------------
--------------------------------------------------------------------------------------------
setting actor output action_std to min_action_std :  0.1
--------------------------------------------------------------------------------------------
--------------------------------------------------------------------------------------------
setting actor output action_std to min_action_std :  0.1
--------------------------------------------------------------------------------------------
2026-07-05 22:23 | WARNING  | robot_0 collided with obstacle_7 at state [3.65, 2.26, -0.32]
2026-07-05 22:23 | WARNING  | robot_0 collided with obstacle_5 at state [8.11, 7.97, -2.58]
--------------------------------------------------------------------------------------------
setting actor output action_std to min_action_std :  0.1
--------------------------------------------------------------------------------------------
2026-07-05 22:23 | WARNING  | robot_0 collided with obstacle_4 at state [4.87, 2.24, 0.49]
--------------------------------------------------------------------------------------------
setting actor output action_std to min_action_std :  0.1
--------------------------------------------------------------------------------------------
--------------------------------------------------------------------------------------------
setting actor output action_std to min_action_std :  0.1
--------------------------------------------------------------------------------------------
--------------------------------------------------------------------------------------------
setting actor output action_std to min_action_std :  0.1
--------------------------------------------------------------------------------------------
--------------------------------------------------------------------------------------------
setting actor output action_std to min_action_std :  0.1
--------------------------------------------------------------------------------------------
2026-07-05 22:24 | WARNING  | robot_0 collided with obstacle_1 at state [6.58, 6.4, -1.81]
--------------------------------------------------------------------------------------------
setting actor output action_std to min_action_std :  0.1
--------------------------------------------------------------------------------------------
2026-07-05 22:24 | WARNING  | robot_0 collided with obstacle_3 at state [1.88, 7.78, -0.71]
--------------------------------------------------------------------------------------------
setting actor output action_std to min_action_std :  0.1
--------------------------------------------------------------------------------------------
2026-07-05 22:24 | WARNING  | robot_0 collided with obstacle_4 at state [6.93, 2.55, -1.4]
2026-07-05 22:24 | WARNING  | robot_0 collided with obstacle_4 at state [4.17, 2.76, 0.57]
--------------------------------------------------------------------------------------------
setting actor output action_std to min_action_std :  0.1
--------------------------------------------------------------------------------------------
2026-07-05 22:24 | WARNING  | robot_0 collided with obstacle_3 at state [2.81, 3.18, -0.03]
--------------------------------------------------------------------------------------------
setting actor output action_std to min_action_std :  0.1
--------------------------------------------------------------------------------------------
--------------------------------------------------------------------------------------------
setting actor output action_std to min_action_std :  0.1
--------------------------------------------------------------------------------------------
--------------------------------------------------------------------------------------------
setting actor output action_std to min_action_std :  0.1
--------------------------------------------------------------------------------------------
2026-07-05 22:24 | WARNING  | robot_0 collided with obstacle_4 at state [7.94, 3.67, -2.21]
--------------------------------------------------------------------------------------------
setting actor output action_std to min_action_std :  0.1
--------------------------------------------------------------------------------------------
--------------------------------------------------------------------------------------------
setting actor output action_std to min_action_std :  0.1
--------------------------------------------------------------------------------------------
2026-07-05 22:25 | WARNING  | robot_0 collided with obstacle_4 at state [6.83, 5.4, -0.09]
--------------------------------------------------------------------------------------------
setting actor output action_std to min_action_std :  0.1
--------------------------------------------------------------------------------------------
2026-07-05 22:25 | WARNING  | robot_0 collided with obstacle_4 at state [5.62, 7.56, 2.7]
--------------------------------------------------------------------------------------------
setting actor output action_std to min_action_std :  0.1
--------------------------------------------------------------------------------------------
--------------------------------------------------------------------------------------------
setting actor output action_std to min_action_std :  0.1
--------------------------------------------------------------------------------------------
2026-07-05 22:25 | WARNING  | robot_0 collided with obstacle_4 at state [8.98, 6.83, 0.61]
--------------------------------------------------------------------------------------------
setting actor output action_std to min_action_std :  0.1
--------------------------------------------------------------------------------------------
2026-07-05 22:25 | WARNING  | robot_0 collided with obstacle_5 at state [8.11, 1.12, 0.56]
--------------------------------------------------------------------------------------------
setting actor output action_std to min_action_std :  0.1
--------------------------------------------------------------------------------------------
--------------------------------------------------------------------------------------------
setting actor output action_std to min_action_std :  0.1
--------------------------------------------------------------------------------------------
2026-07-05 22:25 | WARNING  | robot_0 collided with obstacle_4 at state [5.6, 6.0, -2.85]
--------------------------------------------------------------------------------------------
setting actor output action_std to min_action_std :  0.1
--------------------------------------------------------------------------------------------
--------------------------------------------------------------------------------------------
setting actor output action_std to min_action_std :  0.1
--------------------------------------------------------------------------------------------
2026-07-05 22:26 | WARNING  | robot_0 collided with obstacle_3 at state [2.33, 2.47, 0.54]
--------------------------------------------------------------------------------------------
setting actor output action_std to min_action_std :  0.1
--------------------------------------------------------------------------------------------
2026-07-05 22:26 | WARNING  | robot_0 collided with obstacle_2 at state [4.13, 4.87, -0.07]
--------------------------------------------------------------------------------------------
setting actor output action_std to min_action_std :  0.1
--------------------------------------------------------------------------------------------
--------------------------------------------------------------------------------------------
setting actor output action_std to min_action_std :  0.1
--------------------------------------------------------------------------------------------
2026-07-05 22:26 | WARNING  | robot_0 collided with obstacle_3 at state [1.59, 7.74, 0.0]
--------------------------------------------------------------------------------------------
setting actor output action_std to min_action_std :  0.1
--------------------------------------------------------------------------------------------
--------------------------------------------------------------------------------------------
setting actor output action_std to min_action_std :  0.1
--------------------------------------------------------------------------------------------
2026-07-05 22:26 | WARNING  | robot_0 collided with obstacle_2 at state [3.92, 4.11, 0.42]
2026-07-05 22:26 | WARNING  | robot_0 collided with obstacle_3 at state [5.35, 7.12, 0.3]
--------------------------------------------------------------------------------------------
setting actor output action_std to min_action_std :  0.1
--------------------------------------------------------------------------------------------
--------------------------------------------------------------------------------------------
setting actor output action_std to min_action_std :  0.1
--------------------------------------------------------------------------------------------
--------------------------------------------------------------------------------------------
setting actor output action_std to min_action_std :  0.1
--------------------------------------------------------------------------------------------
--------------------------------------------------------------------------------------------
setting actor output action_std to min_action_std :  0.1
--------------------------------------------------------------------------------------------
2026-07-05 22:27 | WARNING  | robot_0 collided with obstacle_3 at state [8.2, 5.89, -0.8]
..............................................
Epoch 58. Evaluating scenarios
2026-07-05 22:27 | WARNING  | robot_0 collided with obstacle_2 at state [6.99, 7.01, 2.19]
2026-07-05 22:27 | WARNING  | robot_0 collided with obstacle_5 at state [6.99, 7.01, 2.19]
2026-07-05 22:27 | WARNING  | robot_0 collided with obstacle_4 at state [7.53, 3.49, 0.69]
2026-07-05 22:28 | WARNING  | robot_0 collided with obstacle_2 at state [2.79, 2.86, -0.51]
Average Reward: -118.37833715564575
Average Collision rate: 0.3
Average Goal rate: 0.1
..............................................
2026-07-05 22:28 | WARNING  | robot_0 collided with obstacle_2 at state [5.98, 2.71, 0.02]
--------------------------------------------------------------------------------------------
setting actor output action_std to min_action_std :  0.1
--------------------------------------------------------------------------------------------
2026-07-05 22:28 | WARNING  | robot_0 collided with obstacle_6 at state [3.66, 8.27, -2.56]
2026-07-05 22:28 | WARNING  | robot_0 collided with obstacle_5 at state [6.64, 5.06, -2.24]
--------------------------------------------------------------------------------------------
setting actor output action_std to min_action_std :  0.1
--------------------------------------------------------------------------------------------
--------------------------------------------------------------------------------------------
setting actor output action_std to min_action_std :  0.1
--------------------------------------------------------------------------------------------
--------------------------------------------------------------------------------------------
setting actor output action_std to min_action_std :  0.1
--------------------------------------------------------------------------------------------
2026-07-05 22:28 | WARNING  | robot_0 collided with obstacle_7 at state [5.56, 4.58, -2.01]
--------------------------------------------------------------------------------------------
setting actor output action_std to min_action_std :  0.1
--------------------------------------------------------------------------------------------
2026-07-05 22:28 | WARNING  | robot_0 collided with obstacle_7 at state [4.23, 2.39, 0.48]
2026-07-05 22:28 | WARNING  | robot_0 collided with obstacle_2 at state [7.8, 6.4, -1.32]
--------------------------------------------------------------------------------------------
setting actor output action_std to min_action_std :  0.1
--------------------------------------------------------------------------------------------
2026-07-05 22:28 | WARNING  | robot_0 collided with obstacle_5 at state [3.54, 3.13, -2.22]
--------------------------------------------------------------------------------------------
setting actor output action_std to min_action_std :  0.1
--------------------------------------------------------------------------------------------
--------------------------------------------------------------------------------------------
setting actor output action_std to min_action_std :  0.1
--------------------------------------------------------------------------------------------
2026-07-05 22:29 | WARNING  | robot_0 collided with obstacle_3 at state [5.72, 8.43, -3.12]
--------------------------------------------------------------------------------------------
setting actor output action_std to min_action_std :  0.1
--------------------------------------------------------------------------------------------
2026-07-05 22:29 | WARNING  | robot_0 collided with obstacle_4 at state [6.44, 7.2, -1.17]
--------------------------------------------------------------------------------------------
setting actor output action_std to min_action_std :  0.1
--------------------------------------------------------------------------------------------
--------------------------------------------------------------------------------------------
setting actor output action_std to min_action_std :  0.1
--------------------------------------------------------------------------------------------
--------------------------------------------------------------------------------------------
setting actor output action_std to min_action_std :  0.1
--------------------------------------------------------------------------------------------
2026-07-05 22:29 | WARNING  | robot_0 collided with obstacle_4 at state [3.69, 2.82, 0.5]
--------------------------------------------------------------------------------------------
setting actor output action_std to min_action_std :  0.1
--------------------------------------------------------------------------------------------
2026-07-05 22:29 | WARNING  | robot_0 collided with obstacle_2 at state [6.9, 7.15, 0.14]
--------------------------------------------------------------------------------------------
setting actor output action_std to min_action_std :  0.1
--------------------------------------------------------------------------------------------
2026-07-05 22:30 | WARNING  | robot_0 collided with obstacle_2 at state [3.13, 2.31, -3.06]
--------------------------------------------------------------------------------------------
setting actor output action_std to min_action_std :  0.1
--------------------------------------------------------------------------------------------
2026-07-05 22:30 | WARNING  | robot_0 collided with obstacle_4 at state [3.78, 4.1, -0.44]
--------------------------------------------------------------------------------------------
setting actor output action_std to min_action_std :  0.1
--------------------------------------------------------------------------------------------
2026-07-05 22:30 | WARNING  | robot_0 collided with obstacle_5 at state [3.18, 5.31, 0.12]
--------------------------------------------------------------------------------------------
setting actor output action_std to min_action_std :  0.1
--------------------------------------------------------------------------------------------
2026-07-05 22:30 | WARNING  | robot_0 collided with obstacle_5 at state [4.74, 1.83, 0.07]
--------------------------------------------------------------------------------------------
setting actor output action_std to min_action_std :  0.1
--------------------------------------------------------------------------------------------
2026-07-05 22:30 | WARNING  | robot_0 collided with obstacle_7 at state [8.56, 4.12, -0.11]
2026-07-05 22:30 | WARNING  | robot_0 collided with obstacle_2 at state [4.18, 6.7, -0.33]
--------------------------------------------------------------------------------------------
setting actor output action_std to min_action_std :  0.1
--------------------------------------------------------------------------------------------
--------------------------------------------------------------------------------------------
setting actor output action_std to min_action_std :  0.1
--------------------------------------------------------------------------------------------
--------------------------------------------------------------------------------------------
setting actor output action_std to min_action_std :  0.1
--------------------------------------------------------------------------------------------
2026-07-05 22:30 | WARNING  | robot_0 collided with obstacle_4 at state [7.89, 4.89, 1.54]
--------------------------------------------------------------------------------------------
setting actor output action_std to min_action_std :  0.1
--------------------------------------------------------------------------------------------
2026-07-05 22:30 | WARNING  | robot_0 collided with obstacle_3 at state [2.2, 2.12, -1.01]
--------------------------------------------------------------------------------------------
setting actor output action_std to min_action_std :  0.1
--------------------------------------------------------------------------------------------
2026-07-05 22:31 | WARNING  | robot_0 collided with obstacle_3 at state [7.26, 3.04, -1.68]
2026-07-05 22:31 | WARNING  | robot_0 collided with obstacle_5 at state [4.1, 5.85, 0.19]
--------------------------------------------------------------------------------------------
setting actor output action_std to min_action_std :  0.1
--------------------------------------------------------------------------------------------
--------------------------------------------------------------------------------------------
setting actor output action_std to min_action_std :  0.1
--------------------------------------------------------------------------------------------
--------------------------------------------------------------------------------------------
setting actor output action_std to min_action_std :  0.1
--------------------------------------------------------------------------------------------
--------------------------------------------------------------------------------------------
setting actor output action_std to min_action_std :  0.1
--------------------------------------------------------------------------------------------
--------------------------------------------------------------------------------------------
setting actor output action_std to min_action_std :  0.1
--------------------------------------------------------------------------------------------
--------------------------------------------------------------------------------------------
setting actor output action_std to min_action_std :  0.1
--------------------------------------------------------------------------------------------
--------------------------------------------------------------------------------------------
setting actor output action_std to min_action_std :  0.1
--------------------------------------------------------------------------------------------
2026-07-05 22:32 | WARNING  | robot_0 collided with obstacle_2 at state [5.69, 4.11, 0.08]
--------------------------------------------------------------------------------------------
setting actor output action_std to min_action_std :  0.1
--------------------------------------------------------------------------------------------
--------------------------------------------------------------------------------------------
setting actor output action_std to min_action_std :  0.1
--------------------------------------------------------------------------------------------
2026-07-05 22:32 | WARNING  | robot_0 collided with obstacle_4 at state [5.57, 7.61, -1.48]
--------------------------------------------------------------------------------------------
setting actor output action_std to min_action_std :  0.1
--------------------------------------------------------------------------------------------
--------------------------------------------------------------------------------------------
setting actor output action_std to min_action_std :  0.1
--------------------------------------------------------------------------------------------
..............................................
Epoch 59. Evaluating scenarios
2026-07-05 22:33 | WARNING  | robot_0 collided with obstacle_1 at state [2.83, 7.27, -0.42]
Average Reward: -173.0613066136158
Average Collision rate: 0.1
Average Goal rate: 0.0
..............................................
2026-07-05 22:33 | WARNING  | robot_0 collided with obstacle_5 at state [5.72, 5.39, 3.13]
2026-07-05 22:33 | WARNING  | robot_0 collided with obstacle_4 at state [3.99, 8.73, 0.56]
--------------------------------------------------------------------------------------------
setting actor output action_std to min_action_std :  0.1
--------------------------------------------------------------------------------------------
--------------------------------------------------------------------------------------------
setting actor output action_std to min_action_std :  0.1
--------------------------------------------------------------------------------------------
2026-07-05 22:34 | WARNING  | robot_0 collided with obstacle_2 at state [8.63, 4.49, 0.0]
--------------------------------------------------------------------------------------------
setting actor output action_std to min_action_std :  0.1
--------------------------------------------------------------------------------------------
2026-07-05 22:34 | WARNING  | robot_0 collided with obstacle_4 at state [6.7, 7.32, 2.46]
--------------------------------------------------------------------------------------------
setting actor output action_std to min_action_std :  0.1
--------------------------------------------------------------------------------------------
2026-07-05 22:34 | WARNING  | robot_0 collided with obstacle_4 at state [4.42, 5.41, -1.51]
2026-07-05 22:34 | WARNING  | robot_0 collided with obstacle_2 at state [7.43, 4.99, -2.13]
--------------------------------------------------------------------------------------------
setting actor output action_std to min_action_std :  0.1
--------------------------------------------------------------------------------------------
--------------------------------------------------------------------------------------------
setting actor output action_std to min_action_std :  0.1
--------------------------------------------------------------------------------------------
2026-07-05 22:34 | WARNING  | robot_0 collided with obstacle_5 at state [7.36, 4.94, -3.0]
--------------------------------------------------------------------------------------------
setting actor output action_std to min_action_std :  0.1
--------------------------------------------------------------------------------------------
2026-07-05 22:34 | WARNING  | robot_0 collided with obstacle_3 at state [2.42, 1.43, 0.26]
--------------------------------------------------------------------------------------------
setting actor output action_std to min_action_std :  0.1
--------------------------------------------------------------------------------------------
--------------------------------------------------------------------------------------------
setting actor output action_std to min_action_std :  0.1
--------------------------------------------------------------------------------------------
--------------------------------------------------------------------------------------------
setting actor output action_std to min_action_std :  0.1
--------------------------------------------------------------------------------------------
2026-07-05 22:35 | WARNING  | robot_0 collided with obstacle_1 at state [5.07, 7.05, -0.3]
--------------------------------------------------------------------------------------------
setting actor output action_std to min_action_std :  0.1
--------------------------------------------------------------------------------------------
--------------------------------------------------------------------------------------------
setting actor output action_std to min_action_std :  0.1
--------------------------------------------------------------------------------------------
--------------------------------------------------------------------------------------------
setting actor output action_std to min_action_std :  0.1
--------------------------------------------------------------------------------------------
--------------------------------------------------------------------------------------------
setting actor output action_std to min_action_std :  0.1
--------------------------------------------------------------------------------------------
--------------------------------------------------------------------------------------------
setting actor output action_std to min_action_std :  0.1
--------------------------------------------------------------------------------------------
--------------------------------------------------------------------------------------------
setting actor output action_std to min_action_std :  0.1
--------------------------------------------------------------------------------------------
--------------------------------------------------------------------------------------------
setting actor output action_std to min_action_std :  0.1
--------------------------------------------------------------------------------------------
--------------------------------------------------------------------------------------------
setting actor output action_std to min_action_std :  0.1
--------------------------------------------------------------------------------------------
--------------------------------------------------------------------------------------------
setting actor output action_std to min_action_std :  0.1
--------------------------------------------------------------------------------------------
--------------------------------------------------------------------------------------------
setting actor output action_std to min_action_std :  0.1
--------------------------------------------------------------------------------------------
2026-07-05 22:36 | WARNING  | robot_0 collided with obstacle_6 at state [4.55, 6.08, -0.91]
--------------------------------------------------------------------------------------------
setting actor output action_std to min_action_std :  0.1
--------------------------------------------------------------------------------------------
2026-07-05 22:36 | WARNING  | robot_0 collided with obstacle_3 at state [1.86, 7.17, -1.11]
--------------------------------------------------------------------------------------------
setting actor output action_std to min_action_std :  0.1
--------------------------------------------------------------------------------------------
--------------------------------------------------------------------------------------------
setting actor output action_std to min_action_std :  0.1
--------------------------------------------------------------------------------------------
--------------------------------------------------------------------------------------------
setting actor output action_std to min_action_std :  0.1
--------------------------------------------------------------------------------------------
--------------------------------------------------------------------------------------------
setting actor output action_std to min_action_std :  0.1
--------------------------------------------------------------------------------------------
2026-07-05 22:37 | WARNING  | robot_0 collided with obstacle_2 at state [6.02, 3.17, 0.26]
2026-07-05 22:37 | WARNING  | robot_0 collided with obstacle_3 at state [3.21, 2.75, 2.29]
--------------------------------------------------------------------------------------------
setting actor output action_std to min_action_std :  0.1
--------------------------------------------------------------------------------------------
2026-07-05 22:37 | WARNING  | robot_0 collided with obstacle_3 at state [7.83, 3.02, 1.67]
--------------------------------------------------------------------------------------------
setting actor output action_std to min_action_std :  0.1
--------------------------------------------------------------------------------------------
--------------------------------------------------------------------------------------------
setting actor output action_std to min_action_std :  0.1
--------------------------------------------------------------------------------------------
2026-07-05 22:37 | WARNING  | robot_0 collided with obstacle_4 at state [2.19, 2.3, 0.27]
2026-07-05 22:37 | WARNING  | robot_0 collided with obstacle_5 at state [7.99, 2.28, -1.09]
--------------------------------------------------------------------------------------------
setting actor output action_std to min_action_std :  0.1
--------------------------------------------------------------------------------------------
2026-07-05 22:37 | WARNING  | robot_0 collided with obstacle_5 at state [5.13, 3.41, 0.45]
--------------------------------------------------------------------------------------------
setting actor output action_std to min_action_std :  0.1
--------------------------------------------------------------------------------------------
--------------------------------------------------------------------------------------------
setting actor output action_std to min_action_std :  0.1
--------------------------------------------------------------------------------------------
2026-07-05 22:38 | WARNING  | robot_0 collided with obstacle_4 at state [4.1, 2.44, -0.46]
--------------------------------------------------------------------------------------------
setting actor output action_std to min_action_std :  0.1
--------------------------------------------------------------------------------------------
--------------------------------------------------------------------------------------------
setting actor output action_std to min_action_std :  0.1
--------------------------------------------------------------------------------------------
--------------------------------------------------------------------------------------------
setting actor output action_std to min_action_std :  0.1
--------------------------------------------------------------------------------------------
..............................................
Epoch 60. Evaluating scenarios
2026-07-05 22:38 | WARNING  | robot_0 collided with obstacle_5 at state [4.53, 4.42, -0.34]
2026-07-05 22:38 | WARNING  | robot_0 collided with obstacle_1 at state [4.23, 7.01, -1.07]
Average Reward: -203.18026603684092
Average Collision rate: 0.2
Average Goal rate: 0.0
..............................................
